is_parallel_safe,trip_count,nesting_depth,flops_per_iter,total_flops,memory_footprint_bytes,arithmetic_intensity,data_reuse_ratio,coalescing_efficiency,stride_regularity,branch_divergence_count,has_reduction,hw_type_code,bus_bandwidth_gbps,peak_tflops,unified_memory,t_cpu_ms,t_gpu_ms,speedup,is_profitable
1.0,32768.0,3.0,11.0,65536.0,12288.0,5.333333333333333,1.0,1.0,0.5,0.0,1.0,0.0,51.2,3.8,1.0,0.01818,0.13316,0.1365274857314509,0
1.0,262144.0,3.0,11.0,524288.0,49152.0,10.666666666666666,1.0,1.0,0.5,0.0,1.0,0.0,51.2,3.8,1.0,0.05978,0.19612,0.3048133795635325,0
1.0,2097152.0,3.0,11.0,4194304.0,196608.0,21.33333333333333,1.0,1.0,0.5,0.0,1.0,0.0,51.2,3.8,1.0,1.01366,1.18978,0.851972633596127,0
1.0,16777216.0,3.0,11.0,33554432.0,786432.0,42.66666666666666,1.0,1.0,0.5,0.0,1.0,0.0,51.2,3.8,1.0,7.92106,7.0564,1.1225355705458877,1
1.0,134217728.0,3.0,11.0,268435456.0,3145728.0,85.33333333333333,1.0,1.0,0.5,0.0,1.0,0.0,51.2,3.8,1.0,102.64074,77.1424,1.3305359957688638,1
1.0,1073741824.0,3.0,11.0,2147483648.0,12582912.0,170.66666666666666,1.0,1.0,0.5,0.0,1.0,0.0,51.2,3.8,1.0,2266.98768,835.8838,2.712084717995492,1
1.0,3623878656.0,3.0,11.0,7247757312.0,28311552.0,256.0,1.0,1.0,0.5,0.0,1.0,0.0,51.2,3.8,1.0,3243.7238,1845.67158,1.7574761594367727,1
1.0,32768.0,3.0,8.0,65536.0,12288.0,5.333333333333333,1.0,1.0,0.5,0.0,1.0,0.0,51.2,3.8,1.0,0.0648,0.28286,0.2290885950646963,0
1.0,262144.0,3.0,8.0,524288.0,49152.0,10.666666666666666,1.0,1.0,0.5,0.0,1.0,0.0,51.2,3.8,1.0,0.54766,0.32102,1.7059996261915145,1
1.0,2097152.0,3.0,8.0,4194304.0,196608.0,21.33333333333333,1.0,1.0,0.5,0.0,1.0,0.0,51.2,3.8,1.0,7.53418,1.74216,4.324620011939202,1
1.0,16777216.0,3.0,8.0,33554432.0,786432.0,42.66666666666666,1.0,1.0,0.5,0.0,1.0,0.0,51.2,3.8,1.0,62.74288,10.30002,6.09152991935938,1
1.0,134217728.0,3.0,8.0,268435456.0,3145728.0,85.33333333333333,1.0,1.0,0.5,0.0,1.0,0.0,51.2,3.8,1.0,1119.77572,138.5389,8.082753075129078,1
1.0,1073741824.0,3.0,8.0,2147483648.0,12582912.0,170.66666666666666,1.0,1.0,0.5,0.0,1.0,0.0,51.2,3.8,1.0,22756.24644,1144.06066,19.89076911358878,1
1.0,4096.0,2.0,12.0,49152.0,49152.0,1.0,1.0,1.0,0.5,0.0,1.0,0.0,51.2,3.8,1.0,0.0548,0.16482,0.3324839218541439,0
1.0,16384.0,2.0,12.0,196608.0,196608.0,1.0,1.0,1.0,0.5,0.0,1.0,0.0,51.2,3.8,1.0,0.28538,0.46426,0.6146986602334898,0
1.0,65536.0,2.0,12.0,786432.0,786432.0,1.0,1.0,1.0,0.5,0.0,1.0,0.0,51.2,3.8,1.0,1.02952,0.51832,1.986263312239543,1
1.0,262144.0,2.0,12.0,3145728.0,3145728.0,1.0,1.0,1.0,0.5,0.0,1.0,0.0,51.2,3.8,1.0,4.31234,2.1894,1.9696446515026944,1
1.0,1048576.0,2.0,12.0,12582912.0,12582912.0,1.0,1.0,1.0,0.5,0.0,1.0,0.0,51.2,3.8,1.0,17.7402,7.7749,2.28172709616844,1
1.0,4194304.0,2.0,12.0,50331648.0,50331648.0,1.0,1.0,1.0,0.5,0.0,1.0,0.0,51.2,3.8,1.0,67.1461,27.91024,2.4057872666089577,1
1.0,16777216.0,2.0,12.0,201326592.0,201326592.0,1.0,1.0,1.0,0.5,0.0,1.0,0.0,51.2,3.8,1.0,275.54156,61.77002,4.4607652709194525,1
1.0,4096.0,2.0,21.0,86016.0,49152.0,1.75,1.0,1.0,0.5,0.0,0.0,0.0,51.2,3.8,1.0,0.004,0.13788,0.0290107339715694,0
1.0,16384.0,2.0,21.0,344064.0,196608.0,1.75,1.0,1.0,0.5,0.0,0.0,0.0,51.2,3.8,1.0,0.02472,0.13606,0.1816845509334117,0
1.0,65536.0,2.0,21.0,1376256.0,786432.0,1.75,1.0,1.0,0.5,0.0,0.0,0.0,51.2,3.8,1.0,0.08832,0.15964,0.553244800801804,0
1.0,262144.0,2.0,21.0,5505024.0,3145728.0,1.75,1.0,1.0,0.5,0.0,0.0,0.0,51.2,3.8,1.0,0.41362,0.20412,2.0263570448755632,1
1.0,1048576.0,2.0,21.0,22020096.0,12582912.0,1.75,1.0,1.0,0.5,0.0,0.0,0.0,51.2,3.8,1.0,1.12962,0.53926,2.094759485220488,1
1.0,4194304.0,2.0,21.0,88080384.0,50331648.0,1.75,1.0,1.0,0.5,0.0,0.0,0.0,51.2,3.8,1.0,6.38014,2.82918,2.2551198580507426,1
1.0,16777216.0,2.0,21.0,352321536.0,201326592.0,1.75,1.0,1.0,0.5,0.0,0.0,0.0,51.2,3.8,1.0,22.07378,7.67202,2.877179673671341,1
1.0,1024.0,1.0,1.0,1024.0,12288.0,0.0833333333333333,1.0,1.0,1.0,0.0,0.0,0.0,51.2,3.8,1.0,0.00016,0.15402,0.001038826126477,0
1.0,8192.0,1.0,1.0,8192.0,98304.0,0.0833333333333333,1.0,1.0,1.0,0.0,0.0,0.0,51.2,3.8,1.0,0.0013,0.14156,0.0091833851370443,0
1.0,65536.0,1.0,1.0,65536.0,786432.0,0.0833333333333333,1.0,1.0,1.0,0.0,0.0,0.0,51.2,3.8,1.0,0.0123,0.1394,0.088235294117647,0
1.0,524288.0,1.0,1.0,524288.0,6291456.0,0.0833333333333333,1.0,1.0,1.0,0.0,0.0,0.0,51.2,3.8,1.0,0.12392,0.24184,0.5124048957988753,0
1.0,2097152.0,1.0,1.0,2097152.0,25165824.0,0.0833333333333333,1.0,1.0,1.0,0.0,0.0,0.0,51.2,3.8,1.0,1.18846,0.9612,1.2364336246358718,1
1.0,8388608.0,1.0,1.0,8388608.0,100663296.0,0.0833333333333333,1.0,1.0,1.0,0.0,0.0,0.0,51.2,3.8,1.0,5.63022,4.07036,1.383224088287031,1
1.0,1024.0,1.0,4.0,4096.0,12288.0,0.3333333333333333,1.0,1.0,1.0,1.0,0.0,0.0,51.2,3.8,1.0,0.00092,0.15086,0.0060983693490653,0
1.0,8192.0,1.0,4.0,32768.0,98304.0,0.3333333333333333,1.0,1.0,1.0,1.0,0.0,0.0,51.2,3.8,1.0,0.00672,0.11562,0.0581214322781525,0
1.0,65536.0,1.0,4.0,262144.0,786432.0,0.3333333333333333,1.0,1.0,1.0,1.0,0.0,0.0,51.2,3.8,1.0,0.05444,0.1616,0.3368811881188119,0
1.0,524288.0,1.0,4.0,2097152.0,6291456.0,0.3333333333333333,1.0,1.0,1.0,1.0,0.0,0.0,51.2,3.8,1.0,0.43928,0.3526,1.2458309699376062,1
1.0,2097152.0,1.0,4.0,8388608.0,25165824.0,0.3333333333333333,1.0,1.0,1.0,1.0,0.0,0.0,51.2,3.8,1.0,2.03462,1.39066,1.463060704988998,1
1.0,1024.0,1.0,6.0,6144.0,12288.0,0.5,1.0,1.0,0.5,0.0,0.0,0.0,51.2,3.8,1.0,0.00088,0.18322,0.0048029691081759,0
1.0,8192.0,1.0,6.0,49152.0,98304.0,0.5,1.0,1.0,0.5,0.0,0.0,0.0,51.2,3.8,1.0,0.0089,0.1327,0.06706857573474,0
1.0,65536.0,1.0,6.0,393216.0,786432.0,0.5,1.0,1.0,0.5,0.0,0.0,0.0,51.2,3.8,1.0,0.05478,0.14506,0.3776368399283055,0
1.0,262144.0,1.0,6.0,1572864.0,3145728.0,0.5,1.0,1.0,0.5,0.0,0.0,0.0,51.2,3.8,1.0,0.27848,0.24114,1.1548478062536287,1
1.0,1048576.0,1.0,6.0,6291456.0,12582912.0,0.5,1.0,1.0,0.5,0.0,0.0,0.0,51.2,3.8,1.0,1.36526,0.8655,1.5774234546504908,1
1.0,1024.0,2.0,5.0,5120.0,12288.0,0.4166666666666667,1.0,1.0,0.5,1.0,0.0,0.0,51.2,3.8,1.0,0.00026,4.38132,5.93428464481024e-05,0
1.0,4096.0,2.0,5.0,20480.0,49152.0,0.4166666666666667,1.0,1.0,0.5,1.0,0.0,0.0,51.2,3.8,1.0,0.0009,9.60122,9.37380874513864e-05,0
1.0,16384.0,2.0,5.0,81920.0,196608.0,0.4166666666666667,1.0,1.0,0.5,1.0,0.0,0.0,51.2,3.8,1.0,0.00708,18.11738,0.0003907849810513,0
1.0,65536.0,2.0,5.0,327680.0,786432.0,0.4166666666666667,1.0,1.0,0.5,1.0,0.0,0.0,51.2,3.8,1.0,0.03112,36.46546,0.0008534103230838,0
1.0,262144.0,2.0,5.0,1310720.0,3145728.0,0.4166666666666667,1.0,1.0,0.5,1.0,0.0,0.0,51.2,3.8,1.0,0.21006,74.80848,0.0028079704332984,0
1.0,1048576.0,2.0,5.0,5242880.0,12582912.0,0.4166666666666667,1.0,1.0,0.5,1.0,0.0,0.0,51.2,3.8,1.0,2.11484,149.00122,0.0141934408322294,0
1.0,4194304.0,2.0,5.0,20971520.0,50331648.0,0.4166666666666667,1.0,1.0,0.5,1.0,0.0,0.0,51.2,3.8,1.0,10.05564,300.22552,0.0334936217280929,0
1.0,256.0,2.0,5.0,1280.0,3072.0,0.4166666666666667,1.0,1.0,0.5,0.0,1.0,0.0,51.2,3.8,1.0,0.00018,2.2779,7.902015013828528e-05,0
1.0,1024.0,2.0,5.0,5120.0,12288.0,0.4166666666666667,1.0,1.0,0.5,0.0,1.0,0.0,51.2,3.8,1.0,0.00028,4.27436,6.550688290176775e-05,0
1.0,4096.0,2.0,5.0,20480.0,49152.0,0.4166666666666667,1.0,1.0,0.5,0.0,1.0,0.0,51.2,3.8,1.0,0.001,8.79878,0.0001136521199529,0
1.0,16384.0,2.0,5.0,81920.0,196608.0,0.4166666666666667,1.0,1.0,0.5,0.0,1.0,0.0,51.2,3.8,1.0,0.00732,17.76052,0.0004121500947044,0
1.0,65536.0,2.0,5.0,327680.0,786432.0,0.4166666666666667,1.0,1.0,0.5,0.0,1.0,0.0,51.2,3.8,1.0,0.029,35.65166,0.0008134263593897,0
1.0,262144.0,2.0,5.0,1310720.0,3145728.0,0.4166666666666667,1.0,1.0,0.5,0.0,1.0,0.0,51.2,3.8,1.0,0.20228,71.6912,0.0028215457406208,0
1.0,1048576.0,2.0,5.0,5242880.0,12582912.0,0.4166666666666667,1.0,1.0,0.5,0.0,1.0,0.0,51.2,3.8,1.0,2.11638,147.73536,0.0143254803724714,0
1.0,4194304.0,2.0,5.0,20971520.0,50331648.0,0.4166666666666667,1.0,1.0,0.5,0.0,1.0,0.0,51.2,3.8,1.0,9.74104,305.23852,0.0319128791477563,0
1.0,32768.0,3.0,11.0,65536.0,12288.0,5.333333333333333,1.0,1.0,0.5,0.0,1.0,0.0,51.2,3.8,1.0,0.00954,0.05688,0.1677215189873417,0
1.0,262144.0,3.0,11.0,524288.0,49152.0,10.666666666666666,1.0,1.0,0.5,0.0,1.0,0.0,51.2,3.8,1.0,0.06064,0.04276,1.4181478016838167,1
1.0,2097152.0,3.0,11.0,4194304.0,196608.0,21.33333333333333,1.0,1.0,0.5,0.0,1.0,0.0,51.2,3.8,1.0,0.96676,0.4032,2.3977182539682538,1
1.0,16777216.0,3.0,11.0,33554432.0,786432.0,42.66666666666666,1.0,1.0,0.5,0.0,1.0,0.0,51.2,3.8,1.0,7.86138,5.65511,1.390137415540989,1
1.0,134217728.0,3.0,11.0,268435456.0,3145728.0,85.33333333333333,1.0,1.0,0.5,0.0,1.0,0.0,51.2,3.8,1.0,102.95214,42.79924,2.4054665456676334,1
1.0,1073741824.0,3.0,11.0,2147483648.0,12582912.0,170.66666666666666,1.0,1.0,0.5,0.0,1.0,0.0,51.2,3.8,1.0,2187.62268,324.99846,6.731178603123227,1
1.0,32768.0,3.0,8.0,65536.0,12288.0,5.333333333333333,1.0,1.0,0.5,0.0,1.0,0.0,51.2,3.8,1.0,0.07446,0.0443075,1.6805281272922192,1
1.0,262144.0,3.0,8.0,524288.0,49152.0,10.666666666666666,1.0,1.0,0.5,0.0,1.0,0.0,51.2,3.8,1.0,0.40636,0.085795,4.73640655049828,1
1.0,2097152.0,3.0,8.0,4194304.0,196608.0,21.33333333333333,1.0,1.0,0.5,0.0,1.0,0.0,51.2,3.8,1.0,7.56496,0.98062,7.714466358018396,1
1.0,16777216.0,3.0,8.0,33554432.0,786432.0,42.66666666666666,1.0,1.0,0.5,0.0,1.0,0.0,51.2,3.8,1.0,60.92282,7.6503525,7.96340037926357,1
1.0,134217728.0,3.0,8.0,268435456.0,3145728.0,85.33333333333333,1.0,1.0,0.5,0.0,1.0,0.0,51.2,3.8,1.0,952.01072,119.03634,7.997647777140997,1
1.0,1073741824.0,3.0,8.0,2147483648.0,12582912.0,170.66666666666666,1.0,1.0,0.5,0.0,1.0,0.0,51.2,3.8,1.0,21108.54094,2638.6026175,7.999893883225104,1
1.0,4096.0,2.0,12.0,49152.0,49152.0,1.0,1.0,1.0,0.5,0.0,1.0,0.0,51.2,3.8,1.0,0.13062,0.03864,3.380434782608696,1
1.0,16384.0,2.0,12.0,196608.0,196608.0,1.0,1.0,1.0,0.5,0.0,1.0,0.0,51.2,3.8,1.0,0.22782,0.1424399999999999,1.5994102780117947,1
1.0,65536.0,2.0,12.0,786432.0,786432.0,1.0,1.0,1.0,0.5,0.0,1.0,0.0,51.2,3.8,1.0,0.9388,1.38212,0.6792463751338523,0
1.0,262144.0,2.0,12.0,3145728.0,3145728.0,1.0,1.0,1.0,0.5,0.0,1.0,0.0,51.2,3.8,1.0,4.52136,3.91082,1.1561155972404762,1
1.0,1048576.0,2.0,12.0,12582912.0,12582912.0,1.0,1.0,1.0,0.5,0.0,1.0,0.0,51.2,3.8,1.0,17.06198,9.56108,1.7845243424383015,1
1.0,4194304.0,2.0,12.0,50331648.0,50331648.0,1.0,1.0,1.0,0.5,0.0,1.0,0.0,51.2,3.8,1.0,65.91292,87.98044000000002,0.7491769761551543,0
1.0,4096.0,2.0,21.0,86016.0,49152.0,1.75,1.0,1.0,0.5,0.0,0.0,0.0,51.2,3.8,1.0,0.00408,0.03662,0.111414527580557,0
1.0,16384.0,2.0,21.0,344064.0,196608.0,1.75,1.0,1.0,0.5,0.0,0.0,0.0,51.2,3.8,1.0,0.01254,0.0387799999999999,0.3233625580195978,0
1.0,65536.0,2.0,21.0,1376256.0,786432.0,1.75,1.0,1.0,0.5,0.0,0.0,0.0,51.2,3.8,1.0,0.07906,0.4829799999999999,0.1636920783469295,0
1.0,262144.0,2.0,21.0,5505024.0,3145728.0,1.75,1.0,1.0,0.5,0.0,0.0,0.0,51.2,3.8,1.0,0.34846,0.83874,0.415456518110499,0
1.0,1048576.0,2.0,21.0,22020096.0,12582912.0,1.75,1.0,1.0,0.5,0.0,0.0,0.0,51.2,3.8,1.0,1.23148,1.7644799999999998,0.6979280014508524,0
1.0,4194304.0,2.0,21.0,88080384.0,50331648.0,1.75,1.0,1.0,0.5,0.0,0.0,0.0,51.2,3.8,1.0,4.84878,9.17233,0.5286312202025003,0
1.0,1024.0,1.0,1.0,1024.0,12288.0,0.0833333333333333,1.0,1.0,1.0,0.0,0.0,0.0,51.2,3.8,1.0,0.00018,0.0350225,0.0051395531444071,0
1.0,8192.0,1.0,1.0,8192.0,98304.0,0.0833333333333333,1.0,1.0,1.0,0.0,0.0,0.0,51.2,3.8,1.0,0.00192,0.03524,0.0544835414301929,0
1.0,65536.0,1.0,1.0,65536.0,786432.0,0.0833333333333333,1.0,1.0,1.0,0.0,0.0,0.0,51.2,3.8,1.0,0.01224,0.03653,0.3350670681631535,0
1.0,524288.0,1.0,1.0,524288.0,6291456.0,0.0833333333333333,1.0,1.0,1.0,0.0,0.0,0.0,51.2,3.8,1.0,0.12586,0.0507325,2.4808554674025527,1
1.0,2097152.0,1.0,1.0,2097152.0,25165824.0,0.0833333333333333,1.0,1.0,1.0,0.0,0.0,0.0,51.2,3.8,1.0,1.3607,0.2050875,6.634729079051624,1
1.0,1024.0,1.0,4.0,4096.0,12288.0,0.3333333333333333,1.0,1.0,1.0,1.0,0.0,0.0,51.2,3.8,1.0,0.00088,0.03511,0.0250640843064653,0
1.0,8192.0,1.0,4.0,32768.0,98304.0,0.3333333333333333,1.0,1.0,1.0,1.0,0.0,0.0,51.2,3.8,1.0,0.01028,0.036285,0.2833126636351109,0
1.0,65536.0,1.0,4.0,262144.0,786432.0,0.3333333333333333,1.0,1.0,1.0,1.0,0.0,0.0,51.2,3.8,1.0,0.05458,0.0418225,1.3050391535656645,1
1.0,524288.0,1.0,4.0,2097152.0,6291456.0,0.3333333333333333,1.0,1.0,1.0,1.0,0.0,0.0,51.2,3.8,1.0,0.44664,0.09083,4.917318066718045,1
1.0,2097152.0,1.0,4.0,8388608.0,25165824.0,0.3333333333333333,1.0,1.0,1.0,1.0,0.0,0.0,51.2,3.8,1.0,2.09548,0.296935,7.057032683920722,1
1.0,1024.0,1.0,6.0,6144.0,12288.0,0.5,1.0,1.0,0.5,0.0,0.0,0.0,51.2,3.8,1.0,0.00088,0.03511,0.0250640843064653,0
1.0,8192.0,1.0,6.0,49152.0,98304.0,0.5,1.0,1.0,0.5,0.0,0.0,0.0,51.2,3.8,1.0,0.0099,0.0362375,0.2731976543635736,0
1.0,65536.0,1.0,6.0,393216.0,786432.0,0.5,1.0,1.0,0.5,0.0,0.0,0.0,51.2,3.8,1.0,0.06634,0.0432925,1.5323670381705838,1
1.0,262144.0,1.0,6.0,1572864.0,3145728.0,0.5,1.0,1.0,0.5,0.0,0.0,0.0,51.2,3.8,1.0,0.22196,0.062745,3.5374930273328555,1
1.0,1048576.0,1.0,6.0,6291456.0,12582912.0,0.5,1.0,1.0,0.5,0.0,0.0,0.0,51.2,3.8,1.0,1.574,0.23175,6.791801510248112,1
1.0,1024.0,2.0,5.0,5120.0,12288.0,0.4166666666666667,1.0,1.0,0.5,1.0,0.0,0.0,51.2,3.8,1.0,0.00042,0.0350525,0.0119820269595606,0
1.0,4096.0,2.0,5.0,20480.0,49152.0,0.4166666666666667,1.0,1.0,0.5,1.0,0.0,0.0,51.2,3.8,1.0,0.0009,0.0351125,0.0256318974724101,0
1.0,16384.0,2.0,5.0,81920.0,196608.0,0.4166666666666667,1.0,1.0,0.5,1.0,0.0,0.0,51.2,3.8,1.0,0.01092,0.036365,0.300288739172281,0
1.0,65536.0,2.0,5.0,327680.0,786432.0,0.4166666666666667,1.0,1.0,0.5,1.0,0.0,0.0,51.2,3.8,1.0,0.04902,0.0411275,1.1919032277673092,1
1.0,262144.0,2.0,5.0,1310720.0,3145728.0,0.4166666666666667,1.0,1.0,0.5,1.0,0.0,0.0,51.2,3.8,1.0,0.20356,0.060445,3.3676896352055588,1
1.0,1048576.0,2.0,5.0,5242880.0,12582912.0,0.4166666666666667,1.0,1.0,0.5,1.0,0.0,0.0,51.2,3.8,1.0,2.48842,0.3460525,7.190874217062439,1
1.0,1024.0,2.0,5.0,5120.0,12288.0,0.4166666666666667,1.0,1.0,0.5,0.0,1.0,0.0,51.2,3.8,1.0,0.00026,0.0350325,0.0074216798686933,0
1.0,4096.0,2.0,5.0,20480.0,49152.0,0.4166666666666667,1.0,1.0,0.5,0.0,1.0,0.0,51.2,3.8,1.0,0.00102,0.0351275,0.029037079211444,0
1.0,16384.0,2.0,5.0,81920.0,196608.0,0.4166666666666667,1.0,1.0,0.5,0.0,1.0,0.0,51.2,3.8,1.0,0.00738,0.0359225,0.2054422715568237,0
1.0,65536.0,2.0,5.0,327680.0,786432.0,0.4166666666666667,1.0,1.0,0.5,0.0,1.0,0.0,51.2,3.8,1.0,0.0282,0.038525,0.7319922128487993,0
1.0,262144.0,2.0,5.0,1310720.0,3145728.0,0.4166666666666667,1.0,1.0,0.5,0.0,1.0,0.0,51.2,3.8,1.0,0.19874,0.0598425,3.3210510924510173,1
1.0,1048576.0,2.0,5.0,5242880.0,12582912.0,0.4166666666666667,1.0,1.0,0.5,0.0,1.0,0.0,51.2,3.8,1.0,2.1542,0.304275,7.079779804453207,1
1.0,32768.0,3.0,11.0,65536.0,12288.0,5.333333333333333,4000.0,0.4,0.5,0.0,1.0,0.0,51.2,3.8,1.0,0.0098,0.05828,0.1681537405628002,0
1.0,262144.0,3.0,11.0,524288.0,49152.0,10.666666666666666,4000.0,0.4,0.5,0.0,1.0,0.0,51.2,3.8,1.0,0.0595,0.12066,0.4931211669152991,0
1.0,2097152.0,3.0,11.0,4194304.0,196608.0,21.33333333333333,4000.0,0.4,0.5,0.0,1.0,0.0,51.2,3.8,1.0,0.67342,0.67972,0.9907314776672748,0
1.0,16777216.0,3.0,11.0,33554432.0,786432.0,42.66666666666666,4000.0,0.4,0.5,0.0,1.0,0.0,51.2,3.8,1.0,7.97888,6.74201,1.1834571589184828,1
1.0,134217728.0,3.0,11.0,268435456.0,3145728.0,85.33333333333333,4000.0,0.4,0.5,0.0,1.0,0.0,51.2,3.8,1.0,101.97326,39.710080000000005,2.567943957806179,1
1.0,1073741824.0,3.0,11.0,2147483648.0,12582912.0,170.66666666666666,4000.0,0.4,0.5,0.0,1.0,0.0,51.2,3.8,1.0,2191.2611,333.08991000000003,6.578587445053499,1
1.0,32768.0,3.0,8.0,65536.0,12288.0,5.333333333333333,3000.0,0.4,0.5,0.0,1.0,0.0,51.2,3.8,1.0,0.0454,0.040675,1.1161647203441918,1
1.0,262144.0,3.0,8.0,524288.0,49152.0,10.666666666666666,3000.0,0.4,0.5,0.0,1.0,0.0,51.2,3.8,1.0,0.44144,0.09018,4.8950986915058765,1
1.0,2097152.0,3.0,8.0,4194304.0,196608.0,21.33333333333333,3000.0,0.4,0.5,0.0,1.0,0.0,51.2,3.8,1.0,7.02164,0.912705,7.693219605458499,1
1.0,16777216.0,3.0,8.0,33554432.0,786432.0,42.66666666666666,3000.0,0.4,0.5,0.0,1.0,0.0,51.2,3.8,1.0,60.91582,7.6494775,7.963396192746498,1
1.0,134217728.0,3.0,8.0,268435456.0,3145728.0,85.33333333333333,3000.0,0.4,0.5,0.0,1.0,0.0,51.2,3.8,1.0,961.56362,120.2304525,7.997671139098474,1
1.0,1073741824.0,3.0,8.0,2147483648.0,12582912.0,170.66666666666666,3000.0,0.4,0.5,0.0,1.0,0.0,51.2,3.8,1.0,25168.68028,3146.1200350000004,7.999911001488535,1
1.0,4096.0,2.0,12.0,49152.0,49152.0,1.0,12.0,0.4,0.5,0.0,1.0,0.0,51.2,3.8,1.0,0.08632,0.01584,5.449494949494949,1
1.0,16384.0,2.0,12.0,196608.0,196608.0,1.0,12.0,0.4,0.5,0.0,1.0,0.0,51.2,3.8,1.0,0.29836,0.07661,3.894530740112257,1
1.0,65536.0,2.0,12.0,786432.0,786432.0,1.0,12.0,0.4,0.5,0.0,1.0,0.0,51.2,3.8,1.0,1.2785,1.4918,0.8570183670733342,0
1.0,262144.0,2.0,12.0,3145728.0,3145728.0,1.0,12.0,0.4,0.5,0.0,1.0,0.0,51.2,3.8,1.0,4.04848,4.82817,0.838512314189434,0
1.0,1048576.0,2.0,12.0,12582912.0,12582912.0,1.0,12.0,0.4,0.5,0.0,1.0,0.0,51.2,3.8,1.0,18.76312,7.697529999999999,2.437550746797999,1
1.0,4194304.0,2.0,12.0,50331648.0,50331648.0,1.0,12.0,0.4,0.5,0.0,1.0,0.0,51.2,3.8,1.0,82.74678,90.44872,0.9148474406271312,0
1.0,4096.0,2.0,21.0,86016.0,49152.0,1.75,6.0,1.0,0.5,0.0,0.0,0.0,51.2,3.8,1.0,0.00568,0.02754,0.2062454611474219,0
1.0,16384.0,2.0,21.0,344064.0,196608.0,1.75,6.0,1.0,0.5,0.0,0.0,0.0,51.2,3.8,1.0,0.0176,0.09375,0.1877333333333333,0
1.0,65536.0,2.0,21.0,1376256.0,786432.0,1.75,6.0,1.0,0.5,0.0,0.0,0.0,51.2,3.8,1.0,0.10758,0.5546599999999999,0.1939566581329102,0
1.0,262144.0,2.0,21.0,5505024.0,3145728.0,1.75,6.0,1.0,0.5,0.0,0.0,0.0,51.2,3.8,1.0,0.31716,1.0295999999999998,0.3080419580419581,0
1.0,1048576.0,2.0,21.0,22020096.0,12582912.0,1.75,6.0,1.0,0.5,0.0,0.0,0.0,51.2,3.8,1.0,1.24602,2.00637,0.6210320130384724,0
1.0,4194304.0,2.0,21.0,88080384.0,50331648.0,1.75,6.0,1.0,0.5,0.0,0.0,0.0,51.2,3.8,1.0,5.02336,7.05363,0.7121666432744559,0
1.0,1024.0,1.0,1.0,1024.0,12288.0,0.0833333333333333,3.0,1.0,1.0,0.0,0.0,0.0,51.2,3.8,1.0,0.00016,0.03502,0.0045688178183894,0
1.0,8192.0,1.0,1.0,8192.0,98304.0,0.0833333333333333,3.0,1.0,1.0,0.0,0.0,0.0,51.2,3.8,1.0,0.00134,0.0351675,0.038103362479562,0
1.0,65536.0,1.0,1.0,65536.0,786432.0,0.0833333333333333,3.0,1.0,1.0,0.0,0.0,0.0,51.2,3.8,1.0,0.01244,0.036555,0.3403091232389549,0
1.0,524288.0,1.0,1.0,524288.0,6291456.0,0.0833333333333333,3.0,1.0,1.0,0.0,0.0,0.0,51.2,3.8,1.0,0.26968,0.06871,3.924901761024596,1
1.0,2097152.0,1.0,1.0,2097152.0,25165824.0,0.0833333333333333,3.0,1.0,1.0,0.0,0.0,0.0,51.2,3.8,1.0,1.42238,0.2127975,6.684195068081157,1
1.0,1024.0,1.0,4.0,4096.0,12288.0,0.3333333333333333,7.0,1.0,1.0,1.0,0.0,0.0,51.2,3.8,1.0,0.0009,0.0351125,0.0256318974724101,0
1.0,8192.0,1.0,4.0,32768.0,98304.0,0.3333333333333333,7.0,1.0,1.0,1.0,0.0,0.0,51.2,3.8,1.0,0.01026,0.0362825,0.2827809550058568,0
1.0,65536.0,1.0,4.0,262144.0,786432.0,0.3333333333333333,7.0,1.0,1.0,1.0,0.0,0.0,51.2,3.8,1.0,0.09142,0.0464275,1.9690915944214096,1
1.0,524288.0,1.0,4.0,2097152.0,6291456.0,0.3333333333333333,7.0,1.0,1.0,1.0,0.0,0.0,51.2,3.8,1.0,0.47758,0.0946974999999999,5.043216557987276,1
1.0,2097152.0,1.0,4.0,8388608.0,25165824.0,0.3333333333333333,7.0,1.0,1.0,1.0,0.0,0.0,51.2,3.8,1.0,2.69708,0.372135,7.247584881830518,1
1.0,1024.0,1.0,6.0,6144.0,12288.0,0.5,3.0,1.0,0.5,0.0,0.0,0.0,51.2,3.8,1.0,0.00086,0.0351075,0.0244961902727337,0
1.0,8192.0,1.0,6.0,49152.0,98304.0,0.5,3.0,1.0,0.5,0.0,0.0,0.0,51.2,3.8,1.0,0.00766,0.0359575,0.2130292706667593,0
1.0,65536.0,1.0,6.0,393216.0,786432.0,0.5,3.0,1.0,0.5,0.0,0.0,0.0,51.2,3.8,1.0,0.05336,0.04167,1.2805375569954405,1
1.0,262144.0,1.0,6.0,1572864.0,3145728.0,0.5,3.0,1.0,0.5,0.0,0.0,0.0,51.2,3.8,1.0,0.2398,0.064975,3.690650250096191,1
1.0,1048576.0,1.0,6.0,6291456.0,12582912.0,0.5,3.0,1.0,0.5,0.0,0.0,0.0,51.2,3.8,1.0,1.90352,0.27294,6.97413350919616,1
1.0,256.0,2.0,5.0,1280.0,3072.0,0.4166666666666667,4.0,0.4,0.5,1.0,0.0,0.0,51.2,3.8,1.0,0.00012,0.035015,0.0034271026702841,0
1.0,1024.0,2.0,5.0,5120.0,12288.0,0.4166666666666667,4.0,0.4,0.5,1.0,0.0,0.0,51.2,3.8,1.0,0.00028,0.035035,0.0079920079920079,0
1.0,4096.0,2.0,5.0,20480.0,49152.0,0.4166666666666667,4.0,0.4,0.5,1.0,0.0,0.0,51.2,3.8,1.0,0.00088,0.03511,0.0250640843064653,0
1.0,16384.0,2.0,5.0,81920.0,196608.0,0.4166666666666667,4.0,0.4,0.5,1.0,0.0,0.0,51.2,3.8,1.0,0.00732,0.035915,0.2038145621606571,0
1.0,65536.0,2.0,5.0,327680.0,786432.0,0.4166666666666667,4.0,0.4,0.5,1.0,0.0,0.0,51.2,3.8,1.0,0.0282,0.038525,0.7319922128487993,0
1.0,262144.0,2.0,5.0,1310720.0,3145728.0,0.4166666666666667,4.0,0.4,0.5,1.0,0.0,0.0,51.2,3.8,1.0,0.19388,0.059235,3.273064910947919,1
1.0,1048576.0,2.0,5.0,5242880.0,12582912.0,0.4166666666666667,4.0,0.4,0.5,1.0,0.0,0.0,51.2,3.8,1.0,2.44688,0.34086,7.178548377633045,1
1.0,1024.0,2.0,5.0,5120.0,12288.0,0.4166666666666667,4.0,0.4,0.5,0.0,1.0,0.0,51.2,3.8,1.0,0.00036,0.035045,0.0102725067770009,0
1.0,4096.0,2.0,5.0,20480.0,49152.0,0.4166666666666667,4.0,0.4,0.5,0.0,1.0,0.0,51.2,3.8,1.0,0.001,0.035125,0.0284697508896797,0
1.0,16384.0,2.0,5.0,81920.0,196608.0,0.4166666666666667,4.0,0.4,0.5,0.0,1.0,0.0,51.2,3.8,1.0,0.00712,0.03589,0.1983839509612705,0
1.0,65536.0,2.0,5.0,327680.0,786432.0,0.4166666666666667,4.0,0.4,0.5,0.0,1.0,0.0,51.2,3.8,1.0,0.02832,0.03854,0.7348209652309289,0
1.0,262144.0,2.0,5.0,1310720.0,3145728.0,0.4166666666666667,4.0,0.4,0.5,0.0,1.0,0.0,51.2,3.8,1.0,0.21032,0.06129,3.4315549029205417,1
1.0,1048576.0,2.0,5.0,5242880.0,12582912.0,0.4166666666666667,4.0,0.4,0.5,0.0,1.0,0.0,51.2,3.8,1.0,2.51278,0.3490975,7.197931809881193,1
1.0,32768.0,3.0,11.0,65536.0,12288.0,5.333333333333333,4000.0,0.4,0.5,0.0,1.0,0.0,51.2,3.8,1.0,0.01986,0.05044,0.3937351308485329,0
1.0,262144.0,3.0,11.0,524288.0,49152.0,10.666666666666666,4000.0,0.4,0.5,0.0,1.0,0.0,51.2,3.8,1.0,0.20106,0.25964,0.7743799106455092,0
1.0,884736.0,3.0,11.0,1769472.0,110592.0,16.0,4000.0,0.4,0.5,0.0,1.0,0.0,51.2,3.8,1.0,0.69494,0.18844,3.6878582042029295,1
1.0,2097152.0,3.0,11.0,4194304.0,196608.0,21.33333333333333,4000.0,0.4,0.5,0.0,1.0,0.0,51.2,3.8,1.0,3.56898,1.85642,1.9225067603236337,1
1.0,7077888.0,3.0,11.0,14155776.0,442368.0,32.0,4000.0,0.4,0.5,0.0,1.0,0.0,51.2,3.8,1.0,8.25042,3.0317,2.721384041956658,1
1.0,16777216.0,3.0,11.0,33554432.0,786432.0,42.66666666666666,4000.0,0.4,0.5,0.0,1.0,0.0,51.2,3.8,1.0,29.37118,6.36463,4.614750582516187,1
1.0,56623104.0,3.0,11.0,113246208.0,1769472.0,64.0,4000.0,0.4,0.5,0.0,1.0,0.0,51.2,3.8,1.0,96.14972,14.87293,6.46474635461876,1
1.0,134217728.0,3.0,11.0,268435456.0,3145728.0,85.33333333333333,4000.0,0.4,0.5,0.0,1.0,0.0,51.2,3.8,1.0,527.18838,41.78498,12.616695760055409,1
1.0,452984832.0,3.0,11.0,905969664.0,7077888.0,128.0,4000.0,0.4,0.5,0.0,1.0,0.0,51.2,3.8,1.0,1005.16012,142.67449000000002,7.045128529984582,1
1.0,1073741824.0,3.0,11.0,2147483648.0,12582912.0,170.66666666666666,4000.0,0.4,0.5,0.0,1.0,0.0,51.2,3.8,1.0,337.4617161142857,333.83454,1.0108651912240287,0
1.0,262144.0,3.0,8.0,524288.0,49152.0,10.666666666666666,3000.0,0.4,0.5,0.0,1.0,0.0,51.2,3.8,1.0,0.0599186285714285,0.0424898285714285,1.4101875810277955,1
1.0,884736.0,3.0,8.0,1769472.0,110592.0,16.0,3000.0,0.4,0.5,0.0,1.0,0.0,51.2,3.8,1.0,0.2022253714285714,0.0602781714285714,3.354869045226512,1
1.0,7077888.0,3.0,8.0,14155776.0,442368.0,32.0,3000.0,0.4,0.5,0.0,1.0,0.0,51.2,3.8,1.0,1.617802971428571,0.2372253714285714,6.819687800196751,1
1.0,4096.0,2.0,7.0,28672.0,49152.0,0.5833333333333334,4.0,0.4,0.5,0.0,1.0,0.0,51.2,3.8,1.0,0.00322,0.06176,0.0521373056994818,0
1.0,16384.0,2.0,7.0,114688.0,196608.0,0.5833333333333334,4.0,0.4,0.5,0.0,1.0,0.0,51.2,3.8,1.0,0.0147,1.7888,0.0082177996422182,0
1.0,65536.0,2.0,7.0,458752.0,786432.0,0.5833333333333334,4.0,0.4,0.5,0.0,1.0,0.0,51.2,3.8,1.0,0.06934,6.71231,0.0103302737805613,0
1.0,262144.0,2.0,7.0,1835008.0,3145728.0,0.5833333333333334,4.0,0.4,0.5,0.0,1.0,0.0,51.2,3.8,1.0,0.30776,40.77517,0.0075477306409758,0
1.0,1048576.0,2.0,7.0,7340032.0,12582912.0,0.5833333333333334,4.0,0.4,0.5,0.0,1.0,0.0,51.2,3.8,1.0,1.2592,315.18603,0.0039951009249997,0
1.0,4194304.0,2.0,7.0,29360128.0,50331648.0,0.5833333333333334,4.0,0.4,0.5,0.0,1.0,0.0,51.2,3.8,1.0,5.15884,4319.97504,0.0011941828256489,0
1.0,16777216.0,2.0,7.0,117440512.0,201326592.0,0.5833333333333334,4.0,0.4,0.5,0.0,1.0,0.0,51.2,3.8,1.0,22.12926,78016.35661,0.0002836489803109,0
1.0,16384.0,2.0,4.0,65536.0,196608.0,0.3333333333333333,2.0,1.0,0.5,0.0,0.0,0.0,51.2,3.8,1.0,0.0018724571428571,0.0252599999999999,0.07412736115824,0
1.0,65536.0,2.0,4.0,262144.0,786432.0,0.3333333333333333,2.0,1.0,0.5,0.0,0.0,0.0,51.2,3.8,1.0,0.0074898285714285,0.7141,0.0104884870066217,0
1.0,4096.0,2.0,12.0,49152.0,49152.0,1.0,12.0,0.4,0.5,0.0,1.0,0.0,51.2,3.8,1.0,0.05262,0.06792,0.7747349823321554,0
1.0,16384.0,2.0,12.0,196608.0,196608.0,1.0,12.0,0.4,0.5,0.0,1.0,0.0,51.2,3.8,1.0,0.23522,0.24863,0.9460644330933516,0
1.0,65536.0,2.0,12.0,786432.0,786432.0,1.0,12.0,0.4,0.5,0.0,1.0,0.0,51.2,3.8,1.0,0.95602,1.07296,0.8910117804950789,0
1.0,262144.0,2.0,12.0,3145728.0,3145728.0,1.0,12.0,0.4,0.5,0.0,1.0,0.0,51.2,3.8,1.0,3.80522,3.56067,1.0686808943260675,0
1.0,1048576.0,2.0,12.0,12582912.0,12582912.0,1.0,12.0,0.4,0.5,0.0,1.0,0.0,51.2,3.8,1.0,16.88524,10.85507,1.555516454523094,1
1.0,4194304.0,2.0,12.0,50331648.0,50331648.0,1.0,12.0,0.4,0.5,0.0,1.0,0.0,51.2,3.8,1.0,65.61282,88.4668,0.7416660261250547,0
1.0,4096.0,2.0,75.0,307200.0,49152.0,6.25,13.0,1.0,0.5,0.0,0.0,0.0,51.2,3.8,1.0,0.0087771428571428,0.0175,0.5015510204081632,0
1.0,16384.0,2.0,75.0,1228800.0,196608.0,6.25,13.0,1.0,0.5,0.0,0.0,0.0,51.2,3.8,1.0,0.0351085714285714,0.02418,1.4519673874512584,1
1.0,65536.0,2.0,75.0,4915200.0,786432.0,6.25,13.0,1.0,0.5,0.0,0.0,0.0,51.2,3.8,1.0,0.1404342857142857,0.58631,0.2395222420123922,0
1.0,262144.0,2.0,75.0,19660800.0,3145728.0,6.25,13.0,1.0,0.5,0.0,0.0,0.0,51.2,3.8,1.0,0.5617371428571428,1.29775,0.4328546660428763,0
1.0,1048576.0,2.0,75.0,78643200.0,12582912.0,6.25,13.0,1.0,0.5,0.0,0.0,0.0,51.2,3.8,1.0,2.246948571428572,2.53797,0.8853329911025628,0
1.0,4194304.0,2.0,75.0,314572800.0,50331648.0,6.25,13.0,1.0,0.5,0.0,0.0,0.0,51.2,3.8,1.0,8.987794285714285,8.51791,1.0551642698401702,0
1.0,4096.0,2.0,21.0,86016.0,49152.0,1.75,6.0,1.0,0.5,0.0,0.0,0.0,51.2,3.8,1.0,0.0024576,0.01734,0.1417301038062283,0
1.0,16384.0,2.0,21.0,344064.0,196608.0,1.75,6.0,1.0,0.5,0.0,0.0,0.0,51.2,3.8,1.0,0.0098304,0.03882,0.2532302936630602,0
1.0,1024.0,1.0,1.0,1024.0,12288.0,0.0833333333333333,3.0,1.0,1.0,0.0,0.0,0.0,51.2,3.8,1.0,0.001,0.035125,0.0284697508896797,0
1.0,65536.0,1.0,1.0,65536.0,786432.0,0.0833333333333333,3.0,1.0,1.0,0.0,0.0,0.0,51.2,3.8,1.0,0.0018724571428571,0.0352340571428571,0.0531433872422137,0
1.0,4194304.0,1.0,1.0,4194304.0,50331648.0,0.0833333333333333,3.0,1.0,1.0,0.0,0.0,0.0,51.2,3.8,1.0,0.1198372571428571,0.0499796571428571,2.3977206726393825,1
1.0,1024.0,1.0,2.0,2048.0,12288.0,0.1666666666666666,3.0,1.0,1.0,0.0,0.0,0.0,51.2,3.8,1.0,0.00022,0.0350275,0.006280779387624,0
1.0,8192.0,1.0,2.0,16384.0,98304.0,0.1666666666666666,3.0,1.0,1.0,0.0,0.0,0.0,51.2,3.8,1.0,0.00122,0.0351525,0.0347059241874688,0
1.0,65536.0,1.0,2.0,131072.0,786432.0,0.1666666666666666,3.0,1.0,1.0,0.0,0.0,0.0,51.2,3.8,1.0,0.01156,0.036445,0.3171902867334339,0
1.0,262144.0,1.0,2.0,524288.0,3145728.0,0.1666666666666666,3.0,1.0,1.0,0.0,0.0,0.0,51.2,3.8,1.0,0.0496,0.0412,1.203883495145631,1
1.0,1048576.0,1.0,2.0,2097152.0,12582912.0,0.1666666666666666,3.0,1.0,1.0,0.0,0.0,0.0,51.2,3.8,1.0,0.18206,0.0577575,3.152144743106956,1
1.0,4194304.0,1.0,2.0,8388608.0,50331648.0,0.1666666666666666,3.0,1.0,1.0,0.0,0.0,0.0,51.2,3.8,1.0,1.97422,0.2817775,7.006308168679189,1
1.0,8192.0,1.0,6.0,49152.0,98304.0,0.5,3.0,1.0,0.5,0.0,0.0,0.0,51.2,3.8,1.0,0.0014043428571428,0.0351755428571428,0.0399238431897487,0
1.0,262144.0,1.0,6.0,1572864.0,3145728.0,0.5,3.0,1.0,0.5,0.0,0.0,0.0,51.2,3.8,1.0,0.0449389714285714,0.0406173714285714,1.106397825560914,1
1.0,1024.0,1.0,12.0,12288.0,12288.0,1.0,3.0,1.0,1.0,0.0,0.0,0.0,51.2,3.8,1.0,0.001,0.035125,0.0284697508896797,0
1.0,8192.0,1.0,12.0,98304.0,98304.0,1.0,3.0,1.0,1.0,0.0,0.0,0.0,51.2,3.8,1.0,0.0028086857142857,0.0353510857142857,0.0794511867891711,0
1.0,65536.0,1.0,12.0,786432.0,786432.0,1.0,3.0,1.0,1.0,0.0,0.0,0.0,51.2,3.8,1.0,0.0224694857142857,0.0378086857142857,0.5942942815860905,0
1.0,262144.0,1.0,12.0,3145728.0,3145728.0,1.0,3.0,1.0,1.0,0.0,0.0,0.0,51.2,3.8,1.0,0.0898779428571428,0.0462347428571428,1.943948150308735,1
1.0,1048576.0,1.0,12.0,12582912.0,12582912.0,1.0,3.0,1.0,1.0,0.0,0.0,0.0,51.2,3.8,1.0,0.3595117714285714,0.0799389714285714,4.497327961616433,1
1.0,256.0,2.0,5.0,1280.0,3072.0,0.4166666666666667,4.0,0.4,0.5,1.0,0.0,0.0,51.2,3.8,1.0,0.001,0.035125,0.0284697508896797,0
1.0,16384.0,2.0,5.0,81920.0,196608.0,0.4166666666666667,4.0,0.4,0.5,1.0,0.0,0.0,51.2,3.8,1.0,0.0023405714285714,0.0352925714285714,0.0663190958842006,0
1.0,1048576.0,2.0,5.0,5242880.0,12582912.0,0.4166666666666667,4.0,0.4,0.5,1.0,0.0,0.0,51.2,3.8,1.0,0.1497965714285714,0.0537245714285714,2.7882320406730625,1
1.0,256.0,2.0,5.0,1280.0,3072.0,0.4166666666666667,4.0,0.4,0.5,0.0,1.0,0.0,51.2,3.8,1.0,0.001,0.035125,0.0284697508896797,0
1.0,1024.0,2.0,5.0,5120.0,12288.0,0.4166666666666667,4.0,0.4,0.5,0.0,1.0,0.0,51.2,3.8,1.0,0.001,0.035125,0.0284697508896797,0
1.0,262144.0,2.0,5.0,1310720.0,3145728.0,0.4166666666666667,4.0,0.4,0.5,0.0,1.0,0.0,51.2,3.8,1.0,0.0374491428571428,0.0396811428571428,0.9437516200570258,0
1.0,1048576.0,2.0,5.0,5242880.0,12582912.0,0.4166666666666667,4.0,0.4,0.5,0.0,1.0,0.0,51.2,3.8,1.0,0.1497965714285714,0.0537245714285714,2.7882320406730625,1
1.0,256.0,2.0,10.0,2560.0,3072.0,0.8333333333333334,3.0,1.0,0.5,0.0,0.0,0.0,51.2,3.8,1.0,0.001,0.02924,0.0341997264021887,0
1.0,16384.0,2.0,10.0,163840.0,196608.0,0.8333333333333334,3.0,1.0,0.5,0.0,0.0,0.0,51.2,3.8,1.0,0.0046811428571428,0.15751,0.0297196549878919,0
1.0,65536.0,2.0,10.0,655360.0,786432.0,0.8333333333333334,3.0,1.0,0.5,0.0,0.0,0.0,51.2,3.8,1.0,0.0187245714285714,0.95458,0.0196155077925071,0
1.0,262144.0,2.0,10.0,2621440.0,3145728.0,0.8333333333333334,3.0,1.0,0.5,0.0,0.0,0.0,51.2,3.8,1.0,0.0748982857142857,1.3779899999999998,0.0543532868266719,0
1.0,32768.0,3.0,11.0,65536.0,12288.0,5.333333333333333,4000.0,0.4,0.5,0.0,1.0,0.0,51.2,3.8,1.0,0.02638,0.09883,0.2669229990893453,0
1.0,262144.0,3.0,11.0,524288.0,49152.0,10.666666666666666,4000.0,0.4,0.5,0.0,1.0,0.0,51.2,3.8,1.0,0.203,0.11344,1.789492242595205,1
1.0,884736.0,3.0,11.0,1769472.0,110592.0,16.0,4000.0,0.4,0.5,0.0,1.0,0.0,51.2,3.8,1.0,0.71232,0.0927099999999999,7.6833135584079395,1
1.0,2097152.0,3.0,11.0,4194304.0,196608.0,21.33333333333333,4000.0,0.4,0.5,0.0,1.0,0.0,51.2,3.8,1.0,3.52532,1.37662,2.56085194171231,1
1.0,7077888.0,3.0,11.0,14155776.0,442368.0,32.0,4000.0,0.4,0.5,0.0,1.0,0.0,51.2,3.8,1.0,7.84628,3.1087199999999995,2.5239584137522844,1
1.0,16777216.0,3.0,11.0,33554432.0,786432.0,42.66666666666666,4000.0,0.4,0.5,0.0,1.0,0.0,51.2,3.8,1.0,33.91508,5.938350000000001,5.711195870906901,1
1.0,56623104.0,3.0,11.0,113246208.0,1769472.0,64.0,4000.0,0.4,0.5,0.0,1.0,0.0,51.2,3.8,1.0,107.42024,17.6198,6.096564092668475,1
1.0,134217728.0,3.0,11.0,268435456.0,3145728.0,85.33333333333333,4000.0,0.4,0.5,0.0,1.0,0.0,51.2,3.8,1.0,665.77118,42.49888,15.665617070379266,1
1.0,452984832.0,3.0,11.0,905969664.0,7077888.0,128.0,4000.0,0.4,0.5,0.0,1.0,0.0,51.2,3.8,1.0,1177.17414,138.15829000000002,8.52047416047202,1
1.0,1073741824.0,3.0,11.0,2147483648.0,12582912.0,170.66666666666666,4000.0,0.4,0.5,0.0,1.0,0.0,51.2,3.8,1.0,337.4617161142857,335.99079,1.0043778762932332,0
1.0,32768.0,3.0,10.0,65536.0,12288.0,5.333333333333333,3000.0,0.4,0.5,0.0,1.0,0.0,51.2,3.8,1.0,0.0093622857142857,0.05588,0.1675426935269454,0
1.0,262144.0,3.0,10.0,524288.0,49152.0,10.666666666666666,3000.0,0.4,0.5,0.0,1.0,0.0,51.2,3.8,1.0,0.0748982857142857,0.04304,1.7402018056293147,1
1.0,884736.0,3.0,10.0,1769472.0,110592.0,16.0,3000.0,0.4,0.5,0.0,1.0,0.0,51.2,3.8,1.0,0.2527817142857143,0.25476,0.9922347082968844,0
1.0,2097152.0,3.0,10.0,4194304.0,196608.0,21.33333333333333,3000.0,0.4,0.5,0.0,1.0,0.0,51.2,3.8,1.0,0.5991862857142857,1.28552,0.4661042113030413,0
1.0,7077888.0,3.0,10.0,14155776.0,442368.0,32.0,3000.0,0.4,0.5,0.0,1.0,0.0,51.2,3.8,1.0,2.022253714285714,3.0807299999999995,0.6564203011252899,0
1.0,16777216.0,3.0,10.0,33554432.0,786432.0,42.66666666666666,3000.0,0.4,0.5,0.0,1.0,0.0,51.2,3.8,1.0,4.793490285714285,6.981389999999999,0.6866097275348155,0
1.0,56623104.0,3.0,10.0,113246208.0,1769472.0,64.0,3000.0,0.4,0.5,0.0,1.0,0.0,51.2,3.8,1.0,16.178029714285714,16.02084,1.0098115775630812,0
1.0,134217728.0,3.0,10.0,268435456.0,3145728.0,85.33333333333333,3000.0,0.4,0.5,0.0,1.0,0.0,51.2,3.8,1.0,38.34792228571428,40.29594,0.951657221191869,0
1.0,4096.0,2.0,7.0,28672.0,49152.0,0.5833333333333334,4.0,0.4,0.5,0.0,1.0,0.0,51.2,3.8,1.0,0.0032,0.06456,0.0495662949194547,0
1.0,16384.0,2.0,7.0,114688.0,196608.0,0.5833333333333334,4.0,0.4,0.5,0.0,1.0,0.0,51.2,3.8,1.0,0.0221,0.8102,0.0272772155023451,0
1.0,65536.0,2.0,7.0,458752.0,786432.0,0.5833333333333334,4.0,0.4,0.5,0.0,1.0,0.0,51.2,3.8,1.0,0.0731,6.63252,0.0110214518765114,0
1.0,262144.0,2.0,7.0,1835008.0,3145728.0,0.5833333333333334,4.0,0.4,0.5,0.0,1.0,0.0,51.2,3.8,1.0,0.31034,38.26869,0.0081095015272276,0
1.0,1048576.0,2.0,7.0,7340032.0,12582912.0,0.5833333333333334,4.0,0.4,0.5,0.0,1.0,0.0,51.2,3.8,1.0,1.24522,287.05999,0.0043378389304618,0
1.0,4194304.0,2.0,7.0,29360128.0,50331648.0,0.5833333333333334,4.0,0.4,0.5,0.0,1.0,0.0,51.2,3.8,1.0,5.54512,3869.08734,0.001433185532586,0
1.0,16777216.0,2.0,7.0,117440512.0,201326592.0,0.5833333333333334,4.0,0.4,0.5,0.0,1.0,0.0,51.2,3.8,1.0,23.9193,35020.39641,0.0006830105439117,0
1.0,4096.0,2.0,4.0,16384.0,49152.0,0.3333333333333333,2.0,1.0,0.5,0.0,0.0,0.0,51.2,3.8,1.0,2e-05,0.01678,0.00119189511323,0
1.0,16384.0,2.0,4.0,65536.0,196608.0,0.3333333333333333,2.0,1.0,0.5,0.0,0.0,0.0,51.2,3.8,1.0,2e-05,0.02494,0.0008019246190858,0
1.0,65536.0,2.0,4.0,262144.0,786432.0,0.3333333333333333,2.0,1.0,0.5,0.0,0.0,0.0,51.2,3.8,1.0,2e-05,0.6528900000000001,3.063303159797209e-05,0
1.0,262144.0,2.0,4.0,1048576.0,3145728.0,0.3333333333333333,2.0,1.0,0.5,0.0,0.0,0.0,51.2,3.8,1.0,0.0299593142857142,0.92741,0.0323042821251811,0
1.0,1048576.0,2.0,4.0,4194304.0,12582912.0,0.3333333333333333,2.0,1.0,0.5,0.0,0.0,0.0,51.2,3.8,1.0,0.1198372571428571,1.98809,0.0602775815696759,0
1.0,4194304.0,2.0,4.0,16777216.0,50331648.0,0.3333333333333333,2.0,1.0,0.5,0.0,0.0,0.0,51.2,3.8,1.0,0.4793490285714286,7.0665700000000005,0.0678333376123676,0
1.0,4096.0,2.0,12.0,49152.0,49152.0,1.0,12.0,0.4,0.5,0.0,1.0,0.0,51.2,3.8,1.0,0.0526,0.06781,0.7756967998820232,0
1.0,16384.0,2.0,12.0,196608.0,196608.0,1.0,12.0,0.4,0.5,0.0,1.0,0.0,51.2,3.8,1.0,0.4504,0.21168,2.127739984882842,1
1.0,65536.0,2.0,12.0,786432.0,786432.0,1.0,12.0,0.4,0.5,0.0,1.0,0.0,51.2,3.8,1.0,1.16,1.96901,0.5891285468331801,0
1.0,262144.0,2.0,12.0,3145728.0,3145728.0,1.0,12.0,0.4,0.5,0.0,1.0,0.0,51.2,3.8,1.0,3.90206,3.68195,1.0597808226619048,0
1.0,1048576.0,2.0,12.0,12582912.0,12582912.0,1.0,12.0,0.4,0.5,0.0,1.0,0.0,51.2,3.8,1.0,15.61956,9.39276,1.662936133788152,1
1.0,4194304.0,2.0,12.0,50331648.0,50331648.0,1.0,12.0,0.4,0.5,0.0,1.0,0.0,51.2,3.8,1.0,69.46588,89.86016000000001,0.7730442500881368,0
1.0,4096.0,2.0,75.0,307200.0,49152.0,6.25,13.0,1.0,0.5,0.0,0.0,0.0,51.2,3.8,1.0,0.0087771428571428,0.0390999999999999,0.2244793569601753,0
1.0,16384.0,2.0,75.0,1228800.0,196608.0,6.25,13.0,1.0,0.5,0.0,0.0,0.0,51.2,3.8,1.0,0.0351085714285714,0.02394,1.4665234514858574,1
1.0,65536.0,2.0,75.0,4915200.0,786432.0,6.25,13.0,1.0,0.5,0.0,0.0,0.0,51.2,3.8,1.0,0.1404342857142857,0.54138,0.2594005794715093,0
1.0,262144.0,2.0,75.0,19660800.0,3145728.0,6.25,13.0,1.0,0.5,0.0,0.0,0.0,51.2,3.8,1.0,0.5617371428571428,0.86107,0.6523710532908391,0
1.0,1048576.0,2.0,75.0,78643200.0,12582912.0,6.25,13.0,1.0,0.5,0.0,0.0,0.0,51.2,3.8,1.0,2.2469485714285717,2.0622,1.0895880959308368,0
1.0,4194304.0,2.0,75.0,314572800.0,50331648.0,6.25,13.0,1.0,0.5,0.0,0.0,0.0,51.2,3.8,1.0,8.987794285714285,7.11328,1.2635231968535312,1
1.0,4096.0,2.0,21.0,86016.0,49152.0,1.75,6.0,1.0,0.5,0.0,0.0,0.0,51.2,3.8,1.0,2e-05,0.01754,0.0011402508551881,0
1.0,16384.0,2.0,21.0,344064.0,196608.0,1.75,6.0,1.0,0.5,0.0,0.0,0.0,51.2,3.8,1.0,2e-05,0.02418,0.0008271298593879,0
1.0,65536.0,2.0,21.0,1376256.0,786432.0,1.75,6.0,1.0,0.5,0.0,0.0,0.0,51.2,3.8,1.0,2e-05,0.47862,4.1786803727382895e-05,0
1.0,262144.0,2.0,21.0,5505024.0,3145728.0,1.75,6.0,1.0,0.5,0.0,0.0,0.0,51.2,3.8,1.0,0.1572864,1.13273,0.138856038067324,0
1.0,1048576.0,2.0,21.0,22020096.0,12582912.0,1.75,6.0,1.0,0.5,0.0,0.0,0.0,51.2,3.8,1.0,0.6291456,1.71669,0.366487601139402,0
1.0,4194304.0,2.0,21.0,88080384.0,50331648.0,1.75,6.0,1.0,0.5,0.0,0.0,0.0,51.2,3.8,1.0,2.5165824,8.377040000000001,0.3004142752093818,0
1.0,8192.0,1.0,1.0,8192.0,98304.0,0.0833333333333333,3.0,1.0,1.0,0.0,0.0,0.0,51.2,3.8,1.0,2e-05,0.0350025,0.0005713877580172,0
1.0,262144.0,1.0,1.0,262144.0,3145728.0,0.0833333333333333,3.0,1.0,1.0,0.0,0.0,0.0,51.2,3.8,1.0,2e-05,0.0350025,0.0005713877580172,0
1.0,1048576.0,1.0,1.0,1048576.0,12582912.0,0.0833333333333333,3.0,1.0,1.0,0.0,0.0,0.0,51.2,3.8,1.0,0.0299593142857142,0.0387449142857142,0.7732450784324135,0
1.0,4194304.0,1.0,1.0,4194304.0,50331648.0,0.0833333333333333,3.0,1.0,1.0,0.0,0.0,0.0,51.2,3.8,1.0,2e-05,0.0350025,0.0005713877580172,0
1.0,1024.0,1.0,2.0,2048.0,12288.0,0.1666666666666666,3.0,1.0,1.0,0.0,0.0,0.0,51.2,3.8,1.0,0.00016,0.03502,0.0045688178183894,0
1.0,8192.0,1.0,2.0,16384.0,98304.0,0.1666666666666666,3.0,1.0,1.0,0.0,0.0,0.0,51.2,3.8,1.0,0.00124,0.035155,0.0352723652396529,0
1.0,65536.0,1.0,2.0,131072.0,786432.0,0.1666666666666666,3.0,1.0,1.0,0.0,0.0,0.0,51.2,3.8,1.0,0.01104,0.03638,0.3034634414513468,0
1.0,262144.0,1.0,2.0,524288.0,3145728.0,0.1666666666666666,3.0,1.0,1.0,0.0,0.0,0.0,51.2,3.8,1.0,0.04358,0.0404475,1.077446072068731,0
1.0,1048576.0,1.0,2.0,2097152.0,12582912.0,0.1666666666666666,3.0,1.0,1.0,0.0,0.0,0.0,51.2,3.8,1.0,0.18008,0.05751,3.131281516258042,1
1.0,4194304.0,1.0,2.0,8388608.0,50331648.0,0.1666666666666666,3.0,1.0,1.0,0.0,0.0,0.0,51.2,3.8,1.0,2.74486,0.3781075,7.259469859762104,1
1.0,1024.0,1.0,4.0,4096.0,12288.0,0.3333333333333333,7.0,1.0,1.0,1.0,0.0,0.0,51.2,3.8,1.0,0.001,0.035125,0.0284697508896797,0
1.0,8192.0,1.0,4.0,32768.0,98304.0,0.3333333333333333,7.0,1.0,1.0,1.0,0.0,0.0,51.2,3.8,1.0,2e-05,0.0350025,0.0005713877580172,0
1.0,65536.0,1.0,4.0,262144.0,786432.0,0.3333333333333333,7.0,1.0,1.0,1.0,0.0,0.0,51.2,3.8,1.0,0.0074898285714285,0.0359362285714285,0.2084199947844117,0
1.0,262144.0,1.0,4.0,1048576.0,3145728.0,0.3333333333333333,7.0,1.0,1.0,1.0,0.0,0.0,51.2,3.8,1.0,2e-05,0.0350025,0.0005713877580172,0
1.0,1048576.0,1.0,4.0,4194304.0,12582912.0,0.3333333333333333,7.0,1.0,1.0,1.0,0.0,0.0,51.2,3.8,1.0,2e-05,0.0350025,0.0005713877580172,0
1.0,2097152.0,1.0,4.0,8388608.0,25165824.0,0.3333333333333333,7.0,1.0,1.0,1.0,0.0,0.0,51.2,3.8,1.0,0.2396745142857143,0.0649593142857142,3.689609672164027,1
1.0,1024.0,1.0,6.0,6144.0,12288.0,0.5,3.0,1.0,0.5,0.0,0.0,0.0,51.2,3.8,1.0,0.001,0.035125,0.0284697508896797,0
1.0,8192.0,1.0,6.0,49152.0,98304.0,0.5,3.0,1.0,0.5,0.0,0.0,0.0,51.2,3.8,1.0,2e-05,0.0350025,0.0005713877580172,0
1.0,65536.0,1.0,6.0,393216.0,786432.0,0.5,3.0,1.0,0.5,0.0,0.0,0.0,51.2,3.8,1.0,2e-05,0.0350025,0.0005713877580172,0
1.0,1048576.0,1.0,6.0,6291456.0,12582912.0,0.5,3.0,1.0,0.5,0.0,0.0,0.0,51.2,3.8,1.0,2e-05,0.0350025,0.0005713877580172,0
1.0,1024.0,2.0,5.0,5120.0,12288.0,0.4166666666666667,4.0,0.4,0.5,1.0,0.0,0.0,51.2,3.8,1.0,0.001,0.035125,0.0284697508896797,0
1.0,4096.0,2.0,5.0,20480.0,49152.0,0.4166666666666667,4.0,0.4,0.5,1.0,0.0,0.0,51.2,3.8,1.0,0.001,0.035125,0.0284697508896797,0
1.0,16384.0,2.0,5.0,81920.0,196608.0,0.4166666666666667,4.0,0.4,0.5,1.0,0.0,0.0,51.2,3.8,1.0,2e-05,0.0350025,0.0005713877580172,0
1.0,65536.0,2.0,5.0,327680.0,786432.0,0.4166666666666667,4.0,0.4,0.5,1.0,0.0,0.0,51.2,3.8,1.0,2e-05,0.0350025,0.0005713877580172,0
1.0,262144.0,2.0,5.0,1310720.0,3145728.0,0.4166666666666667,4.0,0.4,0.5,1.0,0.0,0.0,51.2,3.8,1.0,0.0374491428571428,0.0396811428571428,0.9437516200570258,0
1.0,1048576.0,2.0,5.0,5242880.0,12582912.0,0.4166666666666667,4.0,0.4,0.5,1.0,0.0,0.0,51.2,3.8,1.0,2e-05,0.0350025,0.0005713877580172,0
1.0,4096.0,2.0,5.0,20480.0,49152.0,0.4166666666666667,4.0,0.4,0.5,0.0,1.0,0.0,51.2,3.8,1.0,2e-05,0.0350025,0.0005713877580172,0
1.0,16384.0,2.0,5.0,81920.0,196608.0,0.4166666666666667,4.0,0.4,0.5,0.0,1.0,0.0,51.2,3.8,1.0,0.0023405714285714,0.0352925714285714,0.0663190958842006,0
1.0,65536.0,2.0,5.0,327680.0,786432.0,0.4166666666666667,4.0,0.4,0.5,0.0,1.0,0.0,51.2,3.8,1.0,0.0093622857142857,0.0361702857142857,0.2588391418370248,0
1.0,262144.0,2.0,5.0,1310720.0,3145728.0,0.4166666666666667,4.0,0.4,0.5,0.0,1.0,0.0,51.2,3.8,1.0,2e-05,0.0350025,0.0005713877580172,0
1.0,1048576.0,2.0,5.0,5242880.0,12582912.0,0.4166666666666667,4.0,0.4,0.5,0.0,1.0,0.0,51.2,3.8,1.0,2e-05,0.0350025,0.0005713877580172,0
1.0,256.0,2.0,10.0,2560.0,3072.0,0.8333333333333334,3.0,1.0,0.5,0.0,0.0,0.0,51.2,3.8,1.0,2e-05,0.0162399999999999,0.001231527093596,0
1.0,1024.0,2.0,10.0,10240.0,12288.0,0.8333333333333334,3.0,1.0,0.5,0.0,0.0,0.0,51.2,3.8,1.0,0.001,0.0206,0.0485436893203883,0
1.0,4096.0,2.0,10.0,40960.0,49152.0,0.8333333333333334,3.0,1.0,0.5,0.0,0.0,0.0,51.2,3.8,1.0,0.0011702857142857,0.03936,0.029732868757259,0
1.0,16384.0,2.0,10.0,163840.0,196608.0,0.8333333333333334,3.0,1.0,0.5,0.0,0.0,0.0,51.2,3.8,1.0,2e-05,0.15254,0.000131113150649,0
1.0,65536.0,2.0,10.0,655360.0,786432.0,0.8333333333333334,3.0,1.0,0.5,0.0,0.0,0.0,51.2,3.8,1.0,2e-05,0.6120000000000001,3.26797385620915e-05,0
1.0,262144.0,2.0,10.0,2621440.0,3145728.0,0.8333333333333334,3.0,1.0,0.5,0.0,0.0,0.0,51.2,3.8,1.0,2e-05,1.24611,1.6049947436422148e-05,0
1.0,1024.0,1.0,1.0,1024.0,12288.0,0.0833333333333333,1.0,1.0,1.0,0.0,0.0,0.0,51.2,3.8,1.0,2e-05,0.0300025,0.0006666111157403,0
1.0,1024.0,1.0,1.0,1024.0,12288.0,0.0833333333333333,1.0,1.0,1.0,1.0,0.0,0.0,51.2,3.8,1.0,2e-05,0.0300025,0.0006666111157403,0
1.0,1024.0,1.0,1.0,1024.0,12288.0,0.0833333333333333,1.0,0.5,0.5,0.0,0.0,0.0,51.2,3.8,1.0,0.001,0.030125,0.0331950207468879,0
1.0,1024.0,1.0,1.0,1024.0,12288.0,0.0833333333333333,1.0,0.5,0.5,1.0,0.0,0.0,51.2,3.8,1.0,0.001,0.030125,0.0331950207468879,0
1.0,1024.0,1.0,1.0,1024.0,12288.0,0.0833333333333333,1.0,0.25,0.25,0.0,0.0,0.0,51.2,3.8,1.0,2e-05,0.0300025,0.0006666111157403,0
1.0,1024.0,1.0,1.0,1024.0,12288.0,0.0833333333333333,1.0,0.25,0.25,1.0,0.0,0.0,51.2,3.8,1.0,2e-05,0.0300025,0.0006666111157403,0
1.0,1024.0,1.0,2.0,2048.0,12288.0,0.1666666666666666,1.0,1.0,1.0,0.0,0.0,0.0,51.2,3.8,1.0,0.001,0.030125,0.0331950207468879,0
1.0,1024.0,1.0,2.0,2048.0,12288.0,0.1666666666666666,1.0,1.0,1.0,1.0,0.0,0.0,51.2,3.8,1.0,2e-05,0.0300025,0.0006666111157403,0
1.0,1024.0,1.0,2.0,2048.0,12288.0,0.1666666666666666,1.0,0.5,0.5,0.0,0.0,0.0,51.2,3.8,1.0,0.001,0.030125,0.0331950207468879,0
1.0,1024.0,1.0,2.0,2048.0,12288.0,0.1666666666666666,1.0,0.5,0.5,1.0,0.0,0.0,51.2,3.8,1.0,0.001,0.030125,0.0331950207468879,0
1.0,1024.0,1.0,2.0,2048.0,12288.0,0.1666666666666666,1.0,0.25,0.25,0.0,0.0,0.0,51.2,3.8,1.0,2e-05,0.0300025,0.0006666111157403,0
1.0,1024.0,1.0,2.0,2048.0,12288.0,0.1666666666666666,1.0,0.25,0.25,1.0,0.0,0.0,51.2,3.8,1.0,0.001,0.030125,0.0331950207468879,0
1.0,1024.0,1.0,4.0,4096.0,12288.0,0.3333333333333333,1.0,1.0,1.0,0.0,0.0,0.0,51.2,3.8,1.0,0.001,0.030125,0.0331950207468879,0
1.0,1024.0,1.0,4.0,4096.0,12288.0,0.3333333333333333,1.0,1.0,1.0,1.0,0.0,0.0,51.2,3.8,1.0,0.001,0.030125,0.0331950207468879,0
1.0,1024.0,1.0,4.0,4096.0,12288.0,0.3333333333333333,1.0,0.5,0.5,0.0,0.0,0.0,51.2,3.8,1.0,0.001,0.030125,0.0331950207468879,0
1.0,1024.0,1.0,4.0,4096.0,12288.0,0.3333333333333333,1.0,0.5,0.5,1.0,0.0,0.0,51.2,3.8,1.0,2e-05,0.0300025,0.0006666111157403,0
1.0,1024.0,1.0,4.0,4096.0,12288.0,0.3333333333333333,1.0,0.25,0.25,0.0,0.0,0.0,51.2,3.8,1.0,2e-05,0.0300025,0.0006666111157403,0
1.0,1024.0,1.0,4.0,4096.0,12288.0,0.3333333333333333,1.0,0.25,0.25,1.0,0.0,0.0,51.2,3.8,1.0,0.001,0.030125,0.0331950207468879,0
1.0,1024.0,1.0,8.0,8192.0,12288.0,0.6666666666666666,1.0,1.0,1.0,0.0,0.0,0.0,51.2,3.8,1.0,2e-05,0.0300025,0.0006666111157403,0
1.0,1024.0,1.0,8.0,8192.0,12288.0,0.6666666666666666,1.0,1.0,1.0,1.0,0.0,0.0,51.2,3.8,1.0,0.001,0.030125,0.0331950207468879,0
1.0,1024.0,1.0,8.0,8192.0,12288.0,0.6666666666666666,1.0,0.5,0.5,0.0,0.0,0.0,51.2,3.8,1.0,0.001,0.030125,0.0331950207468879,0
1.0,1024.0,1.0,8.0,8192.0,12288.0,0.6666666666666666,1.0,0.5,0.5,1.0,0.0,0.0,51.2,3.8,1.0,2e-05,0.0300025,0.0006666111157403,0
1.0,1024.0,1.0,8.0,8192.0,12288.0,0.6666666666666666,1.0,0.25,0.25,0.0,0.0,0.0,51.2,3.8,1.0,0.001,0.030125,0.0331950207468879,0
1.0,1024.0,1.0,8.0,8192.0,12288.0,0.6666666666666666,1.0,0.25,0.25,1.0,0.0,0.0,51.2,3.8,1.0,2e-05,0.0300025,0.0006666111157403,0
1.0,1024.0,1.0,16.0,16384.0,12288.0,1.3333333333333333,1.0,1.0,1.0,0.0,0.0,0.0,51.2,3.8,1.0,2e-05,0.0300025,0.0006666111157403,0
1.0,1024.0,1.0,16.0,16384.0,12288.0,1.3333333333333333,1.0,1.0,1.0,1.0,0.0,0.0,51.2,3.8,1.0,2e-05,0.0300025,0.0006666111157403,0
1.0,1024.0,1.0,16.0,16384.0,12288.0,1.3333333333333333,1.0,0.5,0.5,0.0,0.0,0.0,51.2,3.8,1.0,2e-05,0.0300025,0.0006666111157403,0
1.0,1024.0,1.0,16.0,16384.0,12288.0,1.3333333333333333,1.0,0.5,0.5,1.0,0.0,0.0,51.2,3.8,1.0,2e-05,0.0300025,0.0006666111157403,0
1.0,1024.0,1.0,16.0,16384.0,12288.0,1.3333333333333333,1.0,0.25,0.25,0.0,0.0,0.0,51.2,3.8,1.0,0.001,0.030125,0.0331950207468879,0
1.0,1024.0,1.0,16.0,16384.0,12288.0,1.3333333333333333,1.0,0.25,0.25,1.0,0.0,0.0,51.2,3.8,1.0,2e-05,0.0300025,0.0006666111157403,0
1.0,1024.0,1.0,32.0,32768.0,12288.0,2.6666666666666665,1.0,1.0,1.0,0.0,0.0,0.0,51.2,3.8,1.0,2e-05,0.0300025,0.0006666111157403,0
1.0,1024.0,1.0,32.0,32768.0,12288.0,2.6666666666666665,1.0,1.0,1.0,1.0,0.0,0.0,51.2,3.8,1.0,2e-05,0.0300025,0.0006666111157403,0
1.0,1024.0,1.0,32.0,32768.0,12288.0,2.6666666666666665,1.0,0.5,0.5,0.0,0.0,0.0,51.2,3.8,1.0,2e-05,0.0300025,0.0006666111157403,0
1.0,1024.0,1.0,32.0,32768.0,12288.0,2.6666666666666665,1.0,0.5,0.5,1.0,0.0,0.0,51.2,3.8,1.0,2e-05,0.0300025,0.0006666111157403,0
1.0,1024.0,1.0,32.0,32768.0,12288.0,2.6666666666666665,1.0,0.25,0.25,0.0,0.0,0.0,51.2,3.8,1.0,2e-05,0.0300025,0.0006666111157403,0
1.0,1024.0,1.0,32.0,32768.0,12288.0,2.6666666666666665,1.0,0.25,0.25,1.0,0.0,0.0,51.2,3.8,1.0,2e-05,0.0300025,0.0006666111157403,0
1.0,4096.0,1.0,1.0,4096.0,49152.0,0.0833333333333333,1.0,1.0,1.0,0.0,0.0,0.0,51.2,3.8,1.0,0.001,0.030125,0.0331950207468879,0
1.0,4096.0,1.0,1.0,4096.0,49152.0,0.0833333333333333,1.0,1.0,1.0,1.0,0.0,0.0,51.2,3.8,1.0,0.001,0.030125,0.0331950207468879,0
1.0,4096.0,1.0,1.0,4096.0,49152.0,0.0833333333333333,1.0,0.5,0.5,0.0,0.0,0.0,51.2,3.8,1.0,2e-05,0.0300025,0.0006666111157403,0
1.0,4096.0,1.0,1.0,4096.0,49152.0,0.0833333333333333,1.0,0.5,0.5,1.0,0.0,0.0,51.2,3.8,1.0,2e-05,0.0300025,0.0006666111157403,0
1.0,4096.0,1.0,1.0,4096.0,49152.0,0.0833333333333333,1.0,0.25,0.25,0.0,0.0,0.0,51.2,3.8,1.0,2e-05,0.0300025,0.0006666111157403,0
1.0,4096.0,1.0,1.0,4096.0,49152.0,0.0833333333333333,1.0,0.25,0.25,1.0,0.0,0.0,51.2,3.8,1.0,2e-05,0.0300025,0.0006666111157403,0
1.0,4096.0,1.0,2.0,8192.0,49152.0,0.1666666666666666,1.0,1.0,1.0,0.0,0.0,0.0,51.2,3.8,1.0,2e-05,0.0300025,0.0006666111157403,0
1.0,4096.0,1.0,2.0,8192.0,49152.0,0.1666666666666666,1.0,1.0,1.0,1.0,0.0,0.0,51.2,3.8,1.0,2e-05,0.0300025,0.0006666111157403,0
1.0,4096.0,1.0,2.0,8192.0,49152.0,0.1666666666666666,1.0,0.5,0.5,0.0,0.0,0.0,51.2,3.8,1.0,2e-05,0.0300025,0.0006666111157403,0
1.0,4096.0,1.0,2.0,8192.0,49152.0,0.1666666666666666,1.0,0.5,0.5,1.0,0.0,0.0,51.2,3.8,1.0,2e-05,0.0300025,0.0006666111157403,0
1.0,4096.0,1.0,2.0,8192.0,49152.0,0.1666666666666666,1.0,0.25,0.25,0.0,0.0,0.0,51.2,3.8,1.0,0.001,0.030125,0.0331950207468879,0
1.0,4096.0,1.0,2.0,8192.0,49152.0,0.1666666666666666,1.0,0.25,0.25,1.0,0.0,0.0,51.2,3.8,1.0,2e-05,0.0300025,0.0006666111157403,0
1.0,4096.0,1.0,4.0,16384.0,49152.0,0.3333333333333333,1.0,1.0,1.0,0.0,0.0,0.0,51.2,3.8,1.0,2e-05,0.0300025,0.0006666111157403,0
1.0,4096.0,1.0,4.0,16384.0,49152.0,0.3333333333333333,1.0,1.0,1.0,1.0,0.0,0.0,51.2,3.8,1.0,0.001,0.030125,0.0331950207468879,0
1.0,4096.0,1.0,4.0,16384.0,49152.0,0.3333333333333333,1.0,0.5,0.5,0.0,0.0,0.0,51.2,3.8,1.0,2e-05,0.0300025,0.0006666111157403,0
1.0,4096.0,1.0,4.0,16384.0,49152.0,0.3333333333333333,1.0,0.5,0.5,1.0,0.0,0.0,51.2,3.8,1.0,0.001,0.030125,0.0331950207468879,0
1.0,4096.0,1.0,4.0,16384.0,49152.0,0.3333333333333333,1.0,0.25,0.25,0.0,0.0,0.0,51.2,3.8,1.0,0.001,0.030125,0.0331950207468879,0
1.0,4096.0,1.0,4.0,16384.0,49152.0,0.3333333333333333,1.0,0.25,0.25,1.0,0.0,0.0,51.2,3.8,1.0,0.001,0.030125,0.0331950207468879,0
1.0,4096.0,1.0,8.0,32768.0,49152.0,0.6666666666666666,1.0,1.0,1.0,0.0,0.0,0.0,51.2,3.8,1.0,0.001,0.030125,0.0331950207468879,0
1.0,4096.0,1.0,8.0,32768.0,49152.0,0.6666666666666666,1.0,1.0,1.0,1.0,0.0,0.0,51.2,3.8,1.0,2e-05,0.0300025,0.0006666111157403,0
1.0,4096.0,1.0,8.0,32768.0,49152.0,0.6666666666666666,1.0,0.5,0.5,0.0,0.0,0.0,51.2,3.8,1.0,0.001,0.030125,0.0331950207468879,0
1.0,4096.0,1.0,8.0,32768.0,49152.0,0.6666666666666666,1.0,0.5,0.5,1.0,0.0,0.0,51.2,3.8,1.0,0.001,0.030125,0.0331950207468879,0
1.0,4096.0,1.0,8.0,32768.0,49152.0,0.6666666666666666,1.0,0.25,0.25,0.0,0.0,0.0,51.2,3.8,1.0,2e-05,0.0300025,0.0006666111157403,0
1.0,4096.0,1.0,8.0,32768.0,49152.0,0.6666666666666666,1.0,0.25,0.25,1.0,0.0,0.0,51.2,3.8,1.0,0.001,0.030125,0.0331950207468879,0
1.0,4096.0,1.0,16.0,65536.0,49152.0,1.3333333333333333,1.0,1.0,1.0,0.0,0.0,0.0,51.2,3.8,1.0,2e-05,0.0300025,0.0006666111157403,0
1.0,4096.0,1.0,16.0,65536.0,49152.0,1.3333333333333333,1.0,1.0,1.0,1.0,0.0,0.0,51.2,3.8,1.0,2e-05,0.0300025,0.0006666111157403,0
1.0,4096.0,1.0,16.0,65536.0,49152.0,1.3333333333333333,1.0,0.5,0.5,0.0,0.0,0.0,51.2,3.8,1.0,2e-05,0.0300025,0.0006666111157403,0
1.0,4096.0,1.0,16.0,65536.0,49152.0,1.3333333333333333,1.0,0.5,0.5,1.0,0.0,0.0,51.2,3.8,1.0,0.0018724571428571,0.0302340571428571,0.0619320501383491,0
1.0,4096.0,1.0,16.0,65536.0,49152.0,1.3333333333333333,1.0,0.25,0.25,0.0,0.0,0.0,51.2,3.8,1.0,0.0018724571428571,0.0302340571428571,0.0619320501383491,0
1.0,4096.0,1.0,16.0,65536.0,49152.0,1.3333333333333333,1.0,0.25,0.25,1.0,0.0,0.0,51.2,3.8,1.0,2e-05,0.0300025,0.0006666111157403,0
1.0,4096.0,1.0,32.0,131072.0,49152.0,2.6666666666666665,1.0,1.0,1.0,0.0,0.0,0.0,51.2,3.8,1.0,2e-05,0.0300025,0.0006666111157403,0
1.0,4096.0,1.0,32.0,131072.0,49152.0,2.6666666666666665,1.0,1.0,1.0,1.0,0.0,0.0,51.2,3.8,1.0,2e-05,0.0300025,0.0006666111157403,0
1.0,4096.0,1.0,32.0,131072.0,49152.0,2.6666666666666665,1.0,0.5,0.5,0.0,0.0,0.0,51.2,3.8,1.0,0.0037449142857142,0.0304681142857142,0.1229125718315353,0
1.0,4096.0,1.0,32.0,131072.0,49152.0,2.6666666666666665,1.0,0.5,0.5,1.0,0.0,0.0,51.2,3.8,1.0,2e-05,0.0300025,0.0006666111157403,0
1.0,4096.0,1.0,32.0,131072.0,49152.0,2.6666666666666665,1.0,0.25,0.25,0.0,0.0,0.0,51.2,3.8,1.0,2e-05,0.0300025,0.0006666111157403,0
1.0,4096.0,1.0,32.0,131072.0,49152.0,2.6666666666666665,1.0,0.25,0.25,1.0,0.0,0.0,51.2,3.8,1.0,2e-05,0.0300025,0.0006666111157403,0
1.0,16384.0,1.0,1.0,16384.0,196608.0,0.0833333333333333,1.0,1.0,1.0,0.0,0.0,0.0,51.2,3.8,1.0,2e-05,0.0300025,0.0006666111157403,0
1.0,16384.0,1.0,1.0,16384.0,196608.0,0.0833333333333333,1.0,1.0,1.0,1.0,0.0,0.0,51.2,3.8,1.0,2e-05,0.0300025,0.0006666111157403,0
1.0,16384.0,1.0,1.0,16384.0,196608.0,0.0833333333333333,1.0,0.5,0.5,0.0,0.0,0.0,51.2,3.8,1.0,6e-05,0.0300075,0.0019995001249687,0
1.0,16384.0,1.0,1.0,16384.0,196608.0,0.0833333333333333,1.0,0.5,0.5,1.0,0.0,0.0,51.2,3.8,1.0,2e-05,0.0300025,0.0006666111157403,0
1.0,16384.0,1.0,1.0,16384.0,196608.0,0.0833333333333333,1.0,0.25,0.25,0.0,0.0,0.0,51.2,3.8,1.0,0.001,0.030125,0.0331950207468879,0
1.0,16384.0,1.0,1.0,16384.0,196608.0,0.0833333333333333,1.0,0.25,0.25,1.0,0.0,0.0,51.2,3.8,1.0,2e-05,0.0300025,0.0006666111157403,0
1.0,16384.0,1.0,2.0,32768.0,196608.0,0.1666666666666666,1.0,1.0,1.0,0.0,0.0,0.0,51.2,3.8,1.0,2e-05,0.0300025,0.0006666111157403,0
1.0,16384.0,1.0,2.0,32768.0,196608.0,0.1666666666666666,1.0,1.0,1.0,1.0,0.0,0.0,51.2,3.8,1.0,0.001,0.030125,0.0331950207468879,0
1.0,16384.0,1.0,2.0,32768.0,196608.0,0.1666666666666666,1.0,0.5,0.5,0.0,0.0,0.0,51.2,3.8,1.0,2e-05,0.0300025,0.0006666111157403,0
1.0,16384.0,1.0,2.0,32768.0,196608.0,0.1666666666666666,1.0,0.5,0.5,1.0,0.0,0.0,51.2,3.8,1.0,2e-05,0.0300025,0.0006666111157403,0
1.0,16384.0,1.0,2.0,32768.0,196608.0,0.1666666666666666,1.0,0.25,0.25,0.0,0.0,0.0,51.2,3.8,1.0,2e-05,0.0300025,0.0006666111157403,0
1.0,16384.0,1.0,2.0,32768.0,196608.0,0.1666666666666666,1.0,0.25,0.25,1.0,0.0,0.0,51.2,3.8,1.0,2e-05,0.0300025,0.0006666111157403,0
1.0,16384.0,1.0,4.0,65536.0,196608.0,0.3333333333333333,1.0,1.0,1.0,0.0,0.0,0.0,51.2,3.8,1.0,2e-05,0.0300025,0.0006666111157403,0
1.0,16384.0,1.0,4.0,65536.0,196608.0,0.3333333333333333,1.0,1.0,1.0,1.0,0.0,0.0,51.2,3.8,1.0,2e-05,0.0300025,0.0006666111157403,0
1.0,16384.0,1.0,4.0,65536.0,196608.0,0.3333333333333333,1.0,0.5,0.5,0.0,0.0,0.0,51.2,3.8,1.0,2e-05,0.0300025,0.0006666111157403,0
1.0,16384.0,1.0,4.0,65536.0,196608.0,0.3333333333333333,1.0,0.5,0.5,1.0,0.0,0.0,51.2,3.8,1.0,0.0018724571428571,0.0302340571428571,0.0619320501383491,0
1.0,16384.0,1.0,4.0,65536.0,196608.0,0.3333333333333333,1.0,0.25,0.25,0.0,0.0,0.0,51.2,3.8,1.0,0.0018724571428571,0.0302340571428571,0.0619320501383491,0
1.0,16384.0,1.0,4.0,65536.0,196608.0,0.3333333333333333,1.0,0.25,0.25,1.0,0.0,0.0,51.2,3.8,1.0,2e-05,0.0300025,0.0006666111157403,0
1.0,16384.0,1.0,8.0,131072.0,196608.0,0.6666666666666666,1.0,1.0,1.0,0.0,0.0,0.0,51.2,3.8,1.0,2e-05,0.0300025,0.0006666111157403,0
1.0,16384.0,1.0,8.0,131072.0,196608.0,0.6666666666666666,1.0,1.0,1.0,1.0,0.0,0.0,51.2,3.8,1.0,2e-05,0.0300025,0.0006666111157403,0
1.0,16384.0,1.0,8.0,131072.0,196608.0,0.6666666666666666,1.0,0.5,0.5,0.0,0.0,0.0,51.2,3.8,1.0,2e-05,0.0300025,0.0006666111157403,0
1.0,16384.0,1.0,8.0,131072.0,196608.0,0.6666666666666666,1.0,0.5,0.5,1.0,0.0,0.0,51.2,3.8,1.0,2e-05,0.0300025,0.0006666111157403,0
1.0,16384.0,1.0,8.0,131072.0,196608.0,0.6666666666666666,1.0,0.25,0.25,0.0,0.0,0.0,51.2,3.8,1.0,0.0037449142857142,0.0304681142857142,0.1229125718315353,0
1.0,16384.0,1.0,8.0,131072.0,196608.0,0.6666666666666666,1.0,0.25,0.25,1.0,0.0,0.0,51.2,3.8,1.0,2e-05,0.0300025,0.0006666111157403,0
1.0,16384.0,1.0,16.0,262144.0,196608.0,1.3333333333333333,1.0,1.0,1.0,0.0,0.0,0.0,51.2,3.8,1.0,0.0074898285714285,0.0309362285714285,0.2421054187046532,0
1.0,16384.0,1.0,16.0,262144.0,196608.0,1.3333333333333333,1.0,1.0,1.0,1.0,0.0,0.0,51.2,3.8,1.0,0.0074898285714285,0.0309362285714285,0.2421054187046532,0
1.0,16384.0,1.0,16.0,262144.0,196608.0,1.3333333333333333,1.0,0.5,0.5,0.0,0.0,0.0,51.2,3.8,1.0,2e-05,0.0300025,0.0006666111157403,0
1.0,16384.0,1.0,16.0,262144.0,196608.0,1.3333333333333333,1.0,0.5,0.5,1.0,0.0,0.0,51.2,3.8,1.0,0.0074898285714285,0.0309362285714285,0.2421054187046532,0
1.0,16384.0,1.0,16.0,262144.0,196608.0,1.3333333333333333,1.0,0.25,0.25,0.0,0.0,0.0,51.2,3.8,1.0,2e-05,0.0300025,0.0006666111157403,0
1.0,16384.0,1.0,16.0,262144.0,196608.0,1.3333333333333333,1.0,0.25,0.25,1.0,0.0,0.0,51.2,3.8,1.0,2e-05,0.0300025,0.0006666111157403,0
1.0,16384.0,1.0,32.0,524288.0,196608.0,2.6666666666666665,1.0,1.0,1.0,0.0,0.0,0.0,51.2,3.8,1.0,0.0149796571428571,0.0318724571428571,0.4699875216936074,0
1.0,16384.0,1.0,32.0,524288.0,196608.0,2.6666666666666665,1.0,1.0,1.0,1.0,0.0,0.0,51.2,3.8,1.0,0.0149796571428571,0.0318724571428571,0.4699875216936074,0
1.0,16384.0,1.0,32.0,524288.0,196608.0,2.6666666666666665,1.0,0.5,0.5,0.0,0.0,0.0,51.2,3.8,1.0,2e-05,0.0300025,0.0006666111157403,0
1.0,16384.0,1.0,32.0,524288.0,196608.0,2.6666666666666665,1.0,0.5,0.5,1.0,0.0,0.0,51.2,3.8,1.0,2e-05,0.0300025,0.0006666111157403,0
1.0,16384.0,1.0,32.0,524288.0,196608.0,2.6666666666666665,1.0,0.25,0.25,0.0,0.0,0.0,51.2,3.8,1.0,0.0149796571428571,0.0318724571428571,0.4699875216936074,0
1.0,16384.0,1.0,32.0,524288.0,196608.0,2.6666666666666665,1.0,0.25,0.25,1.0,0.0,0.0,51.2,3.8,1.0,0.0149796571428571,0.0318724571428571,0.4699875216936074,0
1.0,65536.0,1.0,1.0,65536.0,786432.0,0.0833333333333333,1.0,1.0,1.0,0.0,0.0,0.0,51.2,3.8,1.0,2e-05,0.0300025,0.0006666111157403,0
1.0,65536.0,1.0,1.0,65536.0,786432.0,0.0833333333333333,1.0,1.0,1.0,1.0,0.0,0.0,51.2,3.8,1.0,0.0018724571428571,0.0302340571428571,0.0619320501383491,0
1.0,65536.0,1.0,1.0,65536.0,786432.0,0.0833333333333333,1.0,0.5,0.5,0.0,0.0,0.0,51.2,3.8,1.0,0.0018724571428571,0.0302340571428571,0.0619320501383491,0
1.0,65536.0,1.0,1.0,65536.0,786432.0,0.0833333333333333,1.0,0.5,0.5,1.0,0.0,0.0,51.2,3.8,1.0,2e-05,0.0300025,0.0006666111157403,0
1.0,65536.0,1.0,1.0,65536.0,786432.0,0.0833333333333333,1.0,0.25,0.25,0.0,0.0,0.0,51.2,3.8,1.0,2e-05,0.0300025,0.0006666111157403,0
1.0,65536.0,1.0,1.0,65536.0,786432.0,0.0833333333333333,1.0,0.25,0.25,1.0,0.0,0.0,51.2,3.8,1.0,0.0018724571428571,0.0302340571428571,0.0619320501383491,0
1.0,65536.0,1.0,2.0,131072.0,786432.0,0.1666666666666666,1.0,1.0,1.0,0.0,0.0,0.0,51.2,3.8,1.0,2e-05,0.0300025,0.0006666111157403,0
1.0,65536.0,1.0,2.0,131072.0,786432.0,0.1666666666666666,1.0,1.0,1.0,1.0,0.0,0.0,51.2,3.8,1.0,2e-05,0.0300025,0.0006666111157403,0
1.0,65536.0,1.0,2.0,131072.0,786432.0,0.1666666666666666,1.0,0.5,0.5,0.0,0.0,0.0,51.2,3.8,1.0,0.0037449142857142,0.0304681142857142,0.1229125718315353,0
1.0,65536.0,1.0,2.0,131072.0,786432.0,0.1666666666666666,1.0,0.5,0.5,1.0,0.0,0.0,51.2,3.8,1.0,2e-05,0.0300025,0.0006666111157403,0
1.0,65536.0,1.0,2.0,131072.0,786432.0,0.1666666666666666,1.0,0.25,0.25,0.0,0.0,0.0,51.2,3.8,1.0,0.0037449142857142,0.0304681142857142,0.1229125718315353,0
1.0,65536.0,1.0,2.0,131072.0,786432.0,0.1666666666666666,1.0,0.25,0.25,1.0,0.0,0.0,51.2,3.8,1.0,0.0037449142857142,0.0304681142857142,0.1229125718315353,0
1.0,65536.0,1.0,4.0,262144.0,786432.0,0.3333333333333333,1.0,1.0,1.0,0.0,0.0,0.0,51.2,3.8,1.0,0.0074898285714285,0.0309362285714285,0.2421054187046532,0
1.0,65536.0,1.0,4.0,262144.0,786432.0,0.3333333333333333,1.0,1.0,1.0,1.0,0.0,0.0,51.2,3.8,1.0,2e-05,0.0300025,0.0006666111157403,0
1.0,65536.0,1.0,4.0,262144.0,786432.0,0.3333333333333333,1.0,0.5,0.5,0.0,0.0,0.0,51.2,3.8,1.0,2e-05,0.0300025,0.0006666111157403,0
1.0,65536.0,1.0,4.0,262144.0,786432.0,0.3333333333333333,1.0,0.5,0.5,1.0,0.0,0.0,51.2,3.8,1.0,2e-05,0.0300025,0.0006666111157403,0
1.0,65536.0,1.0,4.0,262144.0,786432.0,0.3333333333333333,1.0,0.25,0.25,0.0,0.0,0.0,51.2,3.8,1.0,2e-05,0.0300025,0.0006666111157403,0
1.0,65536.0,1.0,4.0,262144.0,786432.0,0.3333333333333333,1.0,0.25,0.25,1.0,0.0,0.0,51.2,3.8,1.0,0.0074898285714285,0.0309362285714285,0.2421054187046532,0
1.0,65536.0,1.0,8.0,524288.0,786432.0,0.6666666666666666,1.0,1.0,1.0,0.0,0.0,0.0,51.2,3.8,1.0,0.0149796571428571,0.0318724571428571,0.4699875216936074,0
1.0,65536.0,1.0,8.0,524288.0,786432.0,0.6666666666666666,1.0,1.0,1.0,1.0,0.0,0.0,51.2,3.8,1.0,2e-05,0.0300025,0.0006666111157403,0
1.0,65536.0,1.0,8.0,524288.0,786432.0,0.6666666666666666,1.0,0.5,0.5,0.0,0.0,0.0,51.2,3.8,1.0,0.0149796571428571,0.0318724571428571,0.4699875216936074,0
1.0,65536.0,1.0,8.0,524288.0,786432.0,0.6666666666666666,1.0,0.5,0.5,1.0,0.0,0.0,51.2,3.8,1.0,2e-05,0.0300025,0.0006666111157403,0
1.0,65536.0,1.0,8.0,524288.0,786432.0,0.6666666666666666,1.0,0.25,0.25,0.0,0.0,0.0,51.2,3.8,1.0,2e-05,0.0300025,0.0006666111157403,0
1.0,65536.0,1.0,8.0,524288.0,786432.0,0.6666666666666666,1.0,0.25,0.25,1.0,0.0,0.0,51.2,3.8,1.0,2e-05,0.0300025,0.0006666111157403,0
1.0,65536.0,1.0,16.0,1048576.0,786432.0,1.3333333333333333,1.0,1.0,1.0,0.0,0.0,0.0,51.2,3.8,1.0,0.0299593142857142,0.0337449142857142,0.8878171694867036,0
1.0,65536.0,1.0,16.0,1048576.0,786432.0,1.3333333333333333,1.0,1.0,1.0,1.0,0.0,0.0,51.2,3.8,1.0,2e-05,0.0300025,0.0006666111157403,0
1.0,65536.0,1.0,16.0,1048576.0,786432.0,1.3333333333333333,1.0,0.5,0.5,0.0,0.0,0.0,51.2,3.8,1.0,0.0299593142857142,0.0337449142857142,0.8878171694867036,0
1.0,65536.0,1.0,16.0,1048576.0,786432.0,1.3333333333333333,1.0,0.5,0.5,1.0,0.0,0.0,51.2,3.8,1.0,2e-05,0.0300025,0.0006666111157403,0
1.0,65536.0,1.0,16.0,1048576.0,786432.0,1.3333333333333333,1.0,0.25,0.25,0.0,0.0,0.0,51.2,3.8,1.0,0.0299593142857142,0.0337449142857142,0.8878171694867036,0
1.0,65536.0,1.0,16.0,1048576.0,786432.0,1.3333333333333333,1.0,0.25,0.25,1.0,0.0,0.0,51.2,3.8,1.0,2e-05,0.0300025,0.0006666111157403,0
1.0,65536.0,1.0,32.0,2097152.0,786432.0,2.6666666666666665,1.0,1.0,1.0,0.0,0.0,0.0,51.2,3.8,1.0,2e-05,0.0300025,0.0006666111157403,0
1.0,65536.0,1.0,32.0,2097152.0,786432.0,2.6666666666666665,1.0,1.0,1.0,1.0,0.0,0.0,51.2,3.8,1.0,2e-05,0.0300025,0.0006666111157403,0
1.0,65536.0,1.0,32.0,2097152.0,786432.0,2.6666666666666665,1.0,0.5,0.5,0.0,0.0,0.0,51.2,3.8,1.0,2e-05,0.0300025,0.0006666111157403,0
1.0,65536.0,1.0,32.0,2097152.0,786432.0,2.6666666666666665,1.0,0.5,0.5,1.0,0.0,0.0,51.2,3.8,1.0,0.0599186285714285,0.0374898285714285,1.5982636052140615,1
1.0,65536.0,1.0,32.0,2097152.0,786432.0,2.6666666666666665,1.0,0.25,0.25,0.0,0.0,0.0,51.2,3.8,1.0,0.0599186285714285,0.0374898285714285,1.5982636052140615,1
1.0,65536.0,1.0,32.0,2097152.0,786432.0,2.6666666666666665,1.0,0.25,0.25,1.0,0.0,0.0,51.2,3.8,1.0,2e-05,0.0300025,0.0006666111157403,0
1.0,131072.0,1.0,1.0,131072.0,1572864.0,0.0833333333333333,1.0,1.0,1.0,0.0,0.0,0.0,51.2,3.8,1.0,0.0037449142857142,0.0304681142857142,0.1229125718315353,0
1.0,131072.0,1.0,1.0,131072.0,1572864.0,0.0833333333333333,1.0,1.0,1.0,1.0,0.0,0.0,51.2,3.8,1.0,0.0037449142857142,0.0304681142857142,0.1229125718315353,0
1.0,131072.0,1.0,1.0,131072.0,1572864.0,0.0833333333333333,1.0,0.5,0.5,0.0,0.0,0.0,51.2,3.8,1.0,2e-05,0.0300025,0.0006666111157403,0
1.0,131072.0,1.0,1.0,131072.0,1572864.0,0.0833333333333333,1.0,0.5,0.5,1.0,0.0,0.0,51.2,3.8,1.0,0.0037449142857142,0.0304681142857142,0.1229125718315353,0
1.0,131072.0,1.0,1.0,131072.0,1572864.0,0.0833333333333333,1.0,0.25,0.25,0.0,0.0,0.0,51.2,3.8,1.0,0.0037449142857142,0.0304681142857142,0.1229125718315353,0
1.0,131072.0,1.0,1.0,131072.0,1572864.0,0.0833333333333333,1.0,0.25,0.25,1.0,0.0,0.0,51.2,3.8,1.0,0.0037449142857142,0.0304681142857142,0.1229125718315353,0
1.0,131072.0,1.0,2.0,262144.0,1572864.0,0.1666666666666666,1.0,1.0,1.0,0.0,0.0,0.0,51.2,3.8,1.0,2e-05,0.0300025,0.0006666111157403,0
1.0,131072.0,1.0,2.0,262144.0,1572864.0,0.1666666666666666,1.0,1.0,1.0,1.0,0.0,0.0,51.2,3.8,1.0,2e-05,0.0300025,0.0006666111157403,0
1.0,131072.0,1.0,2.0,262144.0,1572864.0,0.1666666666666666,1.0,0.5,0.5,0.0,0.0,0.0,51.2,3.8,1.0,0.0074898285714285,0.0309362285714285,0.2421054187046532,0
1.0,131072.0,1.0,2.0,262144.0,1572864.0,0.1666666666666666,1.0,0.5,0.5,1.0,0.0,0.0,51.2,3.8,1.0,2e-05,0.0300025,0.0006666111157403,0
1.0,131072.0,1.0,2.0,262144.0,1572864.0,0.1666666666666666,1.0,0.25,0.25,0.0,0.0,0.0,51.2,3.8,1.0,0.0074898285714285,0.0309362285714285,0.2421054187046532,0
1.0,131072.0,1.0,2.0,262144.0,1572864.0,0.1666666666666666,1.0,0.25,0.25,1.0,0.0,0.0,51.2,3.8,1.0,2e-05,0.0300025,0.0006666111157403,0
1.0,131072.0,1.0,4.0,524288.0,1572864.0,0.3333333333333333,1.0,1.0,1.0,0.0,0.0,0.0,51.2,3.8,1.0,2e-05,0.0300025,0.0006666111157403,0
1.0,131072.0,1.0,4.0,524288.0,1572864.0,0.3333333333333333,1.0,1.0,1.0,1.0,0.0,0.0,51.2,3.8,1.0,0.0149796571428571,0.0318724571428571,0.4699875216936074,0
1.0,131072.0,1.0,4.0,524288.0,1572864.0,0.3333333333333333,1.0,0.5,0.5,0.0,0.0,0.0,51.2,3.8,1.0,0.0149796571428571,0.0318724571428571,0.4699875216936074,0
1.0,131072.0,1.0,4.0,524288.0,1572864.0,0.3333333333333333,1.0,0.5,0.5,1.0,0.0,0.0,51.2,3.8,1.0,2e-05,0.0300025,0.0006666111157403,0
1.0,131072.0,1.0,4.0,524288.0,1572864.0,0.3333333333333333,1.0,0.25,0.25,0.0,0.0,0.0,51.2,3.8,1.0,2e-05,0.0300025,0.0006666111157403,0
1.0,131072.0,1.0,4.0,524288.0,1572864.0,0.3333333333333333,1.0,0.25,0.25,1.0,0.0,0.0,51.2,3.8,1.0,0.0149796571428571,0.0318724571428571,0.4699875216936074,0
1.0,131072.0,1.0,8.0,1048576.0,1572864.0,0.6666666666666666,1.0,1.0,1.0,0.0,0.0,0.0,51.2,3.8,1.0,0.0299593142857142,0.0337449142857142,0.8878171694867036,0
1.0,131072.0,1.0,8.0,1048576.0,1572864.0,0.6666666666666666,1.0,1.0,1.0,1.0,0.0,0.0,51.2,3.8,1.0,2e-05,0.0300025,0.0006666111157403,0
1.0,131072.0,1.0,8.0,1048576.0,1572864.0,0.6666666666666666,1.0,0.5,0.5,0.0,0.0,0.0,51.2,3.8,1.0,0.0299593142857142,0.0337449142857142,0.8878171694867036,0
1.0,131072.0,1.0,8.0,1048576.0,1572864.0,0.6666666666666666,1.0,0.5,0.5,1.0,0.0,0.0,51.2,3.8,1.0,2e-05,0.0300025,0.0006666111157403,0
1.0,131072.0,1.0,8.0,1048576.0,1572864.0,0.6666666666666666,1.0,0.25,0.25,0.0,0.0,0.0,51.2,3.8,1.0,2e-05,0.0300025,0.0006666111157403,0
1.0,131072.0,1.0,8.0,1048576.0,1572864.0,0.6666666666666666,1.0,0.25,0.25,1.0,0.0,0.0,51.2,3.8,1.0,2e-05,0.0300025,0.0006666111157403,0
1.0,131072.0,1.0,16.0,2097152.0,1572864.0,1.3333333333333333,1.0,1.0,1.0,0.0,0.0,0.0,51.2,3.8,1.0,2e-05,0.0300025,0.0006666111157403,0
1.0,131072.0,1.0,16.0,2097152.0,1572864.0,1.3333333333333333,1.0,1.0,1.0,1.0,0.0,0.0,51.2,3.8,1.0,2e-05,0.0300025,0.0006666111157403,0
1.0,131072.0,1.0,16.0,2097152.0,1572864.0,1.3333333333333333,1.0,0.5,0.5,0.0,0.0,0.0,51.2,3.8,1.0,0.0599186285714285,0.0374898285714285,1.5982636052140615,1
1.0,131072.0,1.0,16.0,2097152.0,1572864.0,1.3333333333333333,1.0,0.5,0.5,1.0,0.0,0.0,51.2,3.8,1.0,2e-05,0.0300025,0.0006666111157403,0
1.0,131072.0,1.0,16.0,2097152.0,1572864.0,1.3333333333333333,1.0,0.25,0.25,0.0,0.0,0.0,51.2,3.8,1.0,2e-05,0.0300025,0.0006666111157403,0
1.0,131072.0,1.0,16.0,2097152.0,1572864.0,1.3333333333333333,1.0,0.25,0.25,1.0,0.0,0.0,51.2,3.8,1.0,0.0599186285714285,0.0374898285714285,1.5982636052140615,1
1.0,131072.0,1.0,32.0,4194304.0,1572864.0,2.6666666666666665,1.0,1.0,1.0,0.0,0.0,0.0,51.2,3.8,1.0,2e-05,0.0300025,0.0006666111157403,0
1.0,131072.0,1.0,32.0,4194304.0,1572864.0,2.6666666666666665,1.0,1.0,1.0,1.0,0.0,0.0,51.2,3.8,1.0,2e-05,0.0300025,0.0006666111157403,0
1.0,131072.0,1.0,32.0,4194304.0,1572864.0,2.6666666666666665,1.0,0.5,0.5,0.0,0.0,0.0,51.2,3.8,1.0,2e-05,0.0300025,0.0006666111157403,0
1.0,131072.0,1.0,32.0,4194304.0,1572864.0,2.6666666666666665,1.0,0.5,0.5,1.0,0.0,0.0,51.2,3.8,1.0,2e-05,0.0300025,0.0006666111157403,0
1.0,131072.0,1.0,32.0,4194304.0,1572864.0,2.6666666666666665,1.0,0.25,0.25,0.0,0.0,0.0,51.2,3.8,1.0,2e-05,0.0300025,0.0006666111157403,0
1.0,131072.0,1.0,32.0,4194304.0,1572864.0,2.6666666666666665,1.0,0.25,0.25,1.0,0.0,0.0,51.2,3.8,1.0,2e-05,0.0300025,0.0006666111157403,0
1.0,262144.0,1.0,1.0,262144.0,3145728.0,0.0833333333333333,1.0,1.0,1.0,0.0,0.0,0.0,51.2,3.8,1.0,2e-05,0.0300025,0.0006666111157403,0
1.0,262144.0,1.0,1.0,262144.0,3145728.0,0.0833333333333333,1.0,1.0,1.0,1.0,0.0,0.0,51.2,3.8,1.0,0.0074898285714285,0.0309362285714285,0.2421054187046532,0
1.0,262144.0,1.0,1.0,262144.0,3145728.0,0.0833333333333333,1.0,0.5,0.5,0.0,0.0,0.0,51.2,3.8,1.0,2e-05,0.0300025,0.0006666111157403,0
1.0,262144.0,1.0,1.0,262144.0,3145728.0,0.0833333333333333,1.0,0.5,0.5,1.0,0.0,0.0,51.2,3.8,1.0,2e-05,0.0300025,0.0006666111157403,0
1.0,262144.0,1.0,1.0,262144.0,3145728.0,0.0833333333333333,1.0,0.25,0.25,0.0,0.0,0.0,51.2,3.8,1.0,2e-05,0.0300025,0.0006666111157403,0
1.0,262144.0,1.0,1.0,262144.0,3145728.0,0.0833333333333333,1.0,0.25,0.25,1.0,0.0,0.0,51.2,3.8,1.0,0.0074898285714285,0.0309362285714285,0.2421054187046532,0
1.0,262144.0,1.0,2.0,524288.0,3145728.0,0.1666666666666666,1.0,1.0,1.0,0.0,0.0,0.0,51.2,3.8,1.0,0.0149796571428571,0.0318724571428571,0.4699875216936074,0
1.0,262144.0,1.0,2.0,524288.0,3145728.0,0.1666666666666666,1.0,1.0,1.0,1.0,0.0,0.0,51.2,3.8,1.0,2e-05,0.0300025,0.0006666111157403,0
1.0,262144.0,1.0,2.0,524288.0,3145728.0,0.1666666666666666,1.0,0.5,0.5,0.0,0.0,0.0,51.2,3.8,1.0,2e-05,0.0300025,0.0006666111157403,0
1.0,262144.0,1.0,2.0,524288.0,3145728.0,0.1666666666666666,1.0,0.5,0.5,1.0,0.0,0.0,51.2,3.8,1.0,2e-05,0.0300025,0.0006666111157403,0
1.0,262144.0,1.0,2.0,524288.0,3145728.0,0.1666666666666666,1.0,0.25,0.25,0.0,0.0,0.0,51.2,3.8,1.0,2e-05,0.0300025,0.0006666111157403,0
1.0,262144.0,1.0,2.0,524288.0,3145728.0,0.1666666666666666,1.0,0.25,0.25,1.0,0.0,0.0,51.2,3.8,1.0,0.0149796571428571,0.0318724571428571,0.4699875216936074,0
1.0,262144.0,1.0,4.0,1048576.0,3145728.0,0.3333333333333333,1.0,1.0,1.0,0.0,0.0,0.0,51.2,3.8,1.0,0.0299593142857142,0.0337449142857142,0.8878171694867036,0
1.0,262144.0,1.0,4.0,1048576.0,3145728.0,0.3333333333333333,1.0,1.0,1.0,1.0,0.0,0.0,51.2,3.8,1.0,0.0299593142857142,0.0337449142857142,0.8878171694867036,0
1.0,262144.0,1.0,4.0,1048576.0,3145728.0,0.3333333333333333,1.0,0.5,0.5,0.0,0.0,0.0,51.2,3.8,1.0,2e-05,0.0300025,0.0006666111157403,0
1.0,262144.0,1.0,4.0,1048576.0,3145728.0,0.3333333333333333,1.0,0.5,0.5,1.0,0.0,0.0,51.2,3.8,1.0,2e-05,0.0300025,0.0006666111157403,0
1.0,262144.0,1.0,4.0,1048576.0,3145728.0,0.3333333333333333,1.0,0.25,0.25,0.0,0.0,0.0,51.2,3.8,1.0,2e-05,0.0300025,0.0006666111157403,0
1.0,262144.0,1.0,4.0,1048576.0,3145728.0,0.3333333333333333,1.0,0.25,0.25,1.0,0.0,0.0,51.2,3.8,1.0,2e-05,0.0300025,0.0006666111157403,0
1.0,262144.0,1.0,8.0,2097152.0,3145728.0,0.6666666666666666,1.0,1.0,1.0,0.0,0.0,0.0,51.2,3.8,1.0,2e-05,0.0300025,0.0006666111157403,0
1.0,262144.0,1.0,8.0,2097152.0,3145728.0,0.6666666666666666,1.0,1.0,1.0,1.0,0.0,0.0,51.2,3.8,1.0,2e-05,0.0300025,0.0006666111157403,0
1.0,262144.0,1.0,8.0,2097152.0,3145728.0,0.6666666666666666,1.0,0.5,0.5,0.0,0.0,0.0,51.2,3.8,1.0,2e-05,0.0300025,0.0006666111157403,0
1.0,262144.0,1.0,8.0,2097152.0,3145728.0,0.6666666666666666,1.0,0.5,0.5,1.0,0.0,0.0,51.2,3.8,1.0,2e-05,0.0300025,0.0006666111157403,0
1.0,262144.0,1.0,8.0,2097152.0,3145728.0,0.6666666666666666,1.0,0.25,0.25,0.0,0.0,0.0,51.2,3.8,1.0,2e-05,0.0300025,0.0006666111157403,0
1.0,262144.0,1.0,8.0,2097152.0,3145728.0,0.6666666666666666,1.0,0.25,0.25,1.0,0.0,0.0,51.2,3.8,1.0,2e-05,0.0300025,0.0006666111157403,0
1.0,262144.0,1.0,16.0,4194304.0,3145728.0,1.3333333333333333,1.0,1.0,1.0,0.0,0.0,0.0,51.2,3.8,1.0,2e-05,0.0300025,0.0006666111157403,0
1.0,262144.0,1.0,16.0,4194304.0,3145728.0,1.3333333333333333,1.0,1.0,1.0,1.0,0.0,0.0,51.2,3.8,1.0,2e-05,0.0300025,0.0006666111157403,0
1.0,262144.0,1.0,16.0,4194304.0,3145728.0,1.3333333333333333,1.0,0.5,0.5,0.0,0.0,0.0,51.2,3.8,1.0,2e-05,0.0300025,0.0006666111157403,0
1.0,262144.0,1.0,16.0,4194304.0,3145728.0,1.3333333333333333,1.0,0.5,0.5,1.0,0.0,0.0,51.2,3.8,1.0,0.1198372571428571,0.0449796571428571,2.6642545709552508,1
1.0,262144.0,1.0,16.0,4194304.0,3145728.0,1.3333333333333333,1.0,0.25,0.25,0.0,0.0,0.0,51.2,3.8,1.0,2e-05,0.0300025,0.0006666111157403,0
1.0,262144.0,1.0,16.0,4194304.0,3145728.0,1.3333333333333333,1.0,0.25,0.25,1.0,0.0,0.0,51.2,3.8,1.0,0.1198372571428571,0.0449796571428571,2.6642545709552508,1
1.0,262144.0,1.0,32.0,8388608.0,3145728.0,2.6666666666666665,1.0,1.0,1.0,0.0,0.0,0.0,51.2,3.8,1.0,0.2396745142857143,0.0599593142857142,3.997285778546977,1
1.0,262144.0,1.0,32.0,8388608.0,3145728.0,2.6666666666666665,1.0,1.0,1.0,1.0,0.0,0.0,51.2,3.8,1.0,2e-05,0.0300025,0.0006666111157403,0
1.0,262144.0,1.0,32.0,8388608.0,3145728.0,2.6666666666666665,1.0,0.5,0.5,0.0,0.0,0.0,51.2,3.8,1.0,2e-05,0.0300025,0.0006666111157403,0
1.0,262144.0,1.0,32.0,8388608.0,3145728.0,2.6666666666666665,1.0,0.5,0.5,1.0,0.0,0.0,51.2,3.8,1.0,0.2396745142857143,0.0599593142857142,3.997285778546977,1
1.0,262144.0,1.0,32.0,8388608.0,3145728.0,2.6666666666666665,1.0,0.25,0.25,0.0,0.0,0.0,51.2,3.8,1.0,2e-05,0.0300025,0.0006666111157403,0
1.0,262144.0,1.0,32.0,8388608.0,3145728.0,2.6666666666666665,1.0,0.25,0.25,1.0,0.0,0.0,51.2,3.8,1.0,0.2396745142857143,0.0599593142857142,3.997285778546977,1
1.0,524288.0,1.0,1.0,524288.0,6291456.0,0.0833333333333333,1.0,1.0,1.0,0.0,0.0,0.0,51.2,3.8,1.0,0.0149796571428571,0.0318724571428571,0.4699875216936074,0
1.0,524288.0,1.0,1.0,524288.0,6291456.0,0.0833333333333333,1.0,1.0,1.0,1.0,0.0,0.0,51.2,3.8,1.0,0.0149796571428571,0.0318724571428571,0.4699875216936074,0
1.0,524288.0,1.0,1.0,524288.0,6291456.0,0.0833333333333333,1.0,0.5,0.5,0.0,0.0,0.0,51.2,3.8,1.0,2e-05,0.0300025,0.0006666111157403,0
1.0,524288.0,1.0,1.0,524288.0,6291456.0,0.0833333333333333,1.0,0.5,0.5,1.0,0.0,0.0,51.2,3.8,1.0,2e-05,0.0300025,0.0006666111157403,0
1.0,524288.0,1.0,1.0,524288.0,6291456.0,0.0833333333333333,1.0,0.25,0.25,0.0,0.0,0.0,51.2,3.8,1.0,2e-05,0.0300025,0.0006666111157403,0
1.0,524288.0,1.0,1.0,524288.0,6291456.0,0.0833333333333333,1.0,0.25,0.25,1.0,0.0,0.0,51.2,3.8,1.0,2e-05,0.0300025,0.0006666111157403,0
1.0,524288.0,1.0,2.0,1048576.0,6291456.0,0.1666666666666666,1.0,1.0,1.0,0.0,0.0,0.0,51.2,3.8,1.0,2e-05,0.0300025,0.0006666111157403,0
1.0,524288.0,1.0,2.0,1048576.0,6291456.0,0.1666666666666666,1.0,1.0,1.0,1.0,0.0,0.0,51.2,3.8,1.0,0.0299593142857142,0.0337449142857142,0.8878171694867036,0
1.0,524288.0,1.0,2.0,1048576.0,6291456.0,0.1666666666666666,1.0,0.5,0.5,0.0,0.0,0.0,51.2,3.8,1.0,2e-05,0.0300025,0.0006666111157403,0
1.0,524288.0,1.0,2.0,1048576.0,6291456.0,0.1666666666666666,1.0,0.5,0.5,1.0,0.0,0.0,51.2,3.8,1.0,2e-05,0.0300025,0.0006666111157403,0
1.0,524288.0,1.0,2.0,1048576.0,6291456.0,0.1666666666666666,1.0,0.25,0.25,0.0,0.0,0.0,51.2,3.8,1.0,0.0299593142857142,0.0337449142857142,0.8878171694867036,0
1.0,524288.0,1.0,2.0,1048576.0,6291456.0,0.1666666666666666,1.0,0.25,0.25,1.0,0.0,0.0,51.2,3.8,1.0,0.0299593142857142,0.0337449142857142,0.8878171694867036,0
1.0,524288.0,1.0,4.0,2097152.0,6291456.0,0.3333333333333333,1.0,1.0,1.0,0.0,0.0,0.0,51.2,3.8,1.0,2e-05,0.0300025,0.0006666111157403,0
1.0,524288.0,1.0,4.0,2097152.0,6291456.0,0.3333333333333333,1.0,1.0,1.0,1.0,0.0,0.0,51.2,3.8,1.0,2e-05,0.0300025,0.0006666111157403,0
1.0,524288.0,1.0,4.0,2097152.0,6291456.0,0.3333333333333333,1.0,0.5,0.5,0.0,0.0,0.0,51.2,3.8,1.0,0.0599186285714285,0.0374898285714285,1.5982636052140615,1
1.0,524288.0,1.0,4.0,2097152.0,6291456.0,0.3333333333333333,1.0,0.5,0.5,1.0,0.0,0.0,51.2,3.8,1.0,0.0599186285714285,0.0374898285714285,1.5982636052140615,1
1.0,524288.0,1.0,4.0,2097152.0,6291456.0,0.3333333333333333,1.0,0.25,0.25,0.0,0.0,0.0,51.2,3.8,1.0,0.0599186285714285,0.0374898285714285,1.5982636052140615,1
1.0,524288.0,1.0,4.0,2097152.0,6291456.0,0.3333333333333333,1.0,0.25,0.25,1.0,0.0,0.0,51.2,3.8,1.0,0.0599186285714285,0.0374898285714285,1.5982636052140615,1
1.0,524288.0,1.0,8.0,4194304.0,6291456.0,0.6666666666666666,1.0,1.0,1.0,0.0,0.0,0.0,51.2,3.8,1.0,2e-05,0.0300025,0.0006666111157403,0
1.0,524288.0,1.0,8.0,4194304.0,6291456.0,0.6666666666666666,1.0,1.0,1.0,1.0,0.0,0.0,51.2,3.8,1.0,2e-05,0.0300025,0.0006666111157403,0
1.0,524288.0,1.0,8.0,4194304.0,6291456.0,0.6666666666666666,1.0,0.5,0.5,0.0,0.0,0.0,51.2,3.8,1.0,2e-05,0.0300025,0.0006666111157403,0
1.0,524288.0,1.0,8.0,4194304.0,6291456.0,0.6666666666666666,1.0,0.5,0.5,1.0,0.0,0.0,51.2,3.8,1.0,2e-05,0.0300025,0.0006666111157403,0
1.0,524288.0,1.0,8.0,4194304.0,6291456.0,0.6666666666666666,1.0,0.25,0.25,0.0,0.0,0.0,51.2,3.8,1.0,2e-05,0.0300025,0.0006666111157403,0
1.0,524288.0,1.0,8.0,4194304.0,6291456.0,0.6666666666666666,1.0,0.25,0.25,1.0,0.0,0.0,51.2,3.8,1.0,2e-05,0.0300025,0.0006666111157403,0
1.0,524288.0,1.0,16.0,8388608.0,6291456.0,1.3333333333333333,1.0,1.0,1.0,0.0,0.0,0.0,51.2,3.8,1.0,2e-05,0.0300025,0.0006666111157403,0
1.0,524288.0,1.0,16.0,8388608.0,6291456.0,1.3333333333333333,1.0,1.0,1.0,1.0,0.0,0.0,51.2,3.8,1.0,2e-05,0.0300025,0.0006666111157403,0
1.0,524288.0,1.0,16.0,8388608.0,6291456.0,1.3333333333333333,1.0,0.5,0.5,0.0,0.0,0.0,51.2,3.8,1.0,0.2396745142857143,0.0599593142857142,3.997285778546977,1
1.0,524288.0,1.0,16.0,8388608.0,6291456.0,1.3333333333333333,1.0,0.5,0.5,1.0,0.0,0.0,51.2,3.8,1.0,2e-05,0.0300025,0.0006666111157403,0
1.0,524288.0,1.0,16.0,8388608.0,6291456.0,1.3333333333333333,1.0,0.25,0.25,0.0,0.0,0.0,51.2,3.8,1.0,2e-05,0.0300025,0.0006666111157403,0
1.0,524288.0,1.0,16.0,8388608.0,6291456.0,1.3333333333333333,1.0,0.25,0.25,1.0,0.0,0.0,51.2,3.8,1.0,0.2396745142857143,0.0599593142857142,3.997285778546977,1
1.0,524288.0,1.0,32.0,16777216.0,6291456.0,2.6666666666666665,1.0,1.0,1.0,0.0,0.0,0.0,51.2,3.8,1.0,2e-05,0.0300025,0.0006666111157403,0
1.0,524288.0,1.0,32.0,16777216.0,6291456.0,2.6666666666666665,1.0,1.0,1.0,1.0,0.0,0.0,51.2,3.8,1.0,2e-05,0.0300025,0.0006666111157403,0
1.0,524288.0,1.0,32.0,16777216.0,6291456.0,2.6666666666666665,1.0,0.5,0.5,0.0,0.0,0.0,51.2,3.8,1.0,2e-05,0.0300025,0.0006666111157403,0
1.0,524288.0,1.0,32.0,16777216.0,6291456.0,2.6666666666666665,1.0,0.5,0.5,1.0,0.0,0.0,51.2,3.8,1.0,2e-05,0.0300025,0.0006666111157403,0
1.0,524288.0,1.0,32.0,16777216.0,6291456.0,2.6666666666666665,1.0,0.25,0.25,0.0,0.0,0.0,51.2,3.8,1.0,2e-05,0.0300025,0.0006666111157403,0
1.0,524288.0,1.0,32.0,16777216.0,6291456.0,2.6666666666666665,1.0,0.25,0.25,1.0,0.0,0.0,51.2,3.8,1.0,2e-05,0.0300025,0.0006666111157403,0
1.0,1048576.0,1.0,1.0,1048576.0,12582912.0,0.0833333333333333,1.0,1.0,1.0,0.0,0.0,0.0,51.2,3.8,1.0,2e-05,0.0300025,0.0006666111157403,0
1.0,1048576.0,1.0,1.0,1048576.0,12582912.0,0.0833333333333333,1.0,1.0,1.0,1.0,0.0,0.0,51.2,3.8,1.0,2e-05,0.0300025,0.0006666111157403,0
1.0,1048576.0,1.0,1.0,1048576.0,12582912.0,0.0833333333333333,1.0,0.5,0.5,0.0,0.0,0.0,51.2,3.8,1.0,0.0299593142857142,0.0337449142857142,0.8878171694867036,0
1.0,1048576.0,1.0,1.0,1048576.0,12582912.0,0.0833333333333333,1.0,0.5,0.5,1.0,0.0,0.0,51.2,3.8,1.0,0.0299593142857142,0.0337449142857142,0.8878171694867036,0
1.0,1048576.0,1.0,1.0,1048576.0,12582912.0,0.0833333333333333,1.0,0.25,0.25,0.0,0.0,0.0,51.2,3.8,1.0,2e-05,0.0300025,0.0006666111157403,0
1.0,1048576.0,1.0,1.0,1048576.0,12582912.0,0.0833333333333333,1.0,0.25,0.25,1.0,0.0,0.0,51.2,3.8,1.0,4e-05,0.030005,0.0013331111481419,0
1.0,1048576.0,1.0,2.0,2097152.0,12582912.0,0.1666666666666666,1.0,1.0,1.0,0.0,0.0,0.0,51.2,3.8,1.0,2e-05,0.0300025,0.0006666111157403,0
1.0,1048576.0,1.0,2.0,2097152.0,12582912.0,0.1666666666666666,1.0,1.0,1.0,1.0,0.0,0.0,51.2,3.8,1.0,2e-05,0.0300025,0.0006666111157403,0
1.0,1048576.0,1.0,2.0,2097152.0,12582912.0,0.1666666666666666,1.0,0.5,0.5,0.0,0.0,0.0,51.2,3.8,1.0,2e-05,0.0300025,0.0006666111157403,0
1.0,1048576.0,1.0,2.0,2097152.0,12582912.0,0.1666666666666666,1.0,0.5,0.5,1.0,0.0,0.0,51.2,3.8,1.0,0.0599186285714285,0.0374898285714285,1.5982636052140615,1
1.0,1048576.0,1.0,2.0,2097152.0,12582912.0,0.1666666666666666,1.0,0.25,0.25,0.0,0.0,0.0,51.2,3.8,1.0,2e-05,0.0300025,0.0006666111157403,0
1.0,1048576.0,1.0,2.0,2097152.0,12582912.0,0.1666666666666666,1.0,0.25,0.25,1.0,0.0,0.0,51.2,3.8,1.0,2e-05,0.0300025,0.0006666111157403,0
1.0,1048576.0,1.0,4.0,4194304.0,12582912.0,0.3333333333333333,1.0,1.0,1.0,0.0,0.0,0.0,51.2,3.8,1.0,2e-05,0.0300025,0.0006666111157403,0
1.0,1048576.0,1.0,4.0,4194304.0,12582912.0,0.3333333333333333,1.0,1.0,1.0,1.0,0.0,0.0,51.2,3.8,1.0,2e-05,0.0300025,0.0006666111157403,0
1.0,1048576.0,1.0,4.0,4194304.0,12582912.0,0.3333333333333333,1.0,0.5,0.5,0.0,0.0,0.0,51.2,3.8,1.0,0.1198372571428571,0.0449796571428571,2.6642545709552508,1
1.0,1048576.0,1.0,4.0,4194304.0,12582912.0,0.3333333333333333,1.0,0.5,0.5,1.0,0.0,0.0,51.2,3.8,1.0,2e-05,0.0300025,0.0006666111157403,0
1.0,1048576.0,1.0,4.0,4194304.0,12582912.0,0.3333333333333333,1.0,0.25,0.25,0.0,0.0,0.0,51.2,3.8,1.0,2e-05,0.0300025,0.0006666111157403,0
1.0,1048576.0,1.0,4.0,4194304.0,12582912.0,0.3333333333333333,1.0,0.25,0.25,1.0,0.0,0.0,51.2,3.8,1.0,2e-05,0.0300025,0.0006666111157403,0
1.0,1048576.0,1.0,8.0,8388608.0,12582912.0,0.6666666666666666,1.0,1.0,1.0,0.0,0.0,0.0,51.2,3.8,1.0,2e-05,0.0300025,0.0006666111157403,0
1.0,1048576.0,1.0,8.0,8388608.0,12582912.0,0.6666666666666666,1.0,1.0,1.0,1.0,0.0,0.0,51.2,3.8,1.0,2e-05,0.0300025,0.0006666111157403,0
1.0,1048576.0,1.0,8.0,8388608.0,12582912.0,0.6666666666666666,1.0,0.5,0.5,0.0,0.0,0.0,51.2,3.8,1.0,0.2396745142857143,0.0599593142857142,3.997285778546977,1
1.0,1048576.0,1.0,8.0,8388608.0,12582912.0,0.6666666666666666,1.0,0.5,0.5,1.0,0.0,0.0,51.2,3.8,1.0,0.2396745142857143,0.0599593142857142,3.997285778546977,1
1.0,1048576.0,1.0,8.0,8388608.0,12582912.0,0.6666666666666666,1.0,0.25,0.25,0.0,0.0,0.0,51.2,3.8,1.0,2e-05,0.0300025,0.0006666111157403,0
1.0,1048576.0,1.0,8.0,8388608.0,12582912.0,0.6666666666666666,1.0,0.25,0.25,1.0,0.0,0.0,51.2,3.8,1.0,2e-05,0.0300025,0.0006666111157403,0
1.0,1048576.0,1.0,16.0,16777216.0,12582912.0,1.3333333333333333,1.0,1.0,1.0,0.0,0.0,0.0,51.2,3.8,1.0,2e-05,0.0300025,0.0006666111157403,0
1.0,1048576.0,1.0,16.0,16777216.0,12582912.0,1.3333333333333333,1.0,1.0,1.0,1.0,0.0,0.0,51.2,3.8,1.0,2e-05,0.0300025,0.0006666111157403,0
1.0,1048576.0,1.0,16.0,16777216.0,12582912.0,1.3333333333333333,1.0,0.5,0.5,0.0,0.0,0.0,51.2,3.8,1.0,0.4793490285714286,0.0899186285714285,5.330920146214736,1
1.0,1048576.0,1.0,16.0,16777216.0,12582912.0,1.3333333333333333,1.0,0.5,0.5,1.0,0.0,0.0,51.2,3.8,1.0,2e-05,0.0300025,0.0006666111157403,0
1.0,1048576.0,1.0,16.0,16777216.0,12582912.0,1.3333333333333333,1.0,0.25,0.25,0.0,0.0,0.0,51.2,3.8,1.0,0.4793490285714286,0.0899186285714285,5.330920146214736,1
1.0,1048576.0,1.0,16.0,16777216.0,12582912.0,1.3333333333333333,1.0,0.25,0.25,1.0,0.0,0.0,51.2,3.8,1.0,2e-05,0.0300025,0.0006666111157403,0
1.0,1048576.0,1.0,32.0,33554432.0,12582912.0,2.6666666666666665,1.0,1.0,1.0,0.0,0.0,0.0,51.2,3.8,1.0,2e-05,0.0300025,0.0006666111157403,0
1.0,1048576.0,1.0,32.0,33554432.0,12582912.0,2.6666666666666665,1.0,1.0,1.0,1.0,0.0,0.0,51.2,3.8,1.0,2e-05,0.0300025,0.0006666111157403,0
1.0,1048576.0,1.0,32.0,33554432.0,12582912.0,2.6666666666666665,1.0,0.5,0.5,0.0,0.0,0.0,51.2,3.8,1.0,0.9586980571428572,0.1498372571428571,6.398262190750193,1
1.0,1048576.0,1.0,32.0,33554432.0,12582912.0,2.6666666666666665,1.0,0.5,0.5,1.0,0.0,0.0,51.2,3.8,1.0,2e-05,0.0300025,0.0006666111157403,0
1.0,1048576.0,1.0,32.0,33554432.0,12582912.0,2.6666666666666665,1.0,0.25,0.25,0.0,0.0,0.0,51.2,3.8,1.0,2e-05,0.0300025,0.0006666111157403,0
1.0,1048576.0,1.0,32.0,33554432.0,12582912.0,2.6666666666666665,1.0,0.25,0.25,1.0,0.0,0.0,51.2,3.8,1.0,2e-05,0.0300025,0.0006666111157403,0
1.0,2097152.0,1.0,1.0,2097152.0,25165824.0,0.0833333333333333,1.0,1.0,1.0,0.0,0.0,0.0,51.2,3.8,1.0,0.0599186285714285,0.0374898285714285,1.5982636052140615,1
1.0,2097152.0,1.0,1.0,2097152.0,25165824.0,0.0833333333333333,1.0,1.0,1.0,1.0,0.0,0.0,51.2,3.8,1.0,2e-05,0.0300025,0.0006666111157403,0
1.0,2097152.0,1.0,1.0,2097152.0,25165824.0,0.0833333333333333,1.0,0.5,0.5,0.0,0.0,0.0,51.2,3.8,1.0,0.0599186285714285,0.0374898285714285,1.5982636052140615,1
1.0,2097152.0,1.0,1.0,2097152.0,25165824.0,0.0833333333333333,1.0,0.5,0.5,1.0,0.0,0.0,51.2,3.8,1.0,2e-05,0.0300025,0.0006666111157403,0
1.0,2097152.0,1.0,1.0,2097152.0,25165824.0,0.0833333333333333,1.0,0.25,0.25,0.0,0.0,0.0,51.2,3.8,1.0,0.0599186285714285,0.0374898285714285,1.5982636052140615,1
1.0,2097152.0,1.0,1.0,2097152.0,25165824.0,0.0833333333333333,1.0,0.25,0.25,1.0,0.0,0.0,51.2,3.8,1.0,0.0599186285714285,0.0374898285714285,1.5982636052140615,1
1.0,2097152.0,1.0,2.0,4194304.0,25165824.0,0.1666666666666666,1.0,1.0,1.0,0.0,0.0,0.0,51.2,3.8,1.0,2e-05,0.0300025,0.0006666111157403,0
1.0,2097152.0,1.0,2.0,4194304.0,25165824.0,0.1666666666666666,1.0,1.0,1.0,1.0,0.0,0.0,51.2,3.8,1.0,2e-05,0.0300025,0.0006666111157403,0
1.0,2097152.0,1.0,2.0,4194304.0,25165824.0,0.1666666666666666,1.0,0.5,0.5,0.0,0.0,0.0,51.2,3.8,1.0,2e-05,0.0300025,0.0006666111157403,0
1.0,2097152.0,1.0,2.0,4194304.0,25165824.0,0.1666666666666666,1.0,0.5,0.5,1.0,0.0,0.0,51.2,3.8,1.0,2e-05,0.0300025,0.0006666111157403,0
1.0,2097152.0,1.0,2.0,4194304.0,25165824.0,0.1666666666666666,1.0,0.25,0.25,0.0,0.0,0.0,51.2,3.8,1.0,0.1198372571428571,0.0449796571428571,2.6642545709552508,1
1.0,2097152.0,1.0,2.0,4194304.0,25165824.0,0.1666666666666666,1.0,0.25,0.25,1.0,0.0,0.0,51.2,3.8,1.0,2e-05,0.0300025,0.0006666111157403,0
1.0,2097152.0,1.0,4.0,8388608.0,25165824.0,0.3333333333333333,1.0,1.0,1.0,0.0,0.0,0.0,51.2,3.8,1.0,2e-05,0.0300025,0.0006666111157403,0
1.0,2097152.0,1.0,4.0,8388608.0,25165824.0,0.3333333333333333,1.0,1.0,1.0,1.0,0.0,0.0,51.2,3.8,1.0,2e-05,0.0300025,0.0006666111157403,0
1.0,2097152.0,1.0,4.0,8388608.0,25165824.0,0.3333333333333333,1.0,0.5,0.5,0.0,0.0,0.0,51.2,3.8,1.0,2e-05,0.0300025,0.0006666111157403,0
1.0,2097152.0,1.0,4.0,8388608.0,25165824.0,0.3333333333333333,1.0,0.5,0.5,1.0,0.0,0.0,51.2,3.8,1.0,2e-05,0.0300025,0.0006666111157403,0
1.0,2097152.0,1.0,4.0,8388608.0,25165824.0,0.3333333333333333,1.0,0.25,0.25,0.0,0.0,0.0,51.2,3.8,1.0,2e-05,0.0300025,0.0006666111157403,0
1.0,2097152.0,1.0,4.0,8388608.0,25165824.0,0.3333333333333333,1.0,0.25,0.25,1.0,0.0,0.0,51.2,3.8,1.0,2e-05,0.0300025,0.0006666111157403,0
1.0,2097152.0,1.0,8.0,16777216.0,25165824.0,0.6666666666666666,1.0,1.0,1.0,0.0,0.0,0.0,51.2,3.8,1.0,2e-05,0.0300025,0.0006666111157403,0
1.0,2097152.0,1.0,8.0,16777216.0,25165824.0,0.6666666666666666,1.0,1.0,1.0,1.0,0.0,0.0,51.2,3.8,1.0,0.4793490285714286,0.0899186285714285,5.330920146214736,1
1.0,2097152.0,1.0,8.0,16777216.0,25165824.0,0.6666666666666666,1.0,0.5,0.5,0.0,0.0,0.0,51.2,3.8,1.0,0.4793490285714286,0.0899186285714285,5.330920146214736,1
1.0,2097152.0,1.0,8.0,16777216.0,25165824.0,0.6666666666666666,1.0,0.5,0.5,1.0,0.0,0.0,51.2,3.8,1.0,2e-05,0.0300025,0.0006666111157403,0
1.0,2097152.0,1.0,8.0,16777216.0,25165824.0,0.6666666666666666,1.0,0.25,0.25,0.0,0.0,0.0,51.2,3.8,1.0,0.4793490285714286,0.0899186285714285,5.330920146214736,1
1.0,2097152.0,1.0,8.0,16777216.0,25165824.0,0.6666666666666666,1.0,0.25,0.25,1.0,0.0,0.0,51.2,3.8,1.0,0.4793490285714286,0.0899186285714285,5.330920146214736,1
1.0,2097152.0,1.0,16.0,33554432.0,25165824.0,1.3333333333333333,1.0,1.0,1.0,0.0,0.0,0.0,51.2,3.8,1.0,2e-05,0.0300025,0.0006666111157403,0
1.0,2097152.0,1.0,16.0,33554432.0,25165824.0,1.3333333333333333,1.0,1.0,1.0,1.0,0.0,0.0,51.2,3.8,1.0,2e-05,0.0300025,0.0006666111157403,0
1.0,2097152.0,1.0,16.0,33554432.0,25165824.0,1.3333333333333333,1.0,0.5,0.5,0.0,0.0,0.0,51.2,3.8,1.0,0.9586980571428572,0.1498372571428571,6.398262190750193,1
1.0,2097152.0,1.0,16.0,33554432.0,25165824.0,1.3333333333333333,1.0,0.5,0.5,1.0,0.0,0.0,51.2,3.8,1.0,2e-05,0.0300025,0.0006666111157403,0
1.0,2097152.0,1.0,16.0,33554432.0,25165824.0,1.3333333333333333,1.0,0.25,0.25,0.0,0.0,0.0,51.2,3.8,1.0,0.9586980571428572,0.1498372571428571,6.398262190750193,1
1.0,2097152.0,1.0,16.0,33554432.0,25165824.0,1.3333333333333333,1.0,0.25,0.25,1.0,0.0,0.0,51.2,3.8,1.0,2e-05,0.0300025,0.0006666111157403,0
1.0,2097152.0,1.0,32.0,67108864.0,25165824.0,2.6666666666666665,1.0,1.0,1.0,0.0,0.0,0.0,51.2,3.8,1.0,1.9173961142857143,0.2696745142857143,7.110038259878999,1
1.0,2097152.0,1.0,32.0,67108864.0,25165824.0,2.6666666666666665,1.0,1.0,1.0,1.0,0.0,0.0,51.2,3.8,1.0,1.9173961142857143,0.2696745142857143,7.110038259878999,1
1.0,2097152.0,1.0,32.0,67108864.0,25165824.0,2.6666666666666665,1.0,0.5,0.5,0.0,0.0,0.0,51.2,3.8,1.0,2e-05,0.0300025,0.0006666111157403,0
1.0,2097152.0,1.0,32.0,67108864.0,25165824.0,2.6666666666666665,1.0,0.5,0.5,1.0,0.0,0.0,51.2,3.8,1.0,2e-05,0.0300025,0.0006666111157403,0
1.0,2097152.0,1.0,32.0,67108864.0,25165824.0,2.6666666666666665,1.0,0.25,0.25,0.0,0.0,0.0,51.2,3.8,1.0,1.9173961142857143,0.2696745142857143,7.110038259878999,1
1.0,2097152.0,1.0,32.0,67108864.0,25165824.0,2.6666666666666665,1.0,0.25,0.25,1.0,0.0,0.0,51.2,3.8,1.0,1.9173961142857143,0.2696745142857143,7.110038259878999,1
1.0,32768.0,3.0,11.0,65536.0,12288.0,5.333333333333333,4000.0,0.4,0.5,0.0,1.0,1.0,16.0,12.7,0.0,0.024805,0.026752,0.927220394736842,0
1.0,262144.0,3.0,11.0,524288.0,49152.0,10.666666666666666,4000.0,0.4,0.5,0.0,1.0,1.0,16.0,12.7,0.0,0.222607,0.046784,4.758186559507524,1
1.0,884736.0,3.0,11.0,1769472.0,110592.0,16.0,4000.0,0.4,0.5,0.0,1.0,1.0,16.0,12.7,0.0,0.895996,0.099712,8.985839216944802,1
1.0,2097152.0,3.0,11.0,4194304.0,196608.0,21.33333333333333,4000.0,0.4,0.5,0.0,1.0,1.0,16.0,12.7,0.0,2.296826,0.2080959999999999,11.03733853606028,1
1.0,7077888.0,3.0,11.0,14155776.0,442368.0,32.0,4000.0,0.4,0.5,0.0,1.0,1.0,16.0,12.7,0.0,8.44502,0.60048,14.063782307487342,1
1.0,16777216.0,3.0,11.0,33554432.0,786432.0,42.66666666666666,4000.0,0.4,0.5,0.0,1.0,1.0,16.0,12.7,0.0,20.242627,1.412064,14.335488334806351,1
1.0,56623104.0,3.0,11.0,113246208.0,1769472.0,64.0,4000.0,0.4,0.5,0.0,1.0,1.0,16.0,12.7,0.0,71.91958,4.363327999999999,16.482735196620563,1
1.0,134217728.0,3.0,11.0,268435456.0,3145728.0,85.33333333333333,4000.0,0.4,0.5,0.0,1.0,1.0,16.0,12.7,0.0,185.445996,12.383679999999998,14.975031331558958,1
1.0,452984832.0,3.0,11.0,905969664.0,7077888.0,128.0,4000.0,0.4,0.5,0.0,1.0,1.0,16.0,12.7,0.0,799.177393,41.806368,19.11616414513693,1
1.0,1073741824.0,3.0,11.0,2147483648.0,12582912.0,170.66666666666666,4000.0,0.4,0.5,0.0,1.0,1.0,16.0,12.7,0.0,337.4617161142857,98.165312,3.437688010549854,1
1.0,32768.0,3.0,10.0,65536.0,12288.0,5.333333333333333,3000.0,0.4,0.5,0.0,1.0,1.0,16.0,12.7,0.0,0.0093622857142857,0.027648,0.3386243386243386,0
1.0,262144.0,3.0,10.0,524288.0,49152.0,10.666666666666666,3000.0,0.4,0.5,0.0,1.0,1.0,16.0,12.7,0.0,0.0748982857142857,0.051328,1.4592091200570003,1
1.0,884736.0,3.0,10.0,1769472.0,110592.0,16.0,3000.0,0.4,0.5,0.0,1.0,1.0,16.0,12.7,0.0,0.2527817142857143,0.100416,2.517344987708276,1
1.0,2097152.0,3.0,10.0,4194304.0,196608.0,21.33333333333333,3000.0,0.4,0.5,0.0,1.0,1.0,16.0,12.7,0.0,0.5991862857142857,0.211712,2.830195197788909,1
1.0,7077888.0,3.0,10.0,14155776.0,442368.0,32.0,3000.0,0.4,0.5,0.0,1.0,1.0,16.0,12.7,0.0,2.022253714285714,0.596672,3.389221740396255,1
1.0,16777216.0,3.0,10.0,33554432.0,786432.0,42.66666666666666,3000.0,0.4,0.5,0.0,1.0,1.0,16.0,12.7,0.0,4.793490285714285,1.413632,3.390903916800331,1
1.0,56623104.0,3.0,10.0,113246208.0,1769472.0,64.0,3000.0,0.4,0.5,0.0,1.0,1.0,16.0,12.7,0.0,16.178029714285714,4.365408,3.705960522884851,1
1.0,134217728.0,3.0,10.0,268435456.0,3145728.0,85.33333333333333,3000.0,0.4,0.5,0.0,1.0,1.0,16.0,12.7,0.0,38.34792228571428,10.11344,3.791778295586297,1
1.0,4096.0,2.0,7.0,28672.0,49152.0,0.5833333333333334,4.0,0.4,0.5,0.0,1.0,1.0,16.0,12.7,0.0,0.006201,0.051424,0.1205857187305538,0
1.0,16384.0,2.0,7.0,114688.0,196608.0,0.5833333333333334,4.0,0.4,0.5,0.0,1.0,1.0,16.0,12.7,0.0,0.026416,0.2104,0.125551330798479,0
1.0,65536.0,2.0,7.0,458752.0,786432.0,0.5833333333333334,4.0,0.4,0.5,0.0,1.0,1.0,16.0,12.7,0.0,0.12998,1.40608,0.0924413973600364,0
1.0,262144.0,2.0,7.0,1835008.0,3145728.0,0.5833333333333334,4.0,0.4,0.5,0.0,1.0,1.0,16.0,12.7,0.0,0.414209,10.083104,0.0410795128166882,0
1.0,1048576.0,2.0,7.0,7340032.0,12582912.0,0.5833333333333334,4.0,0.4,0.5,0.0,1.0,1.0,16.0,12.7,0.0,1.471777,80.37632,0.0183110771928846,0
1.0,4194304.0,2.0,7.0,29360128.0,50331648.0,0.5833333333333334,4.0,0.4,0.5,0.0,1.0,1.0,16.0,12.7,0.0,5.842041,449.6233600000001,0.0129931883432391,0
1.0,16777216.0,2.0,7.0,117440512.0,201326592.0,0.5833333333333334,4.0,0.4,0.5,0.0,1.0,1.0,16.0,12.7,0.0,22.386572,3325.05792,0.006732686328664,0
1.0,4096.0,2.0,4.0,16384.0,49152.0,0.3333333333333333,2.0,1.0,0.5,0.0,0.0,1.0,16.0,12.7,0.0,0.002393,0.008708,0.2748047772163527,0
1.0,16384.0,2.0,4.0,65536.0,196608.0,0.3333333333333333,2.0,1.0,0.5,0.0,0.0,1.0,16.0,12.7,0.0,0.037598,0.0242919999999999,1.5477523464515068,1
1.0,65536.0,2.0,4.0,262144.0,786432.0,0.3333333333333333,2.0,1.0,0.5,0.0,0.0,1.0,16.0,12.7,0.0,0.234814,0.068996,3.403298741956055,1
1.0,262144.0,2.0,4.0,1048576.0,3145728.0,0.3333333333333333,2.0,1.0,0.5,0.0,0.0,1.0,16.0,12.7,0.0,1.013623,0.25642,3.9529794867795034,1
1.0,1048576.0,2.0,4.0,4194304.0,12582912.0,0.3333333333333333,2.0,1.0,0.5,0.0,0.0,1.0,16.0,12.7,0.0,5.370605,2.318724,2.316189852694845,1
1.0,4194304.0,2.0,4.0,16777216.0,50331648.0,0.3333333333333333,2.0,1.0,0.5,0.0,0.0,1.0,16.0,12.7,0.0,40.766211,11.792036,3.457096891495243,1
1.0,4096.0,2.0,12.0,49152.0,49152.0,1.0,12.0,0.4,0.5,0.0,1.0,1.0,16.0,12.7,0.0,0.091992,0.02896,3.176519337016575,1
1.0,16384.0,2.0,12.0,196608.0,196608.0,1.0,12.0,0.4,0.5,0.0,1.0,1.0,16.0,12.7,0.0,1.773242,0.056352,31.467241624077225,1
1.0,65536.0,2.0,12.0,786432.0,786432.0,1.0,12.0,0.4,0.5,0.0,1.0,1.0,16.0,12.7,0.0,1.691602,0.136928,12.353952442159384,1
1.0,262144.0,2.0,12.0,3145728.0,3145728.0,1.0,12.0,0.4,0.5,0.0,1.0,1.0,16.0,12.7,0.0,6.845996,0.491936,13.916436284394718,1
1.0,1048576.0,2.0,12.0,12582912.0,12582912.0,1.0,12.0,0.4,0.5,0.0,1.0,1.0,16.0,12.7,0.0,28.342041,3.268256,8.671915847473391,1
1.0,4194304.0,2.0,12.0,50331648.0,50331648.0,1.0,12.0,0.4,0.5,0.0,1.0,1.0,16.0,12.7,0.0,112.769971,21.670912,5.203748277875891,1
1.0,4096.0,2.0,75.0,307200.0,49152.0,6.25,13.0,1.0,0.5,0.0,0.0,1.0,16.0,12.7,0.0,0.0087771428571428,0.010436,0.841044735257077,0
1.0,16384.0,2.0,75.0,1228800.0,196608.0,6.25,13.0,1.0,0.5,0.0,0.0,1.0,16.0,12.7,0.0,0.0351085714285714,0.0265959999999999,1.3200696130460006,1
1.0,65536.0,2.0,75.0,4915200.0,786432.0,6.25,13.0,1.0,0.5,0.0,0.0,1.0,16.0,12.7,0.0,0.1404342857142857,0.071204,1.9722808509955296,1
1.0,262144.0,2.0,75.0,19660800.0,3145728.0,6.25,13.0,1.0,0.5,0.0,0.0,1.0,16.0,12.7,0.0,0.5617371428571428,0.25914,2.1676975490358217,1
1.0,1048576.0,2.0,75.0,78643200.0,12582912.0,6.25,13.0,1.0,0.5,0.0,0.0,1.0,16.0,12.7,0.0,2.2469485714285717,2.33674,0.961574061054534,0
1.0,4194304.0,2.0,75.0,314572800.0,50331648.0,6.25,13.0,1.0,0.5,0.0,0.0,1.0,16.0,12.7,0.0,8.987794285714285,11.302692,0.7951905869605476,0
1.0,4096.0,2.0,21.0,86016.0,49152.0,1.75,6.0,1.0,0.5,0.0,0.0,1.0,16.0,12.7,0.0,0.004785,0.011588,0.4129271660338281,0
1.0,16384.0,2.0,21.0,344064.0,196608.0,1.75,6.0,1.0,0.5,0.0,0.0,1.0,16.0,12.7,0.0,0.022998,0.02682,0.8574944071588367,0
1.0,65536.0,2.0,21.0,1376256.0,786432.0,1.75,6.0,1.0,0.5,0.0,0.0,1.0,16.0,12.7,0.0,0.075781,0.070564,1.0739328836233772,0
1.0,262144.0,2.0,21.0,5505024.0,3145728.0,1.75,6.0,1.0,0.5,0.0,0.0,1.0,16.0,12.7,0.0,0.335791,0.260036,1.291325047301143,1
1.0,1048576.0,2.0,21.0,22020096.0,12582912.0,1.75,6.0,1.0,0.5,0.0,0.0,1.0,16.0,12.7,0.0,1.893018,2.36042,0.80198354530126,0
1.0,4194304.0,2.0,21.0,88080384.0,50331648.0,1.75,6.0,1.0,0.5,0.0,0.0,1.0,16.0,12.7,0.0,5.405566,10.318948,0.5238485551046482,0
1.0,1024.0,1.0,1.0,1024.0,12288.0,0.0833333333333333,3.0,1.0,1.0,0.0,0.0,1.0,16.0,12.7,0.0,0.000586,0.02657325,0.0220522517945678,0
1.0,8192.0,1.0,1.0,8192.0,98304.0,0.0833333333333333,3.0,1.0,1.0,0.0,0.0,1.0,16.0,12.7,0.0,0.005176,0.037647,0.1374877148245544,0
1.0,65536.0,1.0,1.0,65536.0,786432.0,0.0833333333333333,3.0,1.0,1.0,0.0,0.0,1.0,16.0,12.7,0.0,0.042773,0.126346625,0.338536941528909,0
1.0,262144.0,1.0,1.0,262144.0,3145728.0,0.0833333333333333,3.0,1.0,1.0,0.0,0.0,1.0,16.0,12.7,0.0,0.183594,0.43194925,0.4250360430073672,0
1.0,1048576.0,1.0,1.0,1048576.0,12582912.0,0.0833333333333333,3.0,1.0,1.0,0.0,0.0,1.0,16.0,12.7,0.0,0.818018,1.66325225,0.4918183636907751,0
1.0,4194304.0,1.0,1.0,4194304.0,50331648.0,0.0833333333333333,3.0,1.0,1.0,0.0,0.0,1.0,16.0,12.7,0.0,6.110596,6.932824500000001,0.8814006470234461,0
1.0,1024.0,1.0,2.0,2048.0,12288.0,0.1666666666666666,3.0,1.0,1.0,0.0,0.0,1.0,16.0,12.7,0.0,0.001172,0.0261465,0.0448243550762052,0
1.0,8192.0,1.0,2.0,16384.0,98304.0,0.1666666666666666,3.0,1.0,1.0,0.0,0.0,1.0,16.0,12.7,0.0,0.010986,0.03437325,0.3196089982762758,0
1.0,65536.0,1.0,2.0,131072.0,786432.0,0.1666666666666666,3.0,1.0,1.0,0.0,0.0,1.0,16.0,12.7,0.0,0.080176,0.099022,0.8096786572680819,0
1.0,262144.0,1.0,2.0,524288.0,3145728.0,0.1666666666666666,3.0,1.0,1.0,0.0,0.0,1.0,16.0,12.7,0.0,0.195605,0.305450625,0.6403817310899265,0
1.0,1048576.0,1.0,2.0,2097152.0,12582912.0,0.1666666666666666,3.0,1.0,1.0,0.0,0.0,1.0,16.0,12.7,0.0,0.751807,1.142975875,0.6577627896126855,0
1.0,4194304.0,1.0,2.0,8388608.0,50331648.0,0.1666666666666666,3.0,1.0,1.0,0.0,0.0,1.0,16.0,12.7,0.0,3.417383,4.548172875000001,0.7513749133821127,0
1.0,1024.0,1.0,4.0,4096.0,12288.0,0.3333333333333333,7.0,1.0,1.0,1.0,0.0,1.0,16.0,12.7,0.0,0.000781,0.026597625,0.0293635239988532,0
1.0,8192.0,1.0,4.0,32768.0,98304.0,0.3333333333333333,7.0,1.0,1.0,1.0,0.0,1.0,16.0,12.7,0.0,0.007617,0.037952125,0.200700224295741,0
1.0,65536.0,1.0,4.0,262144.0,786432.0,0.3333333333333333,7.0,1.0,1.0,1.0,0.0,1.0,16.0,12.7,0.0,0.089014,0.13212675,0.673701578219399,0
1.0,262144.0,1.0,4.0,1048576.0,3145728.0,0.3333333333333333,7.0,1.0,1.0,1.0,0.0,1.0,16.0,12.7,0.0,0.289795,0.445224375,0.6508965282954241,0
1.0,1048576.0,1.0,4.0,4194304.0,12582912.0,0.3333333333333333,7.0,1.0,1.0,1.0,0.0,1.0,16.0,12.7,0.0,1.837207,1.790650875,1.0259995544916036,0
1.0,2097152.0,1.0,4.0,8388608.0,25165824.0,0.3333333333333333,7.0,1.0,1.0,1.0,0.0,1.0,16.0,12.7,0.0,2.31499,3.38637375,0.6836191663722883,0
1.0,1024.0,1.0,6.0,6144.0,12288.0,0.5,3.0,1.0,0.5,0.0,0.0,1.0,16.0,12.7,0.0,0.000781,0.026097625,0.0299260948074776,0
1.0,8192.0,1.0,6.0,49152.0,98304.0,0.5,3.0,1.0,0.5,0.0,0.0,1.0,16.0,12.7,0.0,0.005762,0.03372025,0.1708765504407589,0
1.0,65536.0,1.0,6.0,393216.0,786432.0,0.5,3.0,1.0,0.5,0.0,0.0,1.0,16.0,12.7,0.0,0.068408,0.097551,0.7012537031911513,0
1.0,262144.0,1.0,6.0,1572864.0,3145728.0,0.5,3.0,1.0,0.5,0.0,0.0,1.0,16.0,12.7,0.0,0.456641,0.338080125,1.350688686594635,1
1.0,1048576.0,1.0,6.0,6291456.0,12582912.0,0.5,3.0,1.0,0.5,0.0,0.0,1.0,16.0,12.7,0.0,1.465381,1.232172625,1.189265992660728,1
1.0,1024.0,1.0,12.0,12288.0,12288.0,1.0,3.0,1.0,1.0,0.0,0.0,1.0,16.0,12.7,0.0,0.001,0.026125,0.0382775119617224,0
1.0,8192.0,1.0,12.0,98304.0,98304.0,1.0,3.0,1.0,1.0,0.0,0.0,1.0,16.0,12.7,0.0,0.0028086857142857,0.0333510857142857,0.0842157205419742,0
1.0,65536.0,1.0,12.0,786432.0,786432.0,1.0,3.0,1.0,1.0,0.0,0.0,1.0,16.0,12.7,0.0,0.0224694857142857,0.0918086857142857,0.2447424831264019,0
1.0,262144.0,1.0,12.0,3145728.0,3145728.0,1.0,3.0,1.0,1.0,0.0,0.0,1.0,16.0,12.7,0.0,0.0898779428571428,0.2922347428571429,0.3075539272928925,0
1.0,1048576.0,1.0,12.0,12582912.0,12582912.0,1.0,3.0,1.0,1.0,0.0,0.0,1.0,16.0,12.7,0.0,0.3595117714285714,1.0939389714285714,0.3286396963800331,0
1.0,256.0,2.0,5.0,1280.0,3072.0,0.4166666666666667,4.0,0.4,0.5,1.0,0.0,1.0,16.0,12.7,0.0,0.000244,0.003972,0.0614300100704934,0
1.0,1024.0,2.0,5.0,5120.0,12288.0,0.4166666666666667,4.0,0.4,0.5,1.0,0.0,1.0,16.0,12.7,0.0,0.000781,0.006724,0.1161511005353956,0
1.0,4096.0,2.0,5.0,20480.0,49152.0,0.4166666666666667,4.0,0.4,0.5,1.0,0.0,1.0,16.0,12.7,0.0,0.005176,0.008228,0.6290714632960621,0
1.0,16384.0,2.0,5.0,81920.0,196608.0,0.4166666666666667,4.0,0.4,0.5,1.0,0.0,1.0,16.0,12.7,0.0,0.017822,0.027012,0.6597808381460092,0
1.0,65536.0,2.0,5.0,327680.0,786432.0,0.4166666666666667,4.0,0.4,0.5,1.0,0.0,1.0,16.0,12.7,0.0,0.085791,0.0713,1.2032398316970547,1
1.0,262144.0,2.0,5.0,1310720.0,3145728.0,0.4166666666666667,4.0,0.4,0.5,1.0,0.0,1.0,16.0,12.7,0.0,0.531641,0.257412,2.065331064596833,1
1.0,1048576.0,2.0,5.0,5242880.0,12582912.0,0.4166666666666667,4.0,0.4,0.5,1.0,0.0,1.0,16.0,12.7,0.0,3.362012,2.378404,1.4135579993979157,1
1.0,256.0,2.0,5.0,1280.0,3072.0,0.4166666666666667,4.0,0.4,0.5,0.0,1.0,1.0,16.0,12.7,0.0,0.000195,0.004708,0.0414188615123194,0
1.0,1024.0,2.0,5.0,5120.0,12288.0,0.4166666666666667,4.0,0.4,0.5,0.0,1.0,1.0,16.0,12.7,0.0,0.001221,0.006148,0.1986011711125569,0
1.0,4096.0,2.0,5.0,20480.0,49152.0,0.4166666666666667,4.0,0.4,0.5,0.0,1.0,1.0,16.0,12.7,0.0,0.003369,0.010212,0.3299059929494712,0
1.0,16384.0,2.0,5.0,81920.0,196608.0,0.4166666666666667,4.0,0.4,0.5,0.0,1.0,1.0,16.0,12.7,0.0,0.017383,0.025796,0.6738641649868197,0
1.0,65536.0,2.0,5.0,327680.0,786432.0,0.4166666666666667,4.0,0.4,0.5,0.0,1.0,1.0,16.0,12.7,0.0,0.077197,0.0713,1.0827068723702664,0
1.0,262144.0,2.0,5.0,1310720.0,3145728.0,0.4166666666666667,4.0,0.4,0.5,0.0,1.0,1.0,16.0,12.7,0.0,0.45,0.257476,1.747735711289596,1
1.0,1048576.0,2.0,5.0,5242880.0,12582912.0,0.4166666666666667,4.0,0.4,0.5,0.0,1.0,1.0,16.0,12.7,0.0,3.721777,2.43514,1.5283626403410069,1
1.0,256.0,2.0,10.0,2560.0,3072.0,0.8333333333333334,3.0,1.0,0.5,0.0,0.0,1.0,16.0,12.7,0.0,0.000195,0.024352,0.0080075558475689,0
1.0,1024.0,2.0,10.0,10240.0,12288.0,0.8333333333333334,3.0,1.0,0.5,0.0,0.0,1.0,16.0,12.7,0.0,0.001172,0.017952,0.0652852049910873,0
1.0,4096.0,2.0,10.0,40960.0,49152.0,0.8333333333333334,3.0,1.0,0.5,0.0,0.0,1.0,16.0,12.7,0.0,0.003809,0.024608,0.1547870611183354,0
1.0,16384.0,2.0,10.0,163840.0,196608.0,0.8333333333333334,3.0,1.0,0.5,0.0,0.0,1.0,16.0,12.7,0.0,0.016211,0.041696,0.3887902916346891,0
1.0,65536.0,2.0,10.0,655360.0,786432.0,0.8333333333333334,3.0,1.0,0.5,0.0,0.0,1.0,16.0,12.7,0.0,0.06499,0.1017599999999999,0.6386595911949687,0
1.0,262144.0,2.0,10.0,2621440.0,3145728.0,0.8333333333333334,3.0,1.0,0.5,0.0,0.0,1.0,16.0,12.7,0.0,0.272998,0.335936,0.8126488378738808,0
1.0,1024.0,1.0,1.0,1024.0,12288.0,0.0833333333333333,1.0,1.0,1.0,0.0,0.0,1.0,16.0,12.7,0.0,0.000586,0.02084125,0.0281173154201403,0
1.0,1024.0,1.0,1.0,1024.0,12288.0,0.0833333333333333,1.0,1.0,1.0,1.0,0.0,1.0,16.0,12.7,0.0,0.00083,0.02087175,0.0397666702600404,0
1.0,1024.0,1.0,1.0,1024.0,12288.0,0.0833333333333333,1.0,0.5,0.5,0.0,0.0,1.0,16.0,12.7,0.0,0.000781,0.020865625,0.0374299835255354,0
1.0,1024.0,1.0,1.0,1024.0,12288.0,0.0833333333333333,1.0,0.5,0.5,1.0,0.0,1.0,16.0,12.7,0.0,0.000586,0.02084125,0.0281173154201403,0
1.0,1024.0,1.0,1.0,1024.0,12288.0,0.0833333333333333,1.0,0.25,0.25,0.0,0.0,1.0,16.0,12.7,0.0,0.001172,0.0209145,0.0560376772095914,0
1.0,1024.0,1.0,1.0,1024.0,12288.0,0.0833333333333333,1.0,0.25,0.25,1.0,0.0,1.0,16.0,12.7,0.0,0.00083,0.02087175,0.0397666702600404,0
1.0,1024.0,1.0,2.0,2048.0,12288.0,0.1666666666666666,1.0,1.0,1.0,0.0,0.0,1.0,16.0,12.7,0.0,0.000781,0.020865625,0.0374299835255354,0
1.0,1024.0,1.0,2.0,2048.0,12288.0,0.1666666666666666,1.0,1.0,1.0,1.0,0.0,1.0,16.0,12.7,0.0,0.00083,0.02087175,0.0397666702600404,0
1.0,1024.0,1.0,2.0,2048.0,12288.0,0.1666666666666666,1.0,0.5,0.5,0.0,0.0,1.0,16.0,12.7,0.0,0.000635,0.020847375,0.0304594703170063,0
1.0,1024.0,1.0,2.0,2048.0,12288.0,0.1666666666666666,1.0,0.5,0.5,1.0,0.0,1.0,16.0,12.7,0.0,0.000781,0.020865625,0.0374299835255354,0
1.0,1024.0,1.0,2.0,2048.0,12288.0,0.1666666666666666,1.0,0.25,0.25,0.0,0.0,1.0,16.0,12.7,0.0,0.000586,0.02084125,0.0281173154201403,0
1.0,1024.0,1.0,2.0,2048.0,12288.0,0.1666666666666666,1.0,0.25,0.25,1.0,0.0,1.0,16.0,12.7,0.0,0.000586,0.02084125,0.0281173154201403,0
1.0,1024.0,1.0,4.0,4096.0,12288.0,0.3333333333333333,1.0,1.0,1.0,0.0,0.0,1.0,16.0,12.7,0.0,0.000781,0.020865625,0.0374299835255354,0
1.0,1024.0,1.0,4.0,4096.0,12288.0,0.3333333333333333,1.0,1.0,1.0,1.0,0.0,1.0,16.0,12.7,0.0,0.001758,0.02098775,0.0837631475503567,0
1.0,1024.0,1.0,4.0,4096.0,12288.0,0.3333333333333333,1.0,0.5,0.5,0.0,0.0,1.0,16.0,12.7,0.0,0.000781,0.020865625,0.0374299835255354,0
1.0,1024.0,1.0,4.0,4096.0,12288.0,0.3333333333333333,1.0,0.5,0.5,1.0,0.0,1.0,16.0,12.7,0.0,0.000781,0.020865625,0.0374299835255354,0
1.0,1024.0,1.0,4.0,4096.0,12288.0,0.3333333333333333,1.0,0.25,0.25,0.0,0.0,1.0,16.0,12.7,0.0,0.001221,0.020920625,0.0583634571146894,0
1.0,1024.0,1.0,4.0,4096.0,12288.0,0.3333333333333333,1.0,0.25,0.25,1.0,0.0,1.0,16.0,12.7,0.0,0.00083,0.02087175,0.0397666702600404,0
1.0,1024.0,1.0,8.0,8192.0,12288.0,0.6666666666666666,1.0,1.0,1.0,0.0,0.0,1.0,16.0,12.7,0.0,0.001221,0.020920625,0.0583634571146894,0
1.0,1024.0,1.0,8.0,8192.0,12288.0,0.6666666666666666,1.0,1.0,1.0,1.0,0.0,1.0,16.0,12.7,0.0,0.001611,0.020969375,0.0768263241036034,0
1.0,1024.0,1.0,8.0,8192.0,12288.0,0.6666666666666666,1.0,0.5,0.5,0.0,0.0,1.0,16.0,12.7,0.0,0.001221,0.020920625,0.0583634571146894,0
1.0,1024.0,1.0,8.0,8192.0,12288.0,0.6666666666666666,1.0,0.5,0.5,1.0,0.0,1.0,16.0,12.7,0.0,0.001611,0.020969375,0.0768263241036034,0
1.0,1024.0,1.0,8.0,8192.0,12288.0,0.6666666666666666,1.0,0.25,0.25,0.0,0.0,1.0,16.0,12.7,0.0,0.001172,0.0209145,0.0560376772095914,0
1.0,1024.0,1.0,8.0,8192.0,12288.0,0.6666666666666666,1.0,0.25,0.25,1.0,0.0,1.0,16.0,12.7,0.0,0.001416,0.020945,0.0676056338028169,0
1.0,1024.0,1.0,16.0,16384.0,12288.0,1.3333333333333333,1.0,1.0,1.0,0.0,0.0,1.0,16.0,12.7,0.0,0.001367,0.020938875,0.0652852648482786,0
1.0,1024.0,1.0,16.0,16384.0,12288.0,1.3333333333333333,1.0,1.0,1.0,1.0,0.0,1.0,16.0,12.7,0.0,0.001416,0.020945,0.0676056338028169,0
1.0,1024.0,1.0,16.0,16384.0,12288.0,1.3333333333333333,1.0,0.5,0.5,0.0,0.0,1.0,16.0,12.7,0.0,0.001172,0.0209145,0.0560376772095914,0
1.0,1024.0,1.0,16.0,16384.0,12288.0,1.3333333333333333,1.0,0.5,0.5,1.0,0.0,1.0,16.0,12.7,0.0,0.001416,0.020945,0.0676056338028169,0
1.0,1024.0,1.0,16.0,16384.0,12288.0,1.3333333333333333,1.0,0.25,0.25,0.0,0.0,1.0,16.0,12.7,0.0,0.001221,0.020920625,0.0583634571146894,0
1.0,1024.0,1.0,16.0,16384.0,12288.0,1.3333333333333333,1.0,0.25,0.25,1.0,0.0,1.0,16.0,12.7,0.0,0.001416,0.020945,0.0676056338028169,0
1.0,1024.0,1.0,32.0,32768.0,12288.0,2.6666666666666665,1.0,1.0,1.0,0.0,0.0,1.0,16.0,12.7,0.0,0.001172,0.0209145,0.0560376772095914,0
1.0,1024.0,1.0,32.0,32768.0,12288.0,2.6666666666666665,1.0,1.0,1.0,1.0,0.0,1.0,16.0,12.7,0.0,0.003418,0.02119525,0.1612625470329437,0
1.0,1024.0,1.0,32.0,32768.0,12288.0,2.6666666666666665,1.0,0.5,0.5,0.0,0.0,1.0,16.0,12.7,0.0,0.001172,0.0209145,0.0560376772095914,0
1.0,1024.0,1.0,32.0,32768.0,12288.0,2.6666666666666665,1.0,0.5,0.5,1.0,0.0,1.0,16.0,12.7,0.0,0.000781,0.020865625,0.0374299835255354,0
1.0,1024.0,1.0,32.0,32768.0,12288.0,2.6666666666666665,1.0,0.25,0.25,0.0,0.0,1.0,16.0,12.7,0.0,0.000586,0.02084125,0.0281173154201403,0
1.0,1024.0,1.0,32.0,32768.0,12288.0,2.6666666666666665,1.0,0.25,0.25,1.0,0.0,1.0,16.0,12.7,0.0,0.000781,0.020865625,0.0374299835255354,0
1.0,4096.0,1.0,1.0,4096.0,49152.0,0.0833333333333333,1.0,1.0,1.0,0.0,0.0,1.0,16.0,12.7,0.0,0.002588,0.0233955,0.1106195635912889,0
1.0,4096.0,1.0,1.0,4096.0,49152.0,0.0833333333333333,1.0,1.0,1.0,1.0,0.0,1.0,16.0,12.7,0.0,0.002588,0.0233955,0.1106195635912889,0
1.0,4096.0,1.0,1.0,4096.0,49152.0,0.0833333333333333,1.0,0.5,0.5,0.0,0.0,1.0,16.0,12.7,0.0,0.002637,0.023401625,0.1126844823810312,0
1.0,4096.0,1.0,1.0,4096.0,49152.0,0.0833333333333333,1.0,0.5,0.5,1.0,0.0,1.0,16.0,12.7,0.0,0.002588,0.0233955,0.1106195635912889,0
1.0,4096.0,1.0,1.0,4096.0,49152.0,0.0833333333333333,1.0,0.25,0.25,0.0,0.0,1.0,16.0,12.7,0.0,0.003223,0.023474875,0.1372957257493384,0
1.0,4096.0,1.0,1.0,4096.0,49152.0,0.0833333333333333,1.0,0.25,0.25,1.0,0.0,1.0,16.0,12.7,0.0,0.002783,0.023419875,0.1188306940152327,0
1.0,4096.0,1.0,2.0,8192.0,49152.0,0.1666666666666666,1.0,1.0,1.0,0.0,0.0,1.0,16.0,12.7,0.0,0.002637,0.023401625,0.1126844823810312,0
1.0,4096.0,1.0,2.0,8192.0,49152.0,0.1666666666666666,1.0,1.0,1.0,1.0,0.0,1.0,16.0,12.7,0.0,0.003027,0.023450375,0.1290810914537614,0
1.0,4096.0,1.0,2.0,8192.0,49152.0,0.1666666666666666,1.0,0.5,0.5,0.0,0.0,1.0,16.0,12.7,0.0,0.002637,0.023401625,0.1126844823810312,0
1.0,4096.0,1.0,2.0,8192.0,49152.0,0.1666666666666666,1.0,0.5,0.5,1.0,0.0,1.0,16.0,12.7,0.0,0.003027,0.023450375,0.1290810914537614,0
1.0,4096.0,1.0,2.0,8192.0,49152.0,0.1666666666666666,1.0,0.25,0.25,0.0,0.0,1.0,16.0,12.7,0.0,0.002783,0.023419875,0.1188306940152327,0
1.0,4096.0,1.0,2.0,8192.0,49152.0,0.1666666666666666,1.0,0.25,0.25,1.0,0.0,1.0,16.0,12.7,0.0,0.003174,0.02346875,0.1352436750998668,0
1.0,4096.0,1.0,4.0,16384.0,49152.0,0.3333333333333333,1.0,1.0,1.0,0.0,0.0,1.0,16.0,12.7,0.0,0.002588,0.0233955,0.1106195635912889,0
1.0,4096.0,1.0,4.0,16384.0,49152.0,0.3333333333333333,1.0,1.0,1.0,1.0,0.0,1.0,16.0,12.7,0.0,0.002979,0.023444375,0.1270667270933859,0
1.0,4096.0,1.0,4.0,16384.0,49152.0,0.3333333333333333,1.0,0.5,0.5,0.0,0.0,1.0,16.0,12.7,0.0,0.002588,0.0233955,0.1106195635912889,0
1.0,4096.0,1.0,4.0,16384.0,49152.0,0.3333333333333333,1.0,0.5,0.5,1.0,0.0,1.0,16.0,12.7,0.0,0.002783,0.023419875,0.1188306940152327,0
1.0,4096.0,1.0,4.0,16384.0,49152.0,0.3333333333333333,1.0,0.25,0.25,0.0,0.0,1.0,16.0,12.7,0.0,0.003027,0.023450375,0.1290810914537614,0
1.0,4096.0,1.0,4.0,16384.0,49152.0,0.3333333333333333,1.0,0.25,0.25,1.0,0.0,1.0,16.0,12.7,0.0,0.005029,0.023700625,0.2121884971387885,0
1.0,4096.0,1.0,8.0,32768.0,49152.0,0.6666666666666666,1.0,1.0,1.0,0.0,0.0,1.0,16.0,12.7,0.0,0.003027,0.023450375,0.1290810914537614,0
1.0,4096.0,1.0,8.0,32768.0,49152.0,0.6666666666666666,1.0,1.0,1.0,1.0,0.0,1.0,16.0,12.7,0.0,0.003027,0.023450375,0.1290810914537614,0
1.0,4096.0,1.0,8.0,32768.0,49152.0,0.6666666666666666,1.0,0.5,0.5,0.0,0.0,1.0,16.0,12.7,0.0,0.002588,0.0233955,0.1106195635912889,0
1.0,4096.0,1.0,8.0,32768.0,49152.0,0.6666666666666666,1.0,0.5,0.5,1.0,0.0,1.0,16.0,12.7,0.0,0.002783,0.023419875,0.1188306940152327,0
1.0,4096.0,1.0,8.0,32768.0,49152.0,0.6666666666666666,1.0,0.25,0.25,0.0,0.0,1.0,16.0,12.7,0.0,0.002832,0.023426,0.120891317339708,0
1.0,4096.0,1.0,8.0,32768.0,49152.0,0.6666666666666666,1.0,0.25,0.25,1.0,0.0,1.0,16.0,12.7,0.0,0.002979,0.023444375,0.1270667270933859,0
1.0,4096.0,1.0,16.0,65536.0,49152.0,1.3333333333333333,1.0,1.0,1.0,0.0,0.0,1.0,16.0,12.7,0.0,0.002588,0.0233955,0.1106195635912889,0
1.0,4096.0,1.0,16.0,65536.0,49152.0,1.3333333333333333,1.0,1.0,1.0,1.0,0.0,1.0,16.0,12.7,0.0,0.002832,0.023426,0.120891317339708,0
1.0,4096.0,1.0,16.0,65536.0,49152.0,1.3333333333333333,1.0,0.5,0.5,0.0,0.0,1.0,16.0,12.7,0.0,0.003174,0.02346875,0.1352436750998668,0
1.0,4096.0,1.0,16.0,65536.0,49152.0,1.3333333333333333,1.0,0.5,0.5,1.0,0.0,1.0,16.0,12.7,0.0,0.00542,0.0237495,0.2282153308490705,0
1.0,4096.0,1.0,16.0,65536.0,49152.0,1.3333333333333333,1.0,0.25,0.25,0.0,0.0,1.0,16.0,12.7,0.0,0.002832,0.023426,0.120891317339708,0
1.0,4096.0,1.0,16.0,65536.0,49152.0,1.3333333333333333,1.0,0.25,0.25,1.0,0.0,1.0,16.0,12.7,0.0,0.003027,0.023450375,0.1290810914537614,0
1.0,4096.0,1.0,32.0,131072.0,49152.0,2.6666666666666665,1.0,1.0,1.0,0.0,0.0,1.0,16.0,12.7,0.0,0.003027,0.023450375,0.1290810914537614,0
1.0,4096.0,1.0,32.0,131072.0,49152.0,2.6666666666666665,1.0,1.0,1.0,1.0,0.0,1.0,16.0,12.7,0.0,0.003027,0.023450375,0.1290810914537614,0
1.0,4096.0,1.0,32.0,131072.0,49152.0,2.6666666666666665,1.0,0.5,0.5,0.0,0.0,1.0,16.0,12.7,0.0,0.002588,0.0233955,0.1106195635912889,0
1.0,4096.0,1.0,32.0,131072.0,49152.0,2.6666666666666665,1.0,0.5,0.5,1.0,0.0,1.0,16.0,12.7,0.0,0.002832,0.023426,0.120891317339708,0
1.0,4096.0,1.0,32.0,131072.0,49152.0,2.6666666666666665,1.0,0.25,0.25,0.0,0.0,1.0,16.0,12.7,0.0,0.002979,0.023444375,0.1270667270933859,0
1.0,4096.0,1.0,32.0,131072.0,49152.0,2.6666666666666665,1.0,0.25,0.25,1.0,0.0,1.0,16.0,12.7,0.0,0.003223,0.023474875,0.1372957257493384,0
1.0,16384.0,1.0,1.0,16384.0,196608.0,0.0833333333333333,1.0,1.0,1.0,0.0,0.0,1.0,16.0,12.7,0.0,0.010986,0.03366125,0.3263693416019904,0
1.0,16384.0,1.0,1.0,16384.0,196608.0,0.0833333333333333,1.0,1.0,1.0,1.0,0.0,1.0,16.0,12.7,0.0,0.011621,0.0337406249999999,0.3444215985922015,0
1.0,16384.0,1.0,1.0,16384.0,196608.0,0.0833333333333333,1.0,0.5,0.5,0.0,0.0,1.0,16.0,12.7,0.0,0.0104,0.033588,0.3096343932356794,0
1.0,16384.0,1.0,1.0,16384.0,196608.0,0.0833333333333333,1.0,0.5,0.5,1.0,0.0,1.0,16.0,12.7,0.0,0.010791,0.033636875,0.3208086363551906,0
1.0,16384.0,1.0,1.0,16384.0,196608.0,0.0833333333333333,1.0,0.25,0.25,0.0,0.0,1.0,16.0,12.7,0.0,0.010986,0.03366125,0.3263693416019904,0
1.0,16384.0,1.0,1.0,16384.0,196608.0,0.0833333333333333,1.0,0.25,0.25,1.0,0.0,1.0,16.0,12.7,0.0,0.011816,0.033765,0.3499481711831778,0
1.0,16384.0,1.0,2.0,32768.0,196608.0,0.1666666666666666,1.0,1.0,1.0,0.0,0.0,1.0,16.0,12.7,0.0,0.010205,0.033563625,0.3040493987166165,0
1.0,16384.0,1.0,2.0,32768.0,196608.0,0.1666666666666666,1.0,1.0,1.0,1.0,0.0,1.0,16.0,12.7,0.0,0.029004,0.0359135,0.8076071672212398,0
1.0,16384.0,1.0,2.0,32768.0,196608.0,0.1666666666666666,1.0,0.5,0.5,0.0,0.0,1.0,16.0,12.7,0.0,0.020605,0.034863625,0.5910171417917671,0
1.0,16384.0,1.0,2.0,32768.0,196608.0,0.1666666666666666,1.0,0.5,0.5,1.0,0.0,1.0,16.0,12.7,0.0,0.032617,0.036365125,0.8969307818961162,0
1.0,16384.0,1.0,2.0,32768.0,196608.0,0.1666666666666666,1.0,0.25,0.25,0.0,0.0,1.0,16.0,12.7,0.0,0.020996,0.0349125,0.6013891872538489,0
1.0,16384.0,1.0,2.0,32768.0,196608.0,0.1666666666666666,1.0,0.25,0.25,1.0,0.0,1.0,16.0,12.7,0.0,0.01582,0.0342655,0.4616888707300345,0
1.0,16384.0,1.0,4.0,65536.0,196608.0,0.3333333333333333,1.0,1.0,1.0,0.0,0.0,1.0,16.0,12.7,0.0,0.022021,0.035040625,0.6284419869793989,0
1.0,16384.0,1.0,4.0,65536.0,196608.0,0.3333333333333333,1.0,1.0,1.0,1.0,0.0,1.0,16.0,12.7,0.0,0.015381,0.034210625,0.4495971646235636,0
1.0,16384.0,1.0,4.0,65536.0,196608.0,0.3333333333333333,1.0,0.5,0.5,0.0,0.0,1.0,16.0,12.7,0.0,0.0104,0.033588,0.3096343932356794,0
1.0,16384.0,1.0,4.0,65536.0,196608.0,0.3333333333333333,1.0,0.5,0.5,1.0,0.0,1.0,16.0,12.7,0.0,0.015576,0.034235,0.4549729808675332,0
1.0,16384.0,1.0,4.0,65536.0,196608.0,0.3333333333333333,1.0,0.25,0.25,0.0,0.0,1.0,16.0,12.7,0.0,0.012012,0.0337895,0.3554950502374998,0
1.0,16384.0,1.0,4.0,65536.0,196608.0,0.3333333333333333,1.0,0.25,0.25,1.0,0.0,1.0,16.0,12.7,0.0,0.016162,0.03430825,0.4710820283750992,0
1.0,16384.0,1.0,8.0,131072.0,196608.0,0.6666666666666666,1.0,1.0,1.0,0.0,0.0,1.0,16.0,12.7,0.0,0.0104,0.033588,0.3096343932356794,0
1.0,16384.0,1.0,8.0,131072.0,196608.0,0.6666666666666666,1.0,1.0,1.0,1.0,0.0,1.0,16.0,12.7,0.0,0.017627,0.034491375,0.5110553000568983,0
1.0,16384.0,1.0,8.0,131072.0,196608.0,0.6666666666666666,1.0,0.5,0.5,0.0,0.0,1.0,16.0,12.7,0.0,0.013428,0.0339665,0.3953306934773969,0
1.0,16384.0,1.0,8.0,131072.0,196608.0,0.6666666666666666,1.0,0.5,0.5,1.0,0.0,1.0,16.0,12.7,0.0,0.021777,0.035010125,0.6220200584830816,0
1.0,16384.0,1.0,8.0,131072.0,196608.0,0.6666666666666666,1.0,0.25,0.25,0.0,0.0,1.0,16.0,12.7,0.0,0.012207,0.033813875,0.3610056522655271,0
1.0,16384.0,1.0,8.0,131072.0,196608.0,0.6666666666666666,1.0,0.25,0.25,1.0,0.0,1.0,16.0,12.7,0.0,0.016016,0.03429,0.4670749489647127,0
1.0,16384.0,1.0,16.0,262144.0,196608.0,1.3333333333333333,1.0,1.0,1.0,0.0,0.0,1.0,16.0,12.7,0.0,0.011768,0.033759,0.3485885245416038,0
1.0,16384.0,1.0,16.0,262144.0,196608.0,1.3333333333333333,1.0,1.0,1.0,1.0,0.0,1.0,16.0,12.7,0.0,0.016211,0.034314375,0.4724259147951842,0
1.0,16384.0,1.0,16.0,262144.0,196608.0,1.3333333333333333,1.0,0.5,0.5,0.0,0.0,1.0,16.0,12.7,0.0,0.011572,0.0337345,0.3430316145192607,0
1.0,16384.0,1.0,16.0,262144.0,196608.0,1.3333333333333333,1.0,0.5,0.5,1.0,0.0,1.0,16.0,12.7,0.0,0.015381,0.034210625,0.4495971646235636,0
1.0,16384.0,1.0,16.0,262144.0,196608.0,1.3333333333333333,1.0,0.25,0.25,0.0,0.0,1.0,16.0,12.7,0.0,0.012402,0.03383825,0.3665083152940829,0
1.0,16384.0,1.0,16.0,262144.0,196608.0,1.3333333333333333,1.0,0.25,0.25,1.0,0.0,1.0,16.0,12.7,0.0,0.024219,0.035315375,0.6857919532215075,0
1.0,16384.0,1.0,32.0,524288.0,196608.0,2.6666666666666665,1.0,1.0,1.0,0.0,0.0,1.0,16.0,12.7,0.0,0.012207,0.033813875,0.3610056522655271,0
1.0,16384.0,1.0,32.0,524288.0,196608.0,2.6666666666666665,1.0,1.0,1.0,1.0,0.0,1.0,16.0,12.7,0.0,0.027393,0.035712125,0.7670504065495963,0
1.0,16384.0,1.0,32.0,524288.0,196608.0,2.6666666666666665,1.0,0.5,0.5,0.0,0.0,1.0,16.0,12.7,0.0,0.02041,0.03483925,0.5858335067488537,0
1.0,16384.0,1.0,32.0,524288.0,196608.0,2.6666666666666665,1.0,0.5,0.5,1.0,0.0,1.0,16.0,12.7,0.0,0.029395,0.035962375,0.8173820555511141,0
1.0,16384.0,1.0,32.0,524288.0,196608.0,2.6666666666666665,1.0,0.25,0.25,0.0,0.0,1.0,16.0,12.7,0.0,0.011816,0.033765,0.3499481711831778,0
1.0,16384.0,1.0,32.0,524288.0,196608.0,2.6666666666666665,1.0,0.25,0.25,1.0,0.0,1.0,16.0,12.7,0.0,0.018799,0.034637875,0.5427295987412623,0
1.0,65536.0,1.0,1.0,65536.0,786432.0,0.0833333333333333,1.0,1.0,1.0,0.0,0.0,1.0,16.0,12.7,0.0,0.044189,0.074675625,0.5917459679781722,0
1.0,65536.0,1.0,1.0,65536.0,786432.0,0.0833333333333333,1.0,1.0,1.0,1.0,0.0,1.0,16.0,12.7,0.0,0.045361,0.074822125,0.6062511589987587,0
1.0,65536.0,1.0,1.0,65536.0,786432.0,0.0833333333333333,1.0,0.5,0.5,0.0,0.0,1.0,16.0,12.7,0.0,0.04502,0.0747795,0.6020366544306929,0
1.0,65536.0,1.0,1.0,65536.0,786432.0,0.0833333333333333,1.0,0.5,0.5,1.0,0.0,1.0,16.0,12.7,0.0,0.049414,0.07532875,0.6559779632610391,0
1.0,65536.0,1.0,1.0,65536.0,786432.0,0.0833333333333333,1.0,0.25,0.25,0.0,0.0,1.0,16.0,12.7,0.0,0.063184,0.07705,0.8200389357560026,0
1.0,65536.0,1.0,1.0,65536.0,786432.0,0.0833333333333333,1.0,0.25,0.25,1.0,0.0,1.0,16.0,12.7,0.0,0.067773,0.077623625,0.8730975911006474,0
1.0,65536.0,1.0,2.0,131072.0,786432.0,0.1666666666666666,1.0,1.0,1.0,0.0,0.0,1.0,16.0,12.7,0.0,0.043604,0.0746025,0.5844844341677558,0
1.0,65536.0,1.0,2.0,131072.0,786432.0,0.1666666666666666,1.0,1.0,1.0,1.0,0.0,1.0,16.0,12.7,0.0,0.063623,0.077104875,0.8251488638040072,0
1.0,65536.0,1.0,2.0,131072.0,786432.0,0.1666666666666666,1.0,0.5,0.5,0.0,0.0,1.0,16.0,12.7,0.0,0.049023,0.075279875,0.6512099017167603,0
1.0,65536.0,1.0,2.0,131072.0,786432.0,0.1666666666666666,1.0,0.5,0.5,1.0,0.0,1.0,16.0,12.7,0.0,0.063379,0.077074375,0.8223096197666215,0
1.0,65536.0,1.0,2.0,131072.0,786432.0,0.1666666666666666,1.0,0.25,0.25,0.0,0.0,1.0,16.0,12.7,0.0,0.07002,0.0779045,0.898792752665122,0
1.0,65536.0,1.0,2.0,131072.0,786432.0,0.1666666666666666,1.0,0.25,0.25,1.0,0.0,1.0,16.0,12.7,0.0,0.074609,0.078478125,0.9506980448373352,0
1.0,65536.0,1.0,4.0,262144.0,786432.0,0.3333333333333333,1.0,1.0,1.0,0.0,0.0,1.0,16.0,12.7,0.0,0.058594,0.07647625,0.7661725045357219,0
1.0,65536.0,1.0,4.0,262144.0,786432.0,0.3333333333333333,1.0,1.0,1.0,1.0,0.0,1.0,16.0,12.7,0.0,0.062207,0.076927875,0.8086405610450047,0
1.0,65536.0,1.0,4.0,262144.0,786432.0,0.3333333333333333,1.0,0.5,0.5,0.0,0.0,1.0,16.0,12.7,0.0,0.04624,0.074932,0.6170928308332889,0
1.0,65536.0,1.0,4.0,262144.0,786432.0,0.3333333333333333,1.0,0.5,0.5,1.0,0.0,1.0,16.0,12.7,0.0,0.066016,0.077404,0.8528758203710404,0
1.0,65536.0,1.0,4.0,262144.0,786432.0,0.3333333333333333,1.0,0.25,0.25,0.0,0.0,1.0,16.0,12.7,0.0,0.070996,0.0780265,0.9098959968728574,0
1.0,65536.0,1.0,4.0,262144.0,786432.0,0.3333333333333333,1.0,0.25,0.25,1.0,0.0,1.0,16.0,12.7,0.0,0.075781,0.078624625,0.9638328958643682,0
1.0,65536.0,1.0,8.0,524288.0,786432.0,0.6666666666666666,1.0,1.0,1.0,0.0,0.0,1.0,16.0,12.7,0.0,0.045215,0.074803875,0.604447296346613,0
1.0,65536.0,1.0,8.0,524288.0,786432.0,0.6666666666666666,1.0,1.0,1.0,1.0,0.0,1.0,16.0,12.7,0.0,0.123389,0.084575625,1.4589191625837823,1
1.0,65536.0,1.0,8.0,524288.0,786432.0,0.6666666666666666,1.0,0.5,0.5,0.0,0.0,1.0,16.0,12.7,0.0,0.087793,0.080126125,1.09568508398478,0
1.0,65536.0,1.0,8.0,524288.0,786432.0,0.6666666666666666,1.0,0.5,0.5,1.0,0.0,1.0,16.0,12.7,0.0,0.13999,0.08665075,1.6155659356670309,1
1.0,65536.0,1.0,8.0,524288.0,786432.0,0.6666666666666666,1.0,0.25,0.25,0.0,0.0,1.0,16.0,12.7,0.0,0.094238,0.08093175,1.1644132247233008,1
1.0,65536.0,1.0,8.0,524288.0,786432.0,0.6666666666666666,1.0,0.25,0.25,1.0,0.0,1.0,16.0,12.7,0.0,0.082422,0.07945475,1.0373451555759725,0
1.0,65536.0,1.0,16.0,1048576.0,786432.0,1.3333333333333333,1.0,1.0,1.0,0.0,0.0,1.0,16.0,12.7,0.0,0.048438,0.07520675,0.6440645287823233,0
1.0,65536.0,1.0,16.0,1048576.0,786432.0,1.3333333333333333,1.0,1.0,1.0,1.0,0.0,1.0,16.0,12.7,0.0,0.063379,0.077074375,0.8223096197666215,0
1.0,65536.0,1.0,16.0,1048576.0,786432.0,1.3333333333333333,1.0,0.5,0.5,0.0,0.0,1.0,16.0,12.7,0.0,0.047217,0.075054125,0.6291059951734832,0
1.0,65536.0,1.0,16.0,1048576.0,786432.0,1.3333333333333333,1.0,0.5,0.5,1.0,0.0,1.0,16.0,12.7,0.0,0.075,0.078527,0.9550855119895068,0
1.0,65536.0,1.0,16.0,1048576.0,786432.0,1.3333333333333333,1.0,0.25,0.25,0.0,0.0,1.0,16.0,12.7,0.0,0.069629,0.077855625,0.8943348666201061,0
1.0,65536.0,1.0,16.0,1048576.0,786432.0,1.3333333333333333,1.0,0.25,0.25,1.0,0.0,1.0,16.0,12.7,0.0,0.09541,0.08107825,1.1767644220244022,1
1.0,65536.0,1.0,32.0,2097152.0,786432.0,2.6666666666666665,1.0,1.0,1.0,0.0,0.0,1.0,16.0,12.7,0.0,0.042822,0.07450475,0.5747553008365238,0
1.0,65536.0,1.0,32.0,2097152.0,786432.0,2.6666666666666665,1.0,1.0,1.0,1.0,0.0,1.0,16.0,12.7,0.0,0.063232,0.077056,0.8205980066445182,0
1.0,65536.0,1.0,32.0,2097152.0,786432.0,2.6666666666666665,1.0,0.5,0.5,0.0,0.0,1.0,16.0,12.7,0.0,0.044629,0.074730625,0.5971982704547165,0
1.0,65536.0,1.0,32.0,2097152.0,786432.0,2.6666666666666665,1.0,0.5,0.5,1.0,0.0,1.0,16.0,12.7,0.0,0.092383,0.080699875,1.1447725290776474,1
1.0,65536.0,1.0,32.0,2097152.0,786432.0,2.6666666666666665,1.0,0.25,0.25,0.0,0.0,1.0,16.0,12.7,0.0,0.068408,0.077703,0.8803778489890994,0
1.0,65536.0,1.0,32.0,2097152.0,786432.0,2.6666666666666665,1.0,0.25,0.25,1.0,0.0,1.0,16.0,12.7,0.0,0.077588,0.0788505,0.983988687452838,0
1.0,131072.0,1.0,1.0,131072.0,1572864.0,0.0833333333333333,1.0,1.0,1.0,0.0,0.0,1.0,16.0,12.7,0.0,0.096387,0.130352375,0.7394341683456094,0
1.0,131072.0,1.0,1.0,131072.0,1572864.0,0.0833333333333333,1.0,1.0,1.0,1.0,0.0,1.0,16.0,12.7,0.0,0.099414,0.13073075,0.7604484790303735,0
1.0,131072.0,1.0,1.0,131072.0,1572864.0,0.0833333333333333,1.0,0.5,0.5,0.0,0.0,1.0,16.0,12.7,0.0,0.115625,0.132757125,0.8709513707833008,0
1.0,131072.0,1.0,1.0,131072.0,1572864.0,0.0833333333333333,1.0,0.5,0.5,1.0,0.0,1.0,16.0,12.7,0.0,0.103809,0.131280125,0.790744219660059,0
1.0,131072.0,1.0,1.0,131072.0,1572864.0,0.0833333333333333,1.0,0.25,0.25,0.0,0.0,1.0,16.0,12.7,0.0,0.178418,0.14060625,1.268919411477086,1
1.0,131072.0,1.0,1.0,131072.0,1572864.0,0.0833333333333333,1.0,0.25,0.25,1.0,0.0,1.0,16.0,12.7,0.0,0.137793,0.135528125,1.0167114759390348,0
1.0,131072.0,1.0,2.0,262144.0,1572864.0,0.1666666666666666,1.0,1.0,1.0,0.0,0.0,1.0,16.0,12.7,0.0,0.091602,0.12975425,0.7059653152016216,0
1.0,131072.0,1.0,2.0,262144.0,1572864.0,0.1666666666666666,1.0,1.0,1.0,1.0,0.0,1.0,16.0,12.7,0.0,0.128418,0.13435625,0.9558022049588314,0
1.0,131072.0,1.0,2.0,262144.0,1572864.0,0.1666666666666666,1.0,0.5,0.5,0.0,0.0,1.0,16.0,12.7,0.0,0.178613,0.140630625,1.270086085445471,1
1.0,131072.0,1.0,2.0,262144.0,1572864.0,0.1666666666666666,1.0,0.5,0.5,1.0,0.0,1.0,16.0,12.7,0.0,0.241797,0.148528625,1.6279488213130635,1
1.0,131072.0,1.0,2.0,262144.0,1572864.0,0.1666666666666666,1.0,0.25,0.25,0.0,0.0,1.0,16.0,12.7,0.0,0.186621,0.141631625,1.317650630641285,1
1.0,131072.0,1.0,2.0,262144.0,1572864.0,0.1666666666666666,1.0,0.25,0.25,1.0,0.0,1.0,16.0,12.7,0.0,0.166602,0.13912925,1.197462072137958,1
1.0,131072.0,1.0,4.0,524288.0,1572864.0,0.3333333333333333,1.0,1.0,1.0,0.0,0.0,1.0,16.0,12.7,0.0,0.09458,0.1301265,0.726831198871867,0
1.0,131072.0,1.0,4.0,524288.0,1572864.0,0.3333333333333333,1.0,1.0,1.0,1.0,0.0,1.0,16.0,12.7,0.0,0.126416,0.134106,0.9426573009410466,0
1.0,131072.0,1.0,4.0,524288.0,1572864.0,0.3333333333333333,1.0,0.5,0.5,0.0,0.0,1.0,16.0,12.7,0.0,0.113574,0.13250075,0.857157412316534,0
1.0,131072.0,1.0,4.0,524288.0,1572864.0,0.3333333333333333,1.0,0.5,0.5,1.0,0.0,1.0,16.0,12.7,0.0,0.133789,0.1350276249999999,0.9908268770927432,0
1.0,131072.0,1.0,4.0,524288.0,1572864.0,0.3333333333333333,1.0,0.25,0.25,0.0,0.0,1.0,16.0,12.7,0.0,0.194971,0.142675375,1.3665357459197147,1
1.0,131072.0,1.0,4.0,524288.0,1572864.0,0.3333333333333333,1.0,0.25,0.25,1.0,0.0,1.0,16.0,12.7,0.0,0.163428,0.1387325,1.178008037049718,1
1.0,131072.0,1.0,8.0,1048576.0,1572864.0,0.6666666666666666,1.0,1.0,1.0,0.0,0.0,1.0,16.0,12.7,0.0,0.105811,0.131530375,0.8044605666181671,0
1.0,131072.0,1.0,8.0,1048576.0,1572864.0,0.6666666666666666,1.0,1.0,1.0,1.0,0.0,1.0,16.0,12.7,0.0,0.144189,0.136327625,1.057665311781086,0
1.0,131072.0,1.0,8.0,1048576.0,1572864.0,0.6666666666666666,1.0,0.5,0.5,0.0,0.0,1.0,16.0,12.7,0.0,0.100781,0.130901625,0.7698987694003034,0
1.0,131072.0,1.0,8.0,1048576.0,1572864.0,0.6666666666666666,1.0,0.5,0.5,1.0,0.0,1.0,16.0,12.7,0.0,0.224805,0.1464046249999999,1.5355047697434423,1
1.0,131072.0,1.0,8.0,1048576.0,1572864.0,0.6666666666666666,1.0,0.25,0.25,0.0,0.0,1.0,16.0,12.7,0.0,0.166992,0.139178,1.1998448030579547,1
1.0,131072.0,1.0,8.0,1048576.0,1572864.0,0.6666666666666666,1.0,0.25,0.25,1.0,0.0,1.0,16.0,12.7,0.0,0.164014,0.13880575,1.181608110615014,1
1.0,131072.0,1.0,16.0,2097152.0,1572864.0,1.3333333333333333,1.0,1.0,1.0,0.0,0.0,1.0,16.0,12.7,0.0,0.091406,0.12972975,0.7045878065748219,0
1.0,131072.0,1.0,16.0,2097152.0,1572864.0,1.3333333333333333,1.0,1.0,1.0,1.0,0.0,1.0,16.0,12.7,0.0,0.125635,0.1340083749999999,0.9375160321136646,0
1.0,131072.0,1.0,16.0,2097152.0,1572864.0,1.3333333333333333,1.0,0.5,0.5,0.0,0.0,1.0,16.0,12.7,0.0,0.100635,0.130883375,0.7688906249552321,0
1.0,131072.0,1.0,16.0,2097152.0,1572864.0,1.3333333333333333,1.0,0.5,0.5,1.0,0.0,1.0,16.0,12.7,0.0,0.131592,0.1347529999999999,0.976542266220418,0
1.0,131072.0,1.0,16.0,2097152.0,1572864.0,1.3333333333333333,1.0,0.25,0.25,0.0,0.0,1.0,16.0,12.7,0.0,0.147021,0.136681625,1.0756456839022803,0
1.0,131072.0,1.0,16.0,2097152.0,1572864.0,1.3333333333333333,1.0,0.25,0.25,1.0,0.0,1.0,16.0,12.7,0.0,0.163574,0.13875075,1.1789053392504183,1
1.0,131072.0,1.0,32.0,4194304.0,1572864.0,2.6666666666666665,1.0,1.0,1.0,0.0,0.0,1.0,16.0,12.7,0.0,0.107031,0.131682875,0.8127936149632213,0
1.0,131072.0,1.0,32.0,4194304.0,1572864.0,2.6666666666666665,1.0,1.0,1.0,1.0,0.0,1.0,16.0,12.7,0.0,0.134814,0.13515575,0.997471435732479,0
1.0,131072.0,1.0,32.0,4194304.0,1572864.0,2.6666666666666665,1.0,0.5,0.5,0.0,0.0,1.0,16.0,12.7,0.0,0.1,0.130804,0.764502614598942,0
1.0,131072.0,1.0,32.0,4194304.0,1572864.0,2.6666666666666665,1.0,0.5,0.5,1.0,0.0,1.0,16.0,12.7,0.0,0.230566,0.14712475,1.5671462483368706,1
1.0,131072.0,1.0,32.0,4194304.0,1572864.0,2.6666666666666665,1.0,0.25,0.25,0.0,0.0,1.0,16.0,12.7,0.0,0.187402,0.14172925,1.322253522120522,1
1.0,131072.0,1.0,32.0,4194304.0,1572864.0,2.6666666666666665,1.0,0.25,0.25,1.0,0.0,1.0,16.0,12.7,0.0,0.253613,0.150005625,1.690689932460866,1
1.0,262144.0,1.0,1.0,262144.0,3145728.0,0.0833333333333333,1.0,1.0,1.0,0.0,0.0,1.0,16.0,12.7,0.0,0.186182,0.23988075,0.7761439798733328,0
1.0,262144.0,1.0,1.0,262144.0,3145728.0,0.0833333333333333,1.0,1.0,1.0,1.0,0.0,1.0,16.0,12.7,0.0,0.196191,0.241131875,0.8136253243168288,0
1.0,262144.0,1.0,1.0,262144.0,3145728.0,0.0833333333333333,1.0,0.5,0.5,0.0,0.0,1.0,16.0,12.7,0.0,0.226807,0.244958875,0.9258982757820065,0
1.0,262144.0,1.0,1.0,262144.0,3145728.0,0.0833333333333333,1.0,0.5,0.5,1.0,0.0,1.0,16.0,12.7,0.0,0.356396,0.2611575,1.3646784028794885,1
1.0,262144.0,1.0,1.0,262144.0,3145728.0,0.0833333333333333,1.0,0.25,0.25,0.0,0.0,1.0,16.0,12.7,0.0,0.329395,0.257782375,1.2778026426360607,1
1.0,262144.0,1.0,1.0,262144.0,3145728.0,0.0833333333333333,1.0,0.25,0.25,1.0,0.0,1.0,16.0,12.7,0.0,0.339795,0.259082375,1.3115326737297357,1
1.0,262144.0,1.0,2.0,524288.0,3145728.0,0.1666666666666666,1.0,1.0,1.0,0.0,0.0,1.0,16.0,12.7,0.0,0.196777,0.241205125,0.8158077072367348,0
1.0,262144.0,1.0,2.0,524288.0,3145728.0,0.1666666666666666,1.0,1.0,1.0,1.0,0.0,1.0,16.0,12.7,0.0,0.25542,0.2485355,1.0277002681709453,0
1.0,262144.0,1.0,2.0,524288.0,3145728.0,0.1666666666666666,1.0,0.5,0.5,0.0,0.0,1.0,16.0,12.7,0.0,0.217627,0.243811375,0.8926039648478254,0
1.0,262144.0,1.0,2.0,524288.0,3145728.0,0.1666666666666666,1.0,0.5,0.5,1.0,0.0,1.0,16.0,12.7,0.0,0.269775,0.250329875,1.0776780038738882,0
1.0,262144.0,1.0,2.0,524288.0,3145728.0,0.1666666666666666,1.0,0.25,0.25,0.0,0.0,1.0,16.0,12.7,0.0,0.30957,0.25530425,1.2125532575348823,1
1.0,262144.0,1.0,2.0,524288.0,3145728.0,0.1666666666666666,1.0,0.25,0.25,1.0,0.0,1.0,16.0,12.7,0.0,0.347998,0.26010775,1.337899389772123,1
1.0,262144.0,1.0,4.0,1048576.0,3145728.0,0.3333333333333333,1.0,1.0,1.0,0.0,0.0,1.0,16.0,12.7,0.0,0.202002,0.24185825,0.835208226306111,0
1.0,262144.0,1.0,4.0,1048576.0,3145728.0,0.3333333333333333,1.0,1.0,1.0,1.0,0.0,1.0,16.0,12.7,0.0,0.270166,0.25037875,1.0790292706549576,0
1.0,262144.0,1.0,4.0,1048576.0,3145728.0,0.3333333333333333,1.0,0.5,0.5,0.0,0.0,1.0,16.0,12.7,0.0,0.218994,0.2439822499999999,0.8975816888318721,0
1.0,262144.0,1.0,4.0,1048576.0,3145728.0,0.3333333333333333,1.0,0.5,0.5,1.0,0.0,1.0,16.0,12.7,0.0,0.276807,0.251208875,1.1018997636926642,1
1.0,262144.0,1.0,4.0,1048576.0,3145728.0,0.3333333333333333,1.0,0.25,0.25,0.0,0.0,1.0,16.0,12.7,0.0,0.401807,0.266833875,1.50583204624975,1
1.0,262144.0,1.0,4.0,1048576.0,3145728.0,0.3333333333333333,1.0,0.25,0.25,1.0,0.0,1.0,16.0,12.7,0.0,0.344189,0.259631625,1.3256821082562649,1
1.0,262144.0,1.0,8.0,2097152.0,3145728.0,0.6666666666666666,1.0,1.0,1.0,0.0,0.0,1.0,16.0,12.7,0.0,0.241406,0.24678375,0.9782086543380591,0
1.0,262144.0,1.0,8.0,2097152.0,3145728.0,0.6666666666666666,1.0,1.0,1.0,1.0,0.0,1.0,16.0,12.7,0.0,0.254834,0.24846225,1.025644740800665,0
1.0,262144.0,1.0,8.0,2097152.0,3145728.0,0.6666666666666666,1.0,0.5,0.5,0.0,0.0,1.0,16.0,12.7,0.0,0.217432,0.243787,0.8918933331145631,0
1.0,262144.0,1.0,8.0,2097152.0,3145728.0,0.6666666666666666,1.0,0.5,0.5,1.0,0.0,1.0,16.0,12.7,0.0,0.471973,0.275604625,1.7125002891370198,1
1.0,262144.0,1.0,8.0,2097152.0,3145728.0,0.6666666666666666,1.0,0.25,0.25,0.0,0.0,1.0,16.0,12.7,0.0,0.434961,0.270978125,1.6051517073564516,1
1.0,262144.0,1.0,8.0,2097152.0,3145728.0,0.6666666666666666,1.0,0.25,0.25,1.0,0.0,1.0,16.0,12.7,0.0,0.501025,0.279236125,1.7942699928241732,1
1.0,262144.0,1.0,16.0,4194304.0,3145728.0,1.3333333333333333,1.0,1.0,1.0,0.0,0.0,1.0,16.0,12.7,0.0,0.3896,0.265308,1.468481915358753,1
1.0,262144.0,1.0,16.0,4194304.0,3145728.0,1.3333333333333333,1.0,1.0,1.0,1.0,0.0,1.0,16.0,12.7,0.0,0.256787,0.248706375,1.0324906227273023,0
1.0,262144.0,1.0,16.0,4194304.0,3145728.0,1.3333333333333333,1.0,0.5,0.5,0.0,0.0,1.0,16.0,12.7,0.0,0.218408,0.243909,0.8954487124296356,0
1.0,262144.0,1.0,16.0,4194304.0,3145728.0,1.3333333333333333,1.0,0.5,0.5,1.0,0.0,1.0,16.0,12.7,0.0,0.268164,0.2501285,1.0721049380618362,0
1.0,262144.0,1.0,16.0,4194304.0,3145728.0,1.3333333333333333,1.0,0.25,0.25,0.0,0.0,1.0,16.0,12.7,0.0,0.32998,0.2578555,1.2797089842954676,1
1.0,262144.0,1.0,16.0,4194304.0,3145728.0,1.3333333333333333,1.0,0.25,0.25,1.0,0.0,1.0,16.0,12.7,0.0,0.358008,0.261359,1.3697940380855451,1
1.0,262144.0,1.0,32.0,8388608.0,3145728.0,2.6666666666666665,1.0,1.0,1.0,0.0,0.0,1.0,16.0,12.7,0.0,0.19043,0.24041175,0.7920993878211027,0
1.0,262144.0,1.0,32.0,8388608.0,3145728.0,2.6666666666666665,1.0,1.0,1.0,1.0,0.0,1.0,16.0,12.7,0.0,0.261572,0.2493045,1.049206893577934,0
1.0,262144.0,1.0,32.0,8388608.0,3145728.0,2.6666666666666665,1.0,0.5,0.5,0.0,0.0,1.0,16.0,12.7,0.0,0.227637,0.245062625,0.9288931757749678,0
1.0,262144.0,1.0,32.0,8388608.0,3145728.0,2.6666666666666665,1.0,0.5,0.5,1.0,0.0,1.0,16.0,12.7,0.0,0.342187,0.259381375,1.3192427559611788,1
1.0,262144.0,1.0,32.0,8388608.0,3145728.0,2.6666666666666665,1.0,0.25,0.25,0.0,0.0,1.0,16.0,12.7,0.0,0.3104,0.255408,1.2153104053122843,1
1.0,262144.0,1.0,32.0,8388608.0,3145728.0,2.6666666666666665,1.0,0.25,0.25,1.0,0.0,1.0,16.0,12.7,0.0,0.330811,0.257959375,1.2824151089682243,1
1.0,524288.0,1.0,1.0,524288.0,6291456.0,0.0833333333333333,1.0,1.0,1.0,0.0,0.0,1.0,16.0,12.7,0.0,0.421582,0.46591375,0.904849878330485,0
1.0,524288.0,1.0,1.0,524288.0,6291456.0,0.0833333333333333,1.0,1.0,1.0,1.0,0.0,1.0,16.0,12.7,0.0,0.40083,0.46331975,0.865126081933697,0
1.0,524288.0,1.0,1.0,524288.0,6291456.0,0.0833333333333333,1.0,0.5,0.5,0.0,0.0,1.0,16.0,12.7,0.0,0.640381,0.493263625,1.2982530386261504,1
1.0,524288.0,1.0,1.0,524288.0,6291456.0,0.0833333333333333,1.0,0.5,0.5,1.0,0.0,1.0,16.0,12.7,0.0,0.51377,0.47743725,1.0760995293098723,0
1.0,524288.0,1.0,1.0,524288.0,6291456.0,0.0833333333333333,1.0,0.25,0.25,0.0,0.0,1.0,16.0,12.7,0.0,0.763428,0.5086445,1.5009068219552162,1
1.0,524288.0,1.0,1.0,524288.0,6291456.0,0.0833333333333333,1.0,0.25,0.25,1.0,0.0,1.0,16.0,12.7,0.0,0.716406,0.50276675,1.424927165529542,1
1.0,524288.0,1.0,2.0,1048576.0,6291456.0,0.1666666666666666,1.0,1.0,1.0,0.0,0.0,1.0,16.0,12.7,0.0,0.434961,0.467586125,0.9302264903604656,0
1.0,524288.0,1.0,2.0,1048576.0,6291456.0,0.1666666666666666,1.0,1.0,1.0,1.0,0.0,1.0,16.0,12.7,0.0,0.547412,0.4816425,1.1365525259917886,1
1.0,524288.0,1.0,2.0,1048576.0,6291456.0,0.1666666666666666,1.0,0.5,0.5,0.0,0.0,1.0,16.0,12.7,0.0,0.444189,0.468739625,0.9476241740817196,0
1.0,524288.0,1.0,2.0,1048576.0,6291456.0,0.1666666666666666,1.0,0.5,0.5,1.0,0.0,1.0,16.0,12.7,0.0,0.557178,0.48286325,1.153904340411079,1
1.0,524288.0,1.0,2.0,1048576.0,6291456.0,0.1666666666666666,1.0,0.25,0.25,0.0,0.0,1.0,16.0,12.7,0.0,0.829395,0.516890375,1.6045858853533497,1
1.0,524288.0,1.0,2.0,1048576.0,6291456.0,0.1666666666666666,1.0,0.25,0.25,1.0,0.0,1.0,16.0,12.7,0.0,1.06001,0.54571725,1.9424161504881876,1
1.0,524288.0,1.0,4.0,2097152.0,6291456.0,0.3333333333333333,1.0,1.0,1.0,0.0,0.0,1.0,16.0,12.7,0.0,0.924219,0.528743375,1.7479538159697985,1
1.0,524288.0,1.0,4.0,2097152.0,6291456.0,0.3333333333333333,1.0,1.0,1.0,1.0,0.0,1.0,16.0,12.7,0.0,0.526367,0.479011875,1.0988600230422263,0
1.0,524288.0,1.0,4.0,2097152.0,6291456.0,0.3333333333333333,1.0,0.5,0.5,0.0,0.0,1.0,16.0,12.7,0.0,0.450781,0.469563625,0.9599998296290516,0
1.0,524288.0,1.0,4.0,2097152.0,6291456.0,0.3333333333333333,1.0,0.5,0.5,1.0,0.0,1.0,16.0,12.7,0.0,0.557422,0.48289375,1.1543367459197804,1
1.0,524288.0,1.0,4.0,2097152.0,6291456.0,0.3333333333333333,1.0,0.25,0.25,0.0,0.0,1.0,16.0,12.7,0.0,0.717432,0.502895,1.4266039630539178,1
1.0,524288.0,1.0,4.0,2097152.0,6291456.0,0.3333333333333333,1.0,0.25,0.25,1.0,0.0,1.0,16.0,12.7,0.0,0.751807,0.507191875,1.4822930670961558,1
1.0,524288.0,1.0,8.0,4194304.0,6291456.0,0.6666666666666666,1.0,1.0,1.0,0.0,0.0,1.0,16.0,12.7,0.0,0.391797,0.462190625,0.8476956883320599,0
1.0,524288.0,1.0,8.0,4194304.0,6291456.0,0.6666666666666666,1.0,1.0,1.0,1.0,0.0,1.0,16.0,12.7,0.0,0.516406,0.47776675,1.0808747155384923,0
1.0,524288.0,1.0,8.0,4194304.0,6291456.0,0.6666666666666666,1.0,0.5,0.5,0.0,0.0,1.0,16.0,12.7,0.0,0.471191,0.472114875,0.998043113977292,0
1.0,524288.0,1.0,8.0,4194304.0,6291456.0,0.6666666666666666,1.0,0.5,0.5,1.0,0.0,1.0,16.0,12.7,0.0,0.579199,0.485615875,1.1927101847730988,1
1.0,524288.0,1.0,8.0,4194304.0,6291456.0,0.6666666666666666,1.0,0.25,0.25,0.0,0.0,1.0,16.0,12.7,0.0,0.727246,0.50412175,1.4425999274976726,1
1.0,524288.0,1.0,8.0,4194304.0,6291456.0,0.6666666666666666,1.0,0.25,0.25,1.0,0.0,1.0,16.0,12.7,0.0,0.760791,0.508314875,1.4966923798954337,1
1.0,524288.0,1.0,16.0,8388608.0,6291456.0,1.3333333333333333,1.0,1.0,1.0,0.0,0.0,1.0,16.0,12.7,0.0,0.529443,0.479396375,1.1043950843391337,1
1.0,524288.0,1.0,16.0,8388608.0,6291456.0,1.3333333333333333,1.0,1.0,1.0,1.0,0.0,1.0,16.0,12.7,0.0,0.5146,0.477541,1.0776038078405832,0
1.0,524288.0,1.0,16.0,8388608.0,6291456.0,1.3333333333333333,1.0,0.5,0.5,0.0,0.0,1.0,16.0,12.7,0.0,0.461182,0.47086375,0.9794383194713968,0
1.0,524288.0,1.0,16.0,8388608.0,6291456.0,1.3333333333333333,1.0,0.5,0.5,1.0,0.0,1.0,16.0,12.7,0.0,0.557617,0.482918125,1.154682276628155,1
1.0,524288.0,1.0,16.0,8388608.0,6291456.0,1.3333333333333333,1.0,0.25,0.25,0.0,0.0,1.0,16.0,12.7,0.0,0.652197,0.494740625,1.3182604521308514,1
1.0,524288.0,1.0,16.0,8388608.0,6291456.0,1.3333333333333333,1.0,0.25,0.25,1.0,0.0,1.0,16.0,12.7,0.0,0.781982,0.51096375,1.530406021953612,1
1.0,524288.0,1.0,32.0,16777216.0,6291456.0,2.6666666666666665,1.0,1.0,1.0,0.0,0.0,1.0,16.0,12.7,0.0,0.454395,0.470015375,0.9667662467424604,0
1.0,524288.0,1.0,32.0,16777216.0,6291456.0,2.6666666666666665,1.0,1.0,1.0,1.0,0.0,1.0,16.0,12.7,0.0,0.540039,0.480720875,1.1233941109796823,1
1.0,524288.0,1.0,32.0,16777216.0,6291456.0,2.6666666666666665,1.0,0.5,0.5,0.0,0.0,1.0,16.0,12.7,0.0,0.454004,0.4699665,0.9660348131196586,0
1.0,524288.0,1.0,32.0,16777216.0,6291456.0,2.6666666666666665,1.0,0.5,0.5,1.0,0.0,1.0,16.0,12.7,0.0,0.556592,0.48279,1.1528656351622857,1
1.0,524288.0,1.0,32.0,16777216.0,6291456.0,2.6666666666666665,1.0,0.25,0.25,0.0,0.0,1.0,16.0,12.7,0.0,0.947412,0.5316425,1.7820471463436425,1
1.0,524288.0,1.0,32.0,16777216.0,6291456.0,2.6666666666666665,1.0,0.25,0.25,1.0,0.0,1.0,16.0,12.7,0.0,1.125439,0.553895875,2.03186023004775,1
1.0,1048576.0,1.0,1.0,1048576.0,12582912.0,0.0833333333333333,1.0,1.0,1.0,0.0,0.0,1.0,16.0,12.7,0.0,1.774805,1.028282625,1.7259894865966443,1
1.0,1048576.0,1.0,1.0,1048576.0,12582912.0,0.0833333333333333,1.0,1.0,1.0,1.0,0.0,1.0,16.0,12.7,0.0,1.247803,0.962407375,1.2965434725601517,1
1.0,1048576.0,1.0,1.0,1048576.0,12582912.0,0.0833333333333333,1.0,0.5,0.5,0.0,0.0,1.0,16.0,12.7,0.0,1.103223,0.944334875,1.1682540052330483,1
1.0,1048576.0,1.0,1.0,1048576.0,12582912.0,0.0833333333333333,1.0,0.5,0.5,1.0,0.0,1.0,16.0,12.7,0.0,1.042188,0.9367055,1.1126100999727235,1
1.0,1048576.0,1.0,1.0,1048576.0,12582912.0,0.0833333333333333,1.0,0.25,0.25,0.0,0.0,1.0,16.0,12.7,0.0,1.736768,1.023528,1.696844639325939,1
1.0,1048576.0,1.0,1.0,1048576.0,12582912.0,0.0833333333333333,1.0,0.25,0.25,1.0,0.0,1.0,16.0,12.7,0.0,1.819971,1.033928375,1.7602486245722773,1
1.0,1048576.0,1.0,2.0,2097152.0,12582912.0,0.1666666666666666,1.0,1.0,1.0,0.0,0.0,1.0,16.0,12.7,0.0,0.785791,0.904655875,0.8686076349197422,0
1.0,1048576.0,1.0,2.0,2097152.0,12582912.0,0.1666666666666666,1.0,1.0,1.0,1.0,0.0,1.0,16.0,12.7,0.0,5.352979,1.4755543750000002,3.62777481514363,1
1.0,1048576.0,1.0,2.0,2097152.0,12582912.0,0.1666666666666666,1.0,0.5,0.5,0.0,0.0,1.0,16.0,12.7,0.0,1.028418,0.93498425,1.0999308277118036,0
1.0,1048576.0,1.0,2.0,2097152.0,12582912.0,0.1666666666666666,1.0,0.5,0.5,1.0,0.0,1.0,16.0,12.7,0.0,1.11499,0.94580575,1.1788784324899697,1
1.0,1048576.0,1.0,2.0,2097152.0,12582912.0,0.1666666666666666,1.0,0.25,0.25,0.0,0.0,1.0,16.0,12.7,0.0,1.577588,1.0036305,1.571881284994826,1
1.0,1048576.0,1.0,2.0,2097152.0,12582912.0,0.1666666666666666,1.0,0.25,0.25,1.0,0.0,1.0,16.0,12.7,0.0,1.759814,1.02640875,1.7145352667735927,1
1.0,1048576.0,1.0,4.0,4194304.0,12582912.0,0.3333333333333333,1.0,1.0,1.0,0.0,0.0,1.0,16.0,12.7,0.0,0.854199,0.913206875,0.9353838909721304,0
1.0,1048576.0,1.0,4.0,4194304.0,12582912.0,0.3333333333333333,1.0,1.0,1.0,1.0,0.0,1.0,16.0,12.7,0.0,1.084229,0.941960625,1.1510343120764734,1
1.0,1048576.0,1.0,4.0,4194304.0,12582912.0,0.3333333333333333,1.0,0.5,0.5,0.0,0.0,1.0,16.0,12.7,0.0,1.005176,0.932079,1.0784236100158893,0
1.0,1048576.0,1.0,4.0,4194304.0,12582912.0,0.3333333333333333,1.0,0.5,0.5,1.0,0.0,1.0,16.0,12.7,0.0,1.318994,0.97130625,1.3579589341672618,1
1.0,1048576.0,1.0,4.0,4194304.0,12582912.0,0.3333333333333333,1.0,0.25,0.25,0.0,0.0,1.0,16.0,12.7,0.0,1.473584,0.99063,1.487522081907473,1
1.0,1048576.0,1.0,4.0,4194304.0,12582912.0,0.3333333333333333,1.0,0.25,0.25,1.0,0.0,1.0,16.0,12.7,0.0,1.597217,1.006084125,1.5875580980864796,1
1.0,1048576.0,1.0,8.0,8388608.0,12582912.0,0.6666666666666666,1.0,1.0,1.0,0.0,0.0,1.0,16.0,12.7,0.0,0.836768,0.911028,0.9184876864377384,0
1.0,1048576.0,1.0,8.0,8388608.0,12582912.0,0.6666666666666666,1.0,1.0,1.0,1.0,0.0,1.0,16.0,12.7,0.0,2.242627,1.086760375,2.063589224993596,1
1.0,1048576.0,1.0,8.0,8388608.0,12582912.0,0.6666666666666666,1.0,0.5,0.5,0.0,0.0,1.0,16.0,12.7,0.0,1.45542,0.9883595,1.4725613503993231,1
1.0,1048576.0,1.0,8.0,8388608.0,12582912.0,0.6666666666666666,1.0,0.5,0.5,1.0,0.0,1.0,16.0,12.7,0.0,2.066016,1.064684,1.940496898610292,1
1.0,1048576.0,1.0,8.0,8388608.0,12582912.0,0.6666666666666666,1.0,0.25,0.25,0.0,0.0,1.0,16.0,12.7,0.0,1.752832,1.025536,1.7091862206689965,1
1.0,1048576.0,1.0,8.0,8388608.0,12582912.0,0.6666666666666666,1.0,0.25,0.25,1.0,0.0,1.0,16.0,12.7,0.0,1.786377,1.029729125,1.7348028298218718,1
1.0,1048576.0,1.0,16.0,16777216.0,12582912.0,1.3333333333333333,1.0,1.0,1.0,0.0,0.0,1.0,16.0,12.7,0.0,0.807813,0.907408625,0.8902417034001632,0
1.0,1048576.0,1.0,16.0,16777216.0,12582912.0,1.3333333333333333,1.0,1.0,1.0,1.0,0.0,1.0,16.0,12.7,0.0,1.099414,0.94385875,1.1648077638735668,1
1.0,1048576.0,1.0,16.0,16777216.0,12582912.0,1.3333333333333333,1.0,0.5,0.5,0.0,0.0,1.0,16.0,12.7,0.0,0.964014,0.92693375,1.0400031285946811,0
1.0,1048576.0,1.0,16.0,16777216.0,12582912.0,1.3333333333333333,1.0,0.5,0.5,1.0,0.0,1.0,16.0,12.7,0.0,1.377588,0.9786305,1.407669186684862,1
1.0,1048576.0,1.0,16.0,16777216.0,12582912.0,1.3333333333333333,1.0,0.25,0.25,0.0,0.0,1.0,16.0,12.7,0.0,1.731396,1.0228565,1.6927066504441235,1
1.0,1048576.0,1.0,16.0,16777216.0,12582912.0,1.3333333333333333,1.0,0.25,0.25,1.0,0.0,1.0,16.0,12.7,0.0,1.75083,1.02528575,1.707650769553756,1
1.0,1048576.0,1.0,32.0,33554432.0,12582912.0,2.6666666666666665,1.0,1.0,1.0,0.0,0.0,1.0,16.0,12.7,0.0,0.843604,0.9118825,0.9251235767766132,0
1.0,1048576.0,1.0,32.0,33554432.0,12582912.0,2.6666666666666665,1.0,1.0,1.0,1.0,0.0,1.0,16.0,12.7,0.0,1.040967,0.936552875,1.111487698972682,1
1.0,1048576.0,1.0,32.0,33554432.0,12582912.0,2.6666666666666665,1.0,0.5,0.5,0.0,0.0,1.0,16.0,12.7,0.0,1.497998,0.99368175,1.5075229066046547,1
1.0,1048576.0,1.0,32.0,33554432.0,12582912.0,2.6666666666666665,1.0,0.5,0.5,1.0,0.0,1.0,16.0,12.7,0.0,1.21123,0.95783575,1.2645487496159962,1
1.0,1048576.0,1.0,32.0,33554432.0,12582912.0,2.6666666666666665,1.0,0.25,0.25,0.0,0.0,1.0,16.0,12.7,0.0,1.643994,1.01193125,1.6246103675521435,1
1.0,1048576.0,1.0,32.0,33554432.0,12582912.0,2.6666666666666665,1.0,0.25,0.25,1.0,0.0,1.0,16.0,12.7,0.0,2.331201,1.097832125,2.123458538799819,1
1.0,2097152.0,1.0,1.0,2097152.0,25165824.0,0.0833333333333333,1.0,1.0,1.0,0.0,0.0,1.0,16.0,12.7,0.0,1.9146,1.832189,1.0449795299502398,0
1.0,2097152.0,1.0,1.0,2097152.0,25165824.0,0.0833333333333333,1.0,1.0,1.0,1.0,0.0,1.0,16.0,12.7,0.0,1.807813,1.818840625,0.9939370031390188,0
1.0,2097152.0,1.0,1.0,2097152.0,25165824.0,0.0833333333333333,1.0,0.5,0.5,0.0,0.0,1.0,16.0,12.7,0.0,2.397607,1.892564875,1.2668559116104274,1
1.0,2097152.0,1.0,1.0,2097152.0,25165824.0,0.0833333333333333,1.0,0.5,0.5,1.0,0.0,1.0,16.0,12.7,0.0,2.538623,1.910191875,1.3289884818508089,1
1.0,2097152.0,1.0,1.0,2097152.0,25165824.0,0.0833333333333333,1.0,0.25,0.25,0.0,0.0,1.0,16.0,12.7,0.0,3.859814,2.07534075,1.8598459072323423,1
1.0,2097152.0,1.0,1.0,2097152.0,25165824.0,0.0833333333333333,1.0,0.25,0.25,1.0,0.0,1.0,16.0,12.7,0.0,4.198242,2.11764425,1.9825057962403267,1
1.0,2097152.0,1.0,2.0,4194304.0,25165824.0,0.1666666666666666,1.0,1.0,1.0,0.0,0.0,1.0,16.0,12.7,0.0,3.337402,2.01003925,1.6603665823938512,1
1.0,2097152.0,1.0,2.0,4194304.0,25165824.0,0.1666666666666666,1.0,1.0,1.0,1.0,0.0,1.0,16.0,12.7,0.0,4.024414,2.09591575,1.9201220278057456,1
1.0,2097152.0,1.0,2.0,4194304.0,25165824.0,0.1666666666666666,1.0,0.5,0.5,0.0,0.0,1.0,16.0,12.7,0.0,4.255615,2.124815875,2.0028158910475007,1
1.0,2097152.0,1.0,2.0,4194304.0,25165824.0,0.1666666666666666,1.0,0.5,0.5,1.0,0.0,1.0,16.0,12.7,0.0,4.288818,2.12896625,2.0145072755380693,1
1.0,2097152.0,1.0,2.0,4194304.0,25165824.0,0.1666666666666666,1.0,0.25,0.25,0.0,0.0,1.0,16.0,12.7,0.0,4.100391,2.1054128750000003,1.947547223961951,1
1.0,2097152.0,1.0,2.0,4194304.0,25165824.0,0.1666666666666666,1.0,0.25,0.25,1.0,0.0,1.0,16.0,12.7,0.0,4.100781,2.105461625,1.9476873628603888,1
1.0,2097152.0,1.0,4.0,8388608.0,25165824.0,0.3333333333333333,1.0,1.0,1.0,0.0,0.0,1.0,16.0,12.7,0.0,1.781787,1.815587375,0.9813832286644976,0
1.0,2097152.0,1.0,4.0,8388608.0,25165824.0,0.3333333333333333,1.0,1.0,1.0,1.0,0.0,1.0,16.0,12.7,0.0,2.208398,1.86891375,1.1816478957362264,1
1.0,2097152.0,1.0,4.0,8388608.0,25165824.0,0.3333333333333333,1.0,0.5,0.5,0.0,0.0,1.0,16.0,12.7,0.0,2.423389,1.895787625,1.2783019405984355,1
1.0,2097152.0,1.0,4.0,8388608.0,25165824.0,0.3333333333333333,1.0,0.5,0.5,1.0,0.0,1.0,16.0,12.7,0.0,2.627002,1.92123925,1.3673476637540063,1
1.0,2097152.0,1.0,4.0,8388608.0,25165824.0,0.3333333333333333,1.0,0.25,0.25,0.0,0.0,1.0,16.0,12.7,0.0,4.099414,2.10529075,1.9471961295607272,1
1.0,2097152.0,1.0,4.0,8388608.0,25165824.0,0.3333333333333333,1.0,0.25,0.25,1.0,0.0,1.0,16.0,12.7,0.0,4.2396,2.122814,1.9971603729766243,1
1.0,2097152.0,1.0,8.0,16777216.0,25165824.0,0.6666666666666666,1.0,1.0,1.0,0.0,0.0,1.0,16.0,12.7,0.0,1.762793,1.813213125,0.9721929406395622,0
1.0,2097152.0,1.0,8.0,16777216.0,25165824.0,0.6666666666666666,1.0,1.0,1.0,1.0,0.0,1.0,16.0,12.7,0.0,2.25,1.874114,1.2005673080719743,1
1.0,2097152.0,1.0,8.0,16777216.0,25165824.0,0.6666666666666666,1.0,0.5,0.5,0.0,0.0,1.0,16.0,12.7,0.0,2.375,1.889739,1.2567873129569744,1
1.0,2097152.0,1.0,8.0,16777216.0,25165824.0,0.6666666666666666,1.0,0.5,0.5,1.0,0.0,1.0,16.0,12.7,0.0,2.669385,1.926537125,1.3855871061918934,1
1.0,2097152.0,1.0,8.0,16777216.0,25165824.0,0.6666666666666666,1.0,0.25,0.25,0.0,0.0,1.0,16.0,12.7,0.0,4.114209,2.107140125,1.952508497744069,1
1.0,2097152.0,1.0,8.0,16777216.0,25165824.0,0.6666666666666666,1.0,0.25,0.25,1.0,0.0,1.0,16.0,12.7,0.0,4.18042,2.1154165,1.9761687592017927,1
1.0,2097152.0,1.0,16.0,33554432.0,25165824.0,1.3333333333333333,1.0,1.0,1.0,0.0,0.0,1.0,16.0,12.7,0.0,2.469189,1.901512625,1.298539366784378,1
1.0,2097152.0,1.0,16.0,33554432.0,25165824.0,1.3333333333333333,1.0,1.0,1.0,1.0,0.0,1.0,16.0,12.7,0.0,2.208203,1.868889375,1.1815589673412317,1
1.0,2097152.0,1.0,16.0,33554432.0,25165824.0,1.3333333333333333,1.0,0.5,0.5,0.0,0.0,1.0,16.0,12.7,0.0,2.385986,1.89111225,1.26168396402699,1
1.0,2097152.0,1.0,16.0,33554432.0,25165824.0,1.3333333333333333,1.0,0.5,0.5,1.0,0.0,1.0,16.0,12.7,0.0,2.793799,1.942088875,1.4385536295294414,1
1.0,2097152.0,1.0,16.0,33554432.0,25165824.0,1.3333333333333333,1.0,0.25,0.25,0.0,0.0,1.0,16.0,12.7,0.0,4.040576,2.097936,1.925976769548737,1
1.0,2097152.0,1.0,16.0,33554432.0,25165824.0,1.3333333333333333,1.0,0.25,0.25,1.0,0.0,1.0,16.0,12.7,0.0,5.628613,2.296440625,2.451016124137761,1
1.0,2097152.0,1.0,32.0,67108864.0,25165824.0,2.6666666666666665,1.0,1.0,1.0,0.0,0.0,1.0,16.0,12.7,0.0,3.204199,1.993388875,1.6074129038168732,1
1.0,2097152.0,1.0,32.0,67108864.0,25165824.0,2.6666666666666665,1.0,1.0,1.0,1.0,0.0,1.0,16.0,12.7,0.0,4.132422,2.10941675,1.9590353589445997,1
1.0,2097152.0,1.0,32.0,67108864.0,25165824.0,2.6666666666666665,1.0,0.5,0.5,0.0,0.0,1.0,16.0,12.7,0.0,3.376025,2.014867125,1.6755571412680623,1
1.0,2097152.0,1.0,32.0,67108864.0,25165824.0,2.6666666666666665,1.0,0.5,0.5,1.0,0.0,1.0,16.0,12.7,0.0,2.555615,1.912315875,1.3363979421025305,1
1.0,2097152.0,1.0,32.0,67108864.0,25165824.0,2.6666666666666665,1.0,0.25,0.25,0.0,0.0,1.0,16.0,12.7,0.0,3.984814,2.09096575,1.90572896758352,1
1.0,2097152.0,1.0,32.0,67108864.0,25165824.0,2.6666666666666665,1.0,0.25,0.25,1.0,0.0,1.0,16.0,12.7,0.0,4.105371,2.106035375,1.949336202389288,1
