is_parallel_safe,trip_count,nesting_depth,flops_per_iter,total_flops,memory_footprint_bytes,arithmetic_intensity,data_reuse_ratio,coalescing_efficiency,stride_regularity,branch_divergence_count,has_reduction,hw_type_code,bus_bandwidth_gbps,peak_tflops,unified_memory,t_cpu_ms,t_gpu_ms,speedup,is_profitable
1.0,32768.0,3.0,11.0,65536.0,12288.0,5.333333333333333,1.0,1.0,0.5,0.0,1.0,0.0,51.2,3.8,1.0,0.01818,0.13316,0.1365274857314509,0
1.0,262144.0,3.0,11.0,524288.0,49152.0,10.666666666666666,1.0,1.0,0.5,0.0,1.0,0.0,51.2,3.8,1.0,0.05978,0.19612,0.3048133795635325,0
1.0,2097152.0,3.0,11.0,4194304.0,196608.0,21.33333333333333,1.0,1.0,0.5,0.0,1.0,0.0,51.2,3.8,1.0,1.01366,1.18978,0.851972633596127,0
1.0,16777216.0,3.0,11.0,33554432.0,786432.0,42.66666666666666,1.0,1.0,0.5,0.0,1.0,0.0,51.2,3.8,1.0,7.92106,7.0564,1.1225355705458877,1
1.0,134217728.0,3.0,11.0,268435456.0,3145728.0,85.33333333333333,1.0,1.0,0.5,0.0,1.0,0.0,51.2,3.8,1.0,102.64074,77.1424,1.3305359957688638,1
1.0,1073741824.0,3.0,11.0,2147483648.0,12582912.0,170.66666666666666,1.0,1.0,0.5,0.0,1.0,0.0,51.2,3.8,1.0,2266.98768,835.8838,2.712084717995492,1
1.0,3623878656.0,3.0,11.0,7247757312.0,28311552.0,256.0,1.0,1.0,0.5,0.0,1.0,0.0,51.2,3.8,1.0,3243.7238,1845.67158,1.7574761594367727,1
1.0,32768.0,3.0,8.0,65536.0,12288.0,5.333333333333333,1.0,1.0,0.5,0.0,1.0,0.0,51.2,3.8,1.0,0.0648,0.28286,0.2290885950646963,0
1.0,262144.0,3.0,8.0,524288.0,49152.0,10.666666666666666,1.0,1.0,0.5,0.0,1.0,0.0,51.2,3.8,1.0,0.54766,0.32102,1.7059996261915145,1
1.0,2097152.0,3.0,8.0,4194304.0,196608.0,21.33333333333333,1.0,1.0,0.5,0.0,1.0,0.0,51.2,3.8,1.0,7.53418,1.74216,4.324620011939202,1
1.0,16777216.0,3.0,8.0,33554432.0,786432.0,42.66666666666666,1.0,1.0,0.5,0.0,1.0,0.0,51.2,3.8,1.0,62.74288,10.30002,6.09152991935938,1
1.0,134217728.0,3.0,8.0,268435456.0,3145728.0,85.33333333333333,1.0,1.0,0.5,0.0,1.0,0.0,51.2,3.8,1.0,1119.77572,138.5389,8.082753075129078,1
1.0,1073741824.0,3.0,8.0,2147483648.0,12582912.0,170.66666666666666,1.0,1.0,0.5,0.0,1.0,0.0,51.2,3.8,1.0,22756.24644,1144.06066,19.89076911358878,1
1.0,4096.0,2.0,12.0,49152.0,49152.0,1.0,1.0,1.0,0.5,0.0,1.0,0.0,51.2,3.8,1.0,0.0548,0.16482,0.3324839218541439,0
1.0,16384.0,2.0,12.0,196608.0,196608.0,1.0,1.0,1.0,0.5,0.0,1.0,0.0,51.2,3.8,1.0,0.28538,0.46426,0.6146986602334898,0
1.0,65536.0,2.0,12.0,786432.0,786432.0,1.0,1.0,1.0,0.5,0.0,1.0,0.0,51.2,3.8,1.0,1.02952,0.51832,1.986263312239543,1
1.0,262144.0,2.0,12.0,3145728.0,3145728.0,1.0,1.0,1.0,0.5,0.0,1.0,0.0,51.2,3.8,1.0,4.31234,2.1894,1.9696446515026944,1
1.0,1048576.0,2.0,12.0,12582912.0,12582912.0,1.0,1.0,1.0,0.5,0.0,1.0,0.0,51.2,3.8,1.0,17.7402,7.7749,2.28172709616844,1
1.0,4194304.0,2.0,12.0,50331648.0,50331648.0,1.0,1.0,1.0,0.5,0.0,1.0,0.0,51.2,3.8,1.0,67.1461,27.91024,2.4057872666089577,1
1.0,16777216.0,2.0,12.0,201326592.0,201326592.0,1.0,1.0,1.0,0.5,0.0,1.0,0.0,51.2,3.8,1.0,275.54156,61.77002,4.4607652709194525,1
1.0,4096.0,2.0,21.0,86016.0,49152.0,1.75,1.0,1.0,0.5,0.0,0.0,0.0,51.2,3.8,1.0,0.004,0.13788,0.0290107339715694,0
1.0,16384.0,2.0,21.0,344064.0,196608.0,1.75,1.0,1.0,0.5,0.0,0.0,0.0,51.2,3.8,1.0,0.02472,0.13606,0.1816845509334117,0
1.0,65536.0,2.0,21.0,1376256.0,786432.0,1.75,1.0,1.0,0.5,0.0,0.0,0.0,51.2,3.8,1.0,0.08832,0.15964,0.553244800801804,0
1.0,262144.0,2.0,21.0,5505024.0,3145728.0,1.75,1.0,1.0,0.5,0.0,0.0,0.0,51.2,3.8,1.0,0.41362,0.20412,2.0263570448755632,1
1.0,1048576.0,2.0,21.0,22020096.0,12582912.0,1.75,1.0,1.0,0.5,0.0,0.0,0.0,51.2,3.8,1.0,1.12962,0.53926,2.094759485220488,1
1.0,4194304.0,2.0,21.0,88080384.0,50331648.0,1.75,1.0,1.0,0.5,0.0,0.0,0.0,51.2,3.8,1.0,6.38014,2.82918,2.2551198580507426,1
1.0,16777216.0,2.0,21.0,352321536.0,201326592.0,1.75,1.0,1.0,0.5,0.0,0.0,0.0,51.2,3.8,1.0,22.07378,7.67202,2.877179673671341,1
1.0,1024.0,1.0,1.0,1024.0,12288.0,0.0833333333333333,1.0,1.0,1.0,0.0,0.0,0.0,51.2,3.8,1.0,0.00016,0.15402,0.001038826126477,0
1.0,8192.0,1.0,1.0,8192.0,98304.0,0.0833333333333333,1.0,1.0,1.0,0.0,0.0,0.0,51.2,3.8,1.0,0.0013,0.14156,0.0091833851370443,0
1.0,65536.0,1.0,1.0,65536.0,786432.0,0.0833333333333333,1.0,1.0,1.0,0.0,0.0,0.0,51.2,3.8,1.0,0.0123,0.1394,0.088235294117647,0
1.0,524288.0,1.0,1.0,524288.0,6291456.0,0.0833333333333333,1.0,1.0,1.0,0.0,0.0,0.0,51.2,3.8,1.0,0.12392,0.24184,0.5124048957988753,0
1.0,2097152.0,1.0,1.0,2097152.0,25165824.0,0.0833333333333333,1.0,1.0,1.0,0.0,0.0,0.0,51.2,3.8,1.0,1.18846,0.9612,1.2364336246358718,1
1.0,8388608.0,1.0,1.0,8388608.0,100663296.0,0.0833333333333333,1.0,1.0,1.0,0.0,0.0,0.0,51.2,3.8,1.0,5.63022,4.07036,1.383224088287031,1
1.0,1024.0,1.0,4.0,4096.0,12288.0,0.3333333333333333,1.0,1.0,1.0,1.0,0.0,0.0,51.2,3.8,1.0,0.00092,0.15086,0.0060983693490653,0
1.0,8192.0,1.0,4.0,32768.0,98304.0,0.3333333333333333,1.0,1.0,1.0,1.0,0.0,0.0,51.2,3.8,1.0,0.00672,0.11562,0.0581214322781525,0
1.0,65536.0,1.0,4.0,262144.0,786432.0,0.3333333333333333,1.0,1.0,1.0,1.0,0.0,0.0,51.2,3.8,1.0,0.05444,0.1616,0.3368811881188119,0
1.0,524288.0,1.0,4.0,2097152.0,6291456.0,0.3333333333333333,1.0,1.0,1.0,1.0,0.0,0.0,51.2,3.8,1.0,0.43928,0.3526,1.2458309699376062,1
1.0,2097152.0,1.0,4.0,8388608.0,25165824.0,0.3333333333333333,1.0,1.0,1.0,1.0,0.0,0.0,51.2,3.8,1.0,2.03462,1.39066,1.463060704988998,1
1.0,1024.0,1.0,6.0,6144.0,12288.0,0.5,1.0,1.0,0.5,0.0,0.0,0.0,51.2,3.8,1.0,0.00088,0.18322,0.0048029691081759,0
1.0,8192.0,1.0,6.0,49152.0,98304.0,0.5,1.0,1.0,0.5,0.0,0.0,0.0,51.2,3.8,1.0,0.0089,0.1327,0.06706857573474,0
1.0,65536.0,1.0,6.0,393216.0,786432.0,0.5,1.0,1.0,0.5,0.0,0.0,0.0,51.2,3.8,1.0,0.05478,0.14506,0.3776368399283055,0
1.0,262144.0,1.0,6.0,1572864.0,3145728.0,0.5,1.0,1.0,0.5,0.0,0.0,0.0,51.2,3.8,1.0,0.27848,0.24114,1.1548478062536287,1
1.0,1048576.0,1.0,6.0,6291456.0,12582912.0,0.5,1.0,1.0,0.5,0.0,0.0,0.0,51.2,3.8,1.0,1.36526,0.8655,1.5774234546504908,1
1.0,1024.0,2.0,5.0,5120.0,12288.0,0.4166666666666667,1.0,1.0,0.5,1.0,0.0,0.0,51.2,3.8,1.0,0.00026,4.38132,5.93428464481024e-05,0
1.0,4096.0,2.0,5.0,20480.0,49152.0,0.4166666666666667,1.0,1.0,0.5,1.0,0.0,0.0,51.2,3.8,1.0,0.0009,9.60122,9.37380874513864e-05,0
1.0,16384.0,2.0,5.0,81920.0,196608.0,0.4166666666666667,1.0,1.0,0.5,1.0,0.0,0.0,51.2,3.8,1.0,0.00708,18.11738,0.0003907849810513,0
1.0,65536.0,2.0,5.0,327680.0,786432.0,0.4166666666666667,1.0,1.0,0.5,1.0,0.0,0.0,51.2,3.8,1.0,0.03112,36.46546,0.0008534103230838,0
1.0,262144.0,2.0,5.0,1310720.0,3145728.0,0.4166666666666667,1.0,1.0,0.5,1.0,0.0,0.0,51.2,3.8,1.0,0.21006,74.80848,0.0028079704332984,0
1.0,1048576.0,2.0,5.0,5242880.0,12582912.0,0.4166666666666667,1.0,1.0,0.5,1.0,0.0,0.0,51.2,3.8,1.0,2.11484,149.00122,0.0141934408322294,0
1.0,4194304.0,2.0,5.0,20971520.0,50331648.0,0.4166666666666667,1.0,1.0,0.5,1.0,0.0,0.0,51.2,3.8,1.0,10.05564,300.22552,0.0334936217280929,0
1.0,256.0,2.0,5.0,1280.0,3072.0,0.4166666666666667,1.0,1.0,0.5,0.0,1.0,0.0,51.2,3.8,1.0,0.00018,2.2779,7.902015013828528e-05,0
1.0,1024.0,2.0,5.0,5120.0,12288.0,0.4166666666666667,1.0,1.0,0.5,0.0,1.0,0.0,51.2,3.8,1.0,0.00028,4.27436,6.550688290176775e-05,0
1.0,4096.0,2.0,5.0,20480.0,49152.0,0.4166666666666667,1.0,1.0,0.5,0.0,1.0,0.0,51.2,3.8,1.0,0.001,8.79878,0.0001136521199529,0
1.0,16384.0,2.0,5.0,81920.0,196608.0,0.4166666666666667,1.0,1.0,0.5,0.0,1.0,0.0,51.2,3.8,1.0,0.00732,17.76052,0.0004121500947044,0
1.0,65536.0,2.0,5.0,327680.0,786432.0,0.4166666666666667,1.0,1.0,0.5,0.0,1.0,0.0,51.2,3.8,1.0,0.029,35.65166,0.0008134263593897,0
1.0,262144.0,2.0,5.0,1310720.0,3145728.0,0.4166666666666667,1.0,1.0,0.5,0.0,1.0,0.0,51.2,3.8,1.0,0.20228,71.6912,0.0028215457406208,0
1.0,1048576.0,2.0,5.0,5242880.0,12582912.0,0.4166666666666667,1.0,1.0,0.5,0.0,1.0,0.0,51.2,3.8,1.0,2.11638,147.73536,0.0143254803724714,0
1.0,4194304.0,2.0,5.0,20971520.0,50331648.0,0.4166666666666667,1.0,1.0,0.5,0.0,1.0,0.0,51.2,3.8,1.0,9.74104,305.23852,0.0319128791477563,0
1.0,32768.0,3.0,11.0,65536.0,12288.0,5.333333333333333,1.0,1.0,0.5,0.0,1.0,0.0,51.2,3.8,1.0,0.00954,0.05688,0.1677215189873417,0
1.0,262144.0,3.0,11.0,524288.0,49152.0,10.666666666666666,1.0,1.0,0.5,0.0,1.0,0.0,51.2,3.8,1.0,0.06064,0.04276,1.4181478016838167,1
1.0,2097152.0,3.0,11.0,4194304.0,196608.0,21.33333333333333,1.0,1.0,0.5,0.0,1.0,0.0,51.2,3.8,1.0,0.96676,0.4032,2.3977182539682538,1
1.0,16777216.0,3.0,11.0,33554432.0,786432.0,42.66666666666666,1.0,1.0,0.5,0.0,1.0,0.0,51.2,3.8,1.0,7.86138,5.65511,1.390137415540989,1
1.0,134217728.0,3.0,11.0,268435456.0,3145728.0,85.33333333333333,1.0,1.0,0.5,0.0,1.0,0.0,51.2,3.8,1.0,102.95214,42.79924,2.4054665456676334,1
1.0,1073741824.0,3.0,11.0,2147483648.0,12582912.0,170.66666666666666,1.0,1.0,0.5,0.0,1.0,0.0,51.2,3.8,1.0,2187.62268,324.99846,6.731178603123227,1
1.0,32768.0,3.0,8.0,65536.0,12288.0,5.333333333333333,1.0,1.0,0.5,0.0,1.0,0.0,51.2,3.8,1.0,0.07446,0.0443075,1.6805281272922192,1
1.0,262144.0,3.0,8.0,524288.0,49152.0,10.666666666666666,1.0,1.0,0.5,0.0,1.0,0.0,51.2,3.8,1.0,0.40636,0.085795,4.73640655049828,1
1.0,2097152.0,3.0,8.0,4194304.0,196608.0,21.33333333333333,1.0,1.0,0.5,0.0,1.0,0.0,51.2,3.8,1.0,7.56496,0.98062,7.714466358018396,1
1.0,16777216.0,3.0,8.0,33554432.0,786432.0,42.66666666666666,1.0,1.0,0.5,0.0,1.0,0.0,51.2,3.8,1.0,60.92282,7.6503525,7.96340037926357,1
1.0,134217728.0,3.0,8.0,268435456.0,3145728.0,85.33333333333333,1.0,1.0,0.5,0.0,1.0,0.0,51.2,3.8,1.0,952.01072,119.03634,7.997647777140997,1
1.0,1073741824.0,3.0,8.0,2147483648.0,12582912.0,170.66666666666666,1.0,1.0,0.5,0.0,1.0,0.0,51.2,3.8,1.0,21108.54094,2638.6026175,7.999893883225104,1
1.0,4096.0,2.0,12.0,49152.0,49152.0,1.0,1.0,1.0,0.5,0.0,1.0,0.0,51.2,3.8,1.0,0.13062,0.03864,3.380434782608696,1
1.0,16384.0,2.0,12.0,196608.0,196608.0,1.0,1.0,1.0,0.5,0.0,1.0,0.0,51.2,3.8,1.0,0.22782,0.1424399999999999,1.5994102780117947,1
1.0,65536.0,2.0,12.0,786432.0,786432.0,1.0,1.0,1.0,0.5,0.0,1.0,0.0,51.2,3.8,1.0,0.9388,1.38212,0.6792463751338523,0
1.0,262144.0,2.0,12.0,3145728.0,3145728.0,1.0,1.0,1.0,0.5,0.0,1.0,0.0,51.2,3.8,1.0,4.52136,3.91082,1.1561155972404762,1
1.0,1048576.0,2.0,12.0,12582912.0,12582912.0,1.0,1.0,1.0,0.5,0.0,1.0,0.0,51.2,3.8,1.0,17.06198,9.56108,1.7845243424383015,1
1.0,4194304.0,2.0,12.0,50331648.0,50331648.0,1.0,1.0,1.0,0.5,0.0,1.0,0.0,51.2,3.8,1.0,65.91292,87.98044000000002,0.7491769761551543,0
1.0,4096.0,2.0,21.0,86016.0,49152.0,1.75,1.0,1.0,0.5,0.0,0.0,0.0,51.2,3.8,1.0,0.00408,0.03662,0.111414527580557,0
1.0,16384.0,2.0,21.0,344064.0,196608.0,1.75,1.0,1.0,0.5,0.0,0.0,0.0,51.2,3.8,1.0,0.01254,0.0387799999999999,0.3233625580195978,0
1.0,65536.0,2.0,21.0,1376256.0,786432.0,1.75,1.0,1.0,0.5,0.0,0.0,0.0,51.2,3.8,1.0,0.07906,0.4829799999999999,0.1636920783469295,0
1.0,262144.0,2.0,21.0,5505024.0,3145728.0,1.75,1.0,1.0,0.5,0.0,0.0,0.0,51.2,3.8,1.0,0.34846,0.83874,0.415456518110499,0
1.0,1048576.0,2.0,21.0,22020096.0,12582912.0,1.75,1.0,1.0,0.5,0.0,0.0,0.0,51.2,3.8,1.0,1.23148,1.7644799999999998,0.6979280014508524,0
1.0,4194304.0,2.0,21.0,88080384.0,50331648.0,1.75,1.0,1.0,0.5,0.0,0.0,0.0,51.2,3.8,1.0,4.84878,9.17233,0.5286312202025003,0
1.0,1024.0,1.0,1.0,1024.0,12288.0,0.0833333333333333,1.0,1.0,1.0,0.0,0.0,0.0,51.2,3.8,1.0,0.00018,0.0350225,0.0051395531444071,0
1.0,8192.0,1.0,1.0,8192.0,98304.0,0.0833333333333333,1.0,1.0,1.0,0.0,0.0,0.0,51.2,3.8,1.0,0.00192,0.03524,0.0544835414301929,0
1.0,65536.0,1.0,1.0,65536.0,786432.0,0.0833333333333333,1.0,1.0,1.0,0.0,0.0,0.0,51.2,3.8,1.0,0.01224,0.03653,0.3350670681631535,0
1.0,524288.0,1.0,1.0,524288.0,6291456.0,0.0833333333333333,1.0,1.0,1.0,0.0,0.0,0.0,51.2,3.8,1.0,0.12586,0.0507325,2.4808554674025527,1
1.0,2097152.0,1.0,1.0,2097152.0,25165824.0,0.0833333333333333,1.0,1.0,1.0,0.0,0.0,0.0,51.2,3.8,1.0,1.3607,0.2050875,6.634729079051624,1
1.0,1024.0,1.0,4.0,4096.0,12288.0,0.3333333333333333,1.0,1.0,1.0,1.0,0.0,0.0,51.2,3.8,1.0,0.00088,0.03511,0.0250640843064653,0
1.0,8192.0,1.0,4.0,32768.0,98304.0,0.3333333333333333,1.0,1.0,1.0,1.0,0.0,0.0,51.2,3.8,1.0,0.01028,0.036285,0.2833126636351109,0
1.0,65536.0,1.0,4.0,262144.0,786432.0,0.3333333333333333,1.0,1.0,1.0,1.0,0.0,0.0,51.2,3.8,1.0,0.05458,0.0418225,1.3050391535656645,1
1.0,524288.0,1.0,4.0,2097152.0,6291456.0,0.3333333333333333,1.0,1.0,1.0,1.0,0.0,0.0,51.2,3.8,1.0,0.44664,0.09083,4.917318066718045,1
1.0,2097152.0,1.0,4.0,8388608.0,25165824.0,0.3333333333333333,1.0,1.0,1.0,1.0,0.0,0.0,51.2,3.8,1.0,2.09548,0.296935,7.057032683920722,1
1.0,1024.0,1.0,6.0,6144.0,12288.0,0.5,1.0,1.0,0.5,0.0,0.0,0.0,51.2,3.8,1.0,0.00088,0.03511,0.0250640843064653,0
1.0,8192.0,1.0,6.0,49152.0,98304.0,0.5,1.0,1.0,0.5,0.0,0.0,0.0,51.2,3.8,1.0,0.0099,0.0362375,0.2731976543635736,0
1.0,65536.0,1.0,6.0,393216.0,786432.0,0.5,1.0,1.0,0.5,0.0,0.0,0.0,51.2,3.8,1.0,0.06634,0.0432925,1.5323670381705838,1
1.0,262144.0,1.0,6.0,1572864.0,3145728.0,0.5,1.0,1.0,0.5,0.0,0.0,0.0,51.2,3.8,1.0,0.22196,0.062745,3.5374930273328555,1
1.0,1048576.0,1.0,6.0,6291456.0,12582912.0,0.5,1.0,1.0,0.5,0.0,0.0,0.0,51.2,3.8,1.0,1.574,0.23175,6.791801510248112,1
1.0,1024.0,2.0,5.0,5120.0,12288.0,0.4166666666666667,1.0,1.0,0.5,1.0,0.0,0.0,51.2,3.8,1.0,0.00042,0.0350525,0.0119820269595606,0
1.0,4096.0,2.0,5.0,20480.0,49152.0,0.4166666666666667,1.0,1.0,0.5,1.0,0.0,0.0,51.2,3.8,1.0,0.0009,0.0351125,0.0256318974724101,0
1.0,16384.0,2.0,5.0,81920.0,196608.0,0.4166666666666667,1.0,1.0,0.5,1.0,0.0,0.0,51.2,3.8,1.0,0.01092,0.036365,0.300288739172281,0
1.0,65536.0,2.0,5.0,327680.0,786432.0,0.4166666666666667,1.0,1.0,0.5,1.0,0.0,0.0,51.2,3.8,1.0,0.04902,0.0411275,1.1919032277673092,1
1.0,262144.0,2.0,5.0,1310720.0,3145728.0,0.4166666666666667,1.0,1.0,0.5,1.0,0.0,0.0,51.2,3.8,1.0,0.20356,0.060445,3.3676896352055588,1
1.0,1048576.0,2.0,5.0,5242880.0,12582912.0,0.4166666666666667,1.0,1.0,0.5,1.0,0.0,0.0,51.2,3.8,1.0,2.48842,0.3460525,7.190874217062439,1
1.0,1024.0,2.0,5.0,5120.0,12288.0,0.4166666666666667,1.0,1.0,0.5,0.0,1.0,0.0,51.2,3.8,1.0,0.00026,0.0350325,0.0074216798686933,0
1.0,4096.0,2.0,5.0,20480.0,49152.0,0.4166666666666667,1.0,1.0,0.5,0.0,1.0,0.0,51.2,3.8,1.0,0.00102,0.0351275,0.029037079211444,0
1.0,16384.0,2.0,5.0,81920.0,196608.0,0.4166666666666667,1.0,1.0,0.5,0.0,1.0,0.0,51.2,3.8,1.0,0.00738,0.0359225,0.2054422715568237,0
1.0,65536.0,2.0,5.0,327680.0,786432.0,0.4166666666666667,1.0,1.0,0.5,0.0,1.0,0.0,51.2,3.8,1.0,0.0282,0.038525,0.7319922128487993,0
1.0,262144.0,2.0,5.0,1310720.0,3145728.0,0.4166666666666667,1.0,1.0,0.5,0.0,1.0,0.0,51.2,3.8,1.0,0.19874,0.0598425,3.3210510924510173,1
1.0,1048576.0,2.0,5.0,5242880.0,12582912.0,0.4166666666666667,1.0,1.0,0.5,0.0,1.0,0.0,51.2,3.8,1.0,2.1542,0.304275,7.079779804453207,1
1.0,32768.0,3.0,11.0,65536.0,12288.0,5.333333333333333,4000.0,0.4,0.5,0.0,1.0,0.0,51.2,3.8,1.0,0.0098,0.05828,0.1681537405628002,0
1.0,262144.0,3.0,11.0,524288.0,49152.0,10.666666666666666,4000.0,0.4,0.5,0.0,1.0,0.0,51.2,3.8,1.0,0.0595,0.12066,0.4931211669152991,0
1.0,2097152.0,3.0,11.0,4194304.0,196608.0,21.33333333333333,4000.0,0.4,0.5,0.0,1.0,0.0,51.2,3.8,1.0,0.67342,0.67972,0.9907314776672748,0
1.0,16777216.0,3.0,11.0,33554432.0,786432.0,42.66666666666666,4000.0,0.4,0.5,0.0,1.0,0.0,51.2,3.8,1.0,7.97888,6.74201,1.1834571589184828,1
1.0,134217728.0,3.0,11.0,268435456.0,3145728.0,85.33333333333333,4000.0,0.4,0.5,0.0,1.0,0.0,51.2,3.8,1.0,101.97326,39.710080000000005,2.567943957806179,1
1.0,1073741824.0,3.0,11.0,2147483648.0,12582912.0,170.66666666666666,4000.0,0.4,0.5,0.0,1.0,0.0,51.2,3.8,1.0,2191.2611,333.08991000000003,6.578587445053499,1
1.0,32768.0,3.0,8.0,65536.0,12288.0,5.333333333333333,3000.0,0.4,0.5,0.0,1.0,0.0,51.2,3.8,1.0,0.0454,0.040675,1.1161647203441918,1
1.0,262144.0,3.0,8.0,524288.0,49152.0,10.666666666666666,3000.0,0.4,0.5,0.0,1.0,0.0,51.2,3.8,1.0,0.44144,0.09018,4.8950986915058765,1
1.0,2097152.0,3.0,8.0,4194304.0,196608.0,21.33333333333333,3000.0,0.4,0.5,0.0,1.0,0.0,51.2,3.8,1.0,7.02164,0.912705,7.693219605458499,1
1.0,16777216.0,3.0,8.0,33554432.0,786432.0,42.66666666666666,3000.0,0.4,0.5,0.0,1.0,0.0,51.2,3.8,1.0,60.91582,7.6494775,7.963396192746498,1
1.0,134217728.0,3.0,8.0,268435456.0,3145728.0,85.33333333333333,3000.0,0.4,0.5,0.0,1.0,0.0,51.2,3.8,1.0,961.56362,120.2304525,7.997671139098474,1
1.0,1073741824.0,3.0,8.0,2147483648.0,12582912.0,170.66666666666666,3000.0,0.4,0.5,0.0,1.0,0.0,51.2,3.8,1.0,25168.68028,3146.1200350000004,7.999911001488535,1
1.0,4096.0,2.0,12.0,49152.0,49152.0,1.0,12.0,0.4,0.5,0.0,1.0,0.0,51.2,3.8,1.0,0.08632,0.01584,5.449494949494949,1
1.0,16384.0,2.0,12.0,196608.0,196608.0,1.0,12.0,0.4,0.5,0.0,1.0,0.0,51.2,3.8,1.0,0.29836,0.07661,3.894530740112257,1
1.0,65536.0,2.0,12.0,786432.0,786432.0,1.0,12.0,0.4,0.5,0.0,1.0,0.0,51.2,3.8,1.0,1.2785,1.4918,0.8570183670733342,0
1.0,262144.0,2.0,12.0,3145728.0,3145728.0,1.0,12.0,0.4,0.5,0.0,1.0,0.0,51.2,3.8,1.0,4.04848,4.82817,0.838512314189434,0
1.0,1048576.0,2.0,12.0,12582912.0,12582912.0,1.0,12.0,0.4,0.5,0.0,1.0,0.0,51.2,3.8,1.0,18.76312,7.697529999999999,2.437550746797999,1
1.0,4194304.0,2.0,12.0,50331648.0,50331648.0,1.0,12.0,0.4,0.5,0.0,1.0,0.0,51.2,3.8,1.0,82.74678,90.44872,0.9148474406271312,0
1.0,4096.0,2.0,21.0,86016.0,49152.0,1.75,6.0,1.0,0.5,0.0,0.0,0.0,51.2,3.8,1.0,0.00568,0.02754,0.2062454611474219,0
1.0,16384.0,2.0,21.0,344064.0,196608.0,1.75,6.0,1.0,0.5,0.0,0.0,0.0,51.2,3.8,1.0,0.0176,0.09375,0.1877333333333333,0
1.0,65536.0,2.0,21.0,1376256.0,786432.0,1.75,6.0,1.0,0.5,0.0,0.0,0.0,51.2,3.8,1.0,0.10758,0.5546599999999999,0.1939566581329102,0
1.0,262144.0,2.0,21.0,5505024.0,3145728.0,1.75,6.0,1.0,0.5,0.0,0.0,0.0,51.2,3.8,1.0,0.31716,1.0295999999999998,0.3080419580419581,0
1.0,1048576.0,2.0,21.0,22020096.0,12582912.0,1.75,6.0,1.0,0.5,0.0,0.0,0.0,51.2,3.8,1.0,1.24602,2.00637,0.6210320130384724,0
1.0,4194304.0,2.0,21.0,88080384.0,50331648.0,1.75,6.0,1.0,0.5,0.0,0.0,0.0,51.2,3.8,1.0,5.02336,7.05363,0.7121666432744559,0
1.0,1024.0,1.0,1.0,1024.0,12288.0,0.0833333333333333,3.0,1.0,1.0,0.0,0.0,0.0,51.2,3.8,1.0,0.00016,0.03502,0.0045688178183894,0
1.0,8192.0,1.0,1.0,8192.0,98304.0,0.0833333333333333,3.0,1.0,1.0,0.0,0.0,0.0,51.2,3.8,1.0,0.00134,0.0351675,0.038103362479562,0
1.0,65536.0,1.0,1.0,65536.0,786432.0,0.0833333333333333,3.0,1.0,1.0,0.0,0.0,0.0,51.2,3.8,1.0,0.01244,0.036555,0.3403091232389549,0
1.0,524288.0,1.0,1.0,524288.0,6291456.0,0.0833333333333333,3.0,1.0,1.0,0.0,0.0,0.0,51.2,3.8,1.0,0.26968,0.06871,3.924901761024596,1
1.0,2097152.0,1.0,1.0,2097152.0,25165824.0,0.0833333333333333,3.0,1.0,1.0,0.0,0.0,0.0,51.2,3.8,1.0,1.42238,0.2127975,6.684195068081157,1
1.0,1024.0,1.0,4.0,4096.0,12288.0,0.3333333333333333,7.0,1.0,1.0,1.0,0.0,0.0,51.2,3.8,1.0,0.0009,0.0351125,0.0256318974724101,0
1.0,8192.0,1.0,4.0,32768.0,98304.0,0.3333333333333333,7.0,1.0,1.0,1.0,0.0,0.0,51.2,3.8,1.0,0.01026,0.0362825,0.2827809550058568,0
1.0,65536.0,1.0,4.0,262144.0,786432.0,0.3333333333333333,7.0,1.0,1.0,1.0,0.0,0.0,51.2,3.8,1.0,0.09142,0.0464275,1.9690915944214096,1
1.0,524288.0,1.0,4.0,2097152.0,6291456.0,0.3333333333333333,7.0,1.0,1.0,1.0,0.0,0.0,51.2,3.8,1.0,0.47758,0.0946974999999999,5.043216557987276,1
1.0,2097152.0,1.0,4.0,8388608.0,25165824.0,0.3333333333333333,7.0,1.0,1.0,1.0,0.0,0.0,51.2,3.8,1.0,2.69708,0.372135,7.247584881830518,1
1.0,1024.0,1.0,6.0,6144.0,12288.0,0.5,3.0,1.0,0.5,0.0,0.0,0.0,51.2,3.8,1.0,0.00086,0.0351075,0.0244961902727337,0
1.0,8192.0,1.0,6.0,49152.0,98304.0,0.5,3.0,1.0,0.5,0.0,0.0,0.0,51.2,3.8,1.0,0.00766,0.0359575,0.2130292706667593,0
1.0,65536.0,1.0,6.0,393216.0,786432.0,0.5,3.0,1.0,0.5,0.0,0.0,0.0,51.2,3.8,1.0,0.05336,0.04167,1.2805375569954405,1
1.0,262144.0,1.0,6.0,1572864.0,3145728.0,0.5,3.0,1.0,0.5,0.0,0.0,0.0,51.2,3.8,1.0,0.2398,0.064975,3.690650250096191,1
1.0,1048576.0,1.0,6.0,6291456.0,12582912.0,0.5,3.0,1.0,0.5,0.0,0.0,0.0,51.2,3.8,1.0,1.90352,0.27294,6.97413350919616,1
1.0,256.0,2.0,5.0,1280.0,3072.0,0.4166666666666667,4.0,0.4,0.5,1.0,0.0,0.0,51.2,3.8,1.0,0.00012,0.035015,0.0034271026702841,0
1.0,1024.0,2.0,5.0,5120.0,12288.0,0.4166666666666667,4.0,0.4,0.5,1.0,0.0,0.0,51.2,3.8,1.0,0.00028,0.035035,0.0079920079920079,0
1.0,4096.0,2.0,5.0,20480.0,49152.0,0.4166666666666667,4.0,0.4,0.5,1.0,0.0,0.0,51.2,3.8,1.0,0.00088,0.03511,0.0250640843064653,0
1.0,16384.0,2.0,5.0,81920.0,196608.0,0.4166666666666667,4.0,0.4,0.5,1.0,0.0,0.0,51.2,3.8,1.0,0.00732,0.035915,0.2038145621606571,0
1.0,65536.0,2.0,5.0,327680.0,786432.0,0.4166666666666667,4.0,0.4,0.5,1.0,0.0,0.0,51.2,3.8,1.0,0.0282,0.038525,0.7319922128487993,0
1.0,262144.0,2.0,5.0,1310720.0,3145728.0,0.4166666666666667,4.0,0.4,0.5,1.0,0.0,0.0,51.2,3.8,1.0,0.19388,0.059235,3.273064910947919,1
1.0,1048576.0,2.0,5.0,5242880.0,12582912.0,0.4166666666666667,4.0,0.4,0.5,1.0,0.0,0.0,51.2,3.8,1.0,2.44688,0.34086,7.178548377633045,1
1.0,1024.0,2.0,5.0,5120.0,12288.0,0.4166666666666667,4.0,0.4,0.5,0.0,1.0,0.0,51.2,3.8,1.0,0.00036,0.035045,0.0102725067770009,0
1.0,4096.0,2.0,5.0,20480.0,49152.0,0.4166666666666667,4.0,0.4,0.5,0.0,1.0,0.0,51.2,3.8,1.0,0.001,0.035125,0.0284697508896797,0
1.0,16384.0,2.0,5.0,81920.0,196608.0,0.4166666666666667,4.0,0.4,0.5,0.0,1.0,0.0,51.2,3.8,1.0,0.00712,0.03589,0.1983839509612705,0
1.0,65536.0,2.0,5.0,327680.0,786432.0,0.4166666666666667,4.0,0.4,0.5,0.0,1.0,0.0,51.2,3.8,1.0,0.02832,0.03854,0.7348209652309289,0
1.0,262144.0,2.0,5.0,1310720.0,3145728.0,0.4166666666666667,4.0,0.4,0.5,0.0,1.0,0.0,51.2,3.8,1.0,0.21032,0.06129,3.4315549029205417,1
1.0,1048576.0,2.0,5.0,5242880.0,12582912.0,0.4166666666666667,4.0,0.4,0.5,0.0,1.0,0.0,51.2,3.8,1.0,2.51278,0.3490975,7.197931809881193,1
1.0,32768.0,3.0,11.0,65536.0,12288.0,5.333333333333333,4000.0,0.4,0.5,0.0,1.0,0.0,51.2,3.8,1.0,0.01986,0.05044,0.3937351308485329,0
1.0,262144.0,3.0,11.0,524288.0,49152.0,10.666666666666666,4000.0,0.4,0.5,0.0,1.0,0.0,51.2,3.8,1.0,0.20106,0.25964,0.7743799106455092,0
1.0,884736.0,3.0,11.0,1769472.0,110592.0,16.0,4000.0,0.4,0.5,0.0,1.0,0.0,51.2,3.8,1.0,0.69494,0.18844,3.6878582042029295,1
1.0,2097152.0,3.0,11.0,4194304.0,196608.0,21.33333333333333,4000.0,0.4,0.5,0.0,1.0,0.0,51.2,3.8,1.0,3.56898,1.85642,1.9225067603236337,1
1.0,7077888.0,3.0,11.0,14155776.0,442368.0,32.0,4000.0,0.4,0.5,0.0,1.0,0.0,51.2,3.8,1.0,8.25042,3.0317,2.721384041956658,1
1.0,16777216.0,3.0,11.0,33554432.0,786432.0,42.66666666666666,4000.0,0.4,0.5,0.0,1.0,0.0,51.2,3.8,1.0,29.37118,6.36463,4.614750582516187,1
1.0,56623104.0,3.0,11.0,113246208.0,1769472.0,64.0,4000.0,0.4,0.5,0.0,1.0,0.0,51.2,3.8,1.0,96.14972,14.87293,6.46474635461876,1
1.0,134217728.0,3.0,11.0,268435456.0,3145728.0,85.33333333333333,4000.0,0.4,0.5,0.0,1.0,0.0,51.2,3.8,1.0,527.18838,41.78498,12.616695760055409,1
1.0,452984832.0,3.0,11.0,905969664.0,7077888.0,128.0,4000.0,0.4,0.5,0.0,1.0,0.0,51.2,3.8,1.0,1005.16012,142.67449000000002,7.045128529984582,1
1.0,1073741824.0,3.0,11.0,2147483648.0,12582912.0,170.66666666666666,4000.0,0.4,0.5,0.0,1.0,0.0,51.2,3.8,1.0,337.4617161142857,333.83454,1.0108651912240287,0
1.0,262144.0,3.0,8.0,524288.0,49152.0,10.666666666666666,3000.0,0.4,0.5,0.0,1.0,0.0,51.2,3.8,1.0,0.0599186285714285,0.0424898285714285,1.4101875810277955,1
1.0,884736.0,3.0,8.0,1769472.0,110592.0,16.0,3000.0,0.4,0.5,0.0,1.0,0.0,51.2,3.8,1.0,0.2022253714285714,0.0602781714285714,3.354869045226512,1
1.0,7077888.0,3.0,8.0,14155776.0,442368.0,32.0,3000.0,0.4,0.5,0.0,1.0,0.0,51.2,3.8,1.0,1.617802971428571,0.2372253714285714,6.819687800196751,1
1.0,4096.0,2.0,7.0,28672.0,49152.0,0.5833333333333334,4.0,0.4,0.5,0.0,1.0,0.0,51.2,3.8,1.0,0.00322,0.06176,0.0521373056994818,0
1.0,16384.0,2.0,7.0,114688.0,196608.0,0.5833333333333334,4.0,0.4,0.5,0.0,1.0,0.0,51.2,3.8,1.0,0.0147,1.7888,0.0082177996422182,0
1.0,65536.0,2.0,7.0,458752.0,786432.0,0.5833333333333334,4.0,0.4,0.5,0.0,1.0,0.0,51.2,3.8,1.0,0.06934,6.71231,0.0103302737805613,0
1.0,262144.0,2.0,7.0,1835008.0,3145728.0,0.5833333333333334,4.0,0.4,0.5,0.0,1.0,0.0,51.2,3.8,1.0,0.30776,40.77517,0.0075477306409758,0
1.0,1048576.0,2.0,7.0,7340032.0,12582912.0,0.5833333333333334,4.0,0.4,0.5,0.0,1.0,0.0,51.2,3.8,1.0,1.2592,315.18603,0.0039951009249997,0
1.0,4194304.0,2.0,7.0,29360128.0,50331648.0,0.5833333333333334,4.0,0.4,0.5,0.0,1.0,0.0,51.2,3.8,1.0,5.15884,4319.97504,0.0011941828256489,0
1.0,16777216.0,2.0,7.0,117440512.0,201326592.0,0.5833333333333334,4.0,0.4,0.5,0.0,1.0,0.0,51.2,3.8,1.0,22.12926,78016.35661,0.0002836489803109,0
1.0,16384.0,2.0,4.0,65536.0,196608.0,0.3333333333333333,2.0,1.0,0.5,0.0,0.0,0.0,51.2,3.8,1.0,0.0018724571428571,0.0252599999999999,0.07412736115824,0
1.0,65536.0,2.0,4.0,262144.0,786432.0,0.3333333333333333,2.0,1.0,0.5,0.0,0.0,0.0,51.2,3.8,1.0,0.0074898285714285,0.7141,0.0104884870066217,0
1.0,4096.0,2.0,12.0,49152.0,49152.0,1.0,12.0,0.4,0.5,0.0,1.0,0.0,51.2,3.8,1.0,0.05262,0.06792,0.7747349823321554,0
1.0,16384.0,2.0,12.0,196608.0,196608.0,1.0,12.0,0.4,0.5,0.0,1.0,0.0,51.2,3.8,1.0,0.23522,0.24863,0.9460644330933516,0
1.0,65536.0,2.0,12.0,786432.0,786432.0,1.0,12.0,0.4,0.5,0.0,1.0,0.0,51.2,3.8,1.0,0.95602,1.07296,0.8910117804950789,0
1.0,262144.0,2.0,12.0,3145728.0,3145728.0,1.0,12.0,0.4,0.5,0.0,1.0,0.0,51.2,3.8,1.0,3.80522,3.56067,1.0686808943260675,0
1.0,1048576.0,2.0,12.0,12582912.0,12582912.0,1.0,12.0,0.4,0.5,0.0,1.0,0.0,51.2,3.8,1.0,16.88524,10.85507,1.555516454523094,1
1.0,4194304.0,2.0,12.0,50331648.0,50331648.0,1.0,12.0,0.4,0.5,0.0,1.0,0.0,51.2,3.8,1.0,65.61282,88.4668,0.7416660261250547,0
1.0,4096.0,2.0,75.0,307200.0,49152.0,6.25,13.0,1.0,0.5,0.0,0.0,0.0,51.2,3.8,1.0,0.0087771428571428,0.0175,0.5015510204081632,0
1.0,16384.0,2.0,75.0,1228800.0,196608.0,6.25,13.0,1.0,0.5,0.0,0.0,0.0,51.2,3.8,1.0,0.0351085714285714,0.02418,1.4519673874512584,1
1.0,65536.0,2.0,75.0,4915200.0,786432.0,6.25,13.0,1.0,0.5,0.0,0.0,0.0,51.2,3.8,1.0,0.1404342857142857,0.58631,0.2395222420123922,0
1.0,262144.0,2.0,75.0,19660800.0,3145728.0,6.25,13.0,1.0,0.5,0.0,0.0,0.0,51.2,3.8,1.0,0.5617371428571428,1.29775,0.4328546660428763,0
1.0,1048576.0,2.0,75.0,78643200.0,12582912.0,6.25,13.0,1.0,0.5,0.0,0.0,0.0,51.2,3.8,1.0,2.246948571428572,2.53797,0.8853329911025628,0
1.0,4194304.0,2.0,75.0,314572800.0,50331648.0,6.25,13.0,1.0,0.5,0.0,0.0,0.0,51.2,3.8,1.0,8.987794285714285,8.51791,1.0551642698401702,0
1.0,4096.0,2.0,21.0,86016.0,49152.0,1.75,6.0,1.0,0.5,0.0,0.0,0.0,51.2,3.8,1.0,0.0024576,0.01734,0.1417301038062283,0
1.0,16384.0,2.0,21.0,344064.0,196608.0,1.75,6.0,1.0,0.5,0.0,0.0,0.0,51.2,3.8,1.0,0.0098304,0.03882,0.2532302936630602,0
1.0,1024.0,1.0,1.0,1024.0,12288.0,0.0833333333333333,3.0,1.0,1.0,0.0,0.0,0.0,51.2,3.8,1.0,0.001,0.035125,0.0284697508896797,0
1.0,65536.0,1.0,1.0,65536.0,786432.0,0.0833333333333333,3.0,1.0,1.0,0.0,0.0,0.0,51.2,3.8,1.0,0.0018724571428571,0.0352340571428571,0.0531433872422137,0
1.0,4194304.0,1.0,1.0,4194304.0,50331648.0,0.0833333333333333,3.0,1.0,1.0,0.0,0.0,0.0,51.2,3.8,1.0,0.1198372571428571,0.0499796571428571,2.3977206726393825,1
1.0,1024.0,1.0,2.0,2048.0,12288.0,0.1666666666666666,3.0,1.0,1.0,0.0,0.0,0.0,51.2,3.8,1.0,0.00022,0.0350275,0.006280779387624,0
1.0,8192.0,1.0,2.0,16384.0,98304.0,0.1666666666666666,3.0,1.0,1.0,0.0,0.0,0.0,51.2,3.8,1.0,0.00122,0.0351525,0.0347059241874688,0
1.0,65536.0,1.0,2.0,131072.0,786432.0,0.1666666666666666,3.0,1.0,1.0,0.0,0.0,0.0,51.2,3.8,1.0,0.01156,0.036445,0.3171902867334339,0
1.0,262144.0,1.0,2.0,524288.0,3145728.0,0.1666666666666666,3.0,1.0,1.0,0.0,0.0,0.0,51.2,3.8,1.0,0.0496,0.0412,1.203883495145631,1
1.0,1048576.0,1.0,2.0,2097152.0,12582912.0,0.1666666666666666,3.0,1.0,1.0,0.0,0.0,0.0,51.2,3.8,1.0,0.18206,0.0577575,3.152144743106956,1
1.0,4194304.0,1.0,2.0,8388608.0,50331648.0,0.1666666666666666,3.0,1.0,1.0,0.0,0.0,0.0,51.2,3.8,1.0,1.97422,0.2817775,7.006308168679189,1
1.0,8192.0,1.0,6.0,49152.0,98304.0,0.5,3.0,1.0,0.5,0.0,0.0,0.0,51.2,3.8,1.0,0.0014043428571428,0.0351755428571428,0.0399238431897487,0
1.0,262144.0,1.0,6.0,1572864.0,3145728.0,0.5,3.0,1.0,0.5,0.0,0.0,0.0,51.2,3.8,1.0,0.0449389714285714,0.0406173714285714,1.106397825560914,1
1.0,1024.0,1.0,12.0,12288.0,12288.0,1.0,3.0,1.0,1.0,0.0,0.0,0.0,51.2,3.8,1.0,0.001,0.035125,0.0284697508896797,0
1.0,8192.0,1.0,12.0,98304.0,98304.0,1.0,3.0,1.0,1.0,0.0,0.0,0.0,51.2,3.8,1.0,0.0028086857142857,0.0353510857142857,0.0794511867891711,0
1.0,65536.0,1.0,12.0,786432.0,786432.0,1.0,3.0,1.0,1.0,0.0,0.0,0.0,51.2,3.8,1.0,0.0224694857142857,0.0378086857142857,0.5942942815860905,0
1.0,262144.0,1.0,12.0,3145728.0,3145728.0,1.0,3.0,1.0,1.0,0.0,0.0,0.0,51.2,3.8,1.0,0.0898779428571428,0.0462347428571428,1.943948150308735,1
1.0,1048576.0,1.0,12.0,12582912.0,12582912.0,1.0,3.0,1.0,1.0,0.0,0.0,0.0,51.2,3.8,1.0,0.3595117714285714,0.0799389714285714,4.497327961616433,1
1.0,256.0,2.0,5.0,1280.0,3072.0,0.4166666666666667,4.0,0.4,0.5,1.0,0.0,0.0,51.2,3.8,1.0,0.001,0.035125,0.0284697508896797,0
1.0,16384.0,2.0,5.0,81920.0,196608.0,0.4166666666666667,4.0,0.4,0.5,1.0,0.0,0.0,51.2,3.8,1.0,0.0023405714285714,0.0352925714285714,0.0663190958842006,0
1.0,1048576.0,2.0,5.0,5242880.0,12582912.0,0.4166666666666667,4.0,0.4,0.5,1.0,0.0,0.0,51.2,3.8,1.0,0.1497965714285714,0.0537245714285714,2.7882320406730625,1
1.0,256.0,2.0,5.0,1280.0,3072.0,0.4166666666666667,4.0,0.4,0.5,0.0,1.0,0.0,51.2,3.8,1.0,0.001,0.035125,0.0284697508896797,0
1.0,1024.0,2.0,5.0,5120.0,12288.0,0.4166666666666667,4.0,0.4,0.5,0.0,1.0,0.0,51.2,3.8,1.0,0.001,0.035125,0.0284697508896797,0
1.0,262144.0,2.0,5.0,1310720.0,3145728.0,0.4166666666666667,4.0,0.4,0.5,0.0,1.0,0.0,51.2,3.8,1.0,0.0374491428571428,0.0396811428571428,0.9437516200570258,0
1.0,1048576.0,2.0,5.0,5242880.0,12582912.0,0.4166666666666667,4.0,0.4,0.5,0.0,1.0,0.0,51.2,3.8,1.0,0.1497965714285714,0.0537245714285714,2.7882320406730625,1
1.0,256.0,2.0,10.0,2560.0,3072.0,0.8333333333333334,3.0,1.0,0.5,0.0,0.0,0.0,51.2,3.8,1.0,0.001,0.02924,0.0341997264021887,0
1.0,16384.0,2.0,10.0,163840.0,196608.0,0.8333333333333334,3.0,1.0,0.5,0.0,0.0,0.0,51.2,3.8,1.0,0.0046811428571428,0.15751,0.0297196549878919,0
1.0,65536.0,2.0,10.0,655360.0,786432.0,0.8333333333333334,3.0,1.0,0.5,0.0,0.0,0.0,51.2,3.8,1.0,0.0187245714285714,0.95458,0.0196155077925071,0
1.0,262144.0,2.0,10.0,2621440.0,3145728.0,0.8333333333333334,3.0,1.0,0.5,0.0,0.0,0.0,51.2,3.8,1.0,0.0748982857142857,1.3779899999999998,0.0543532868266719,0
1.0,32768.0,3.0,11.0,65536.0,12288.0,5.333333333333333,4000.0,0.4,0.5,0.0,1.0,0.0,51.2,3.8,1.0,0.02638,0.09883,0.2669229990893453,0
1.0,262144.0,3.0,11.0,524288.0,49152.0,10.666666666666666,4000.0,0.4,0.5,0.0,1.0,0.0,51.2,3.8,1.0,0.203,0.11344,1.789492242595205,1
1.0,884736.0,3.0,11.0,1769472.0,110592.0,16.0,4000.0,0.4,0.5,0.0,1.0,0.0,51.2,3.8,1.0,0.71232,0.0927099999999999,7.6833135584079395,1
1.0,2097152.0,3.0,11.0,4194304.0,196608.0,21.33333333333333,4000.0,0.4,0.5,0.0,1.0,0.0,51.2,3.8,1.0,3.52532,1.37662,2.56085194171231,1
1.0,7077888.0,3.0,11.0,14155776.0,442368.0,32.0,4000.0,0.4,0.5,0.0,1.0,0.0,51.2,3.8,1.0,7.84628,3.1087199999999995,2.5239584137522844,1
1.0,16777216.0,3.0,11.0,33554432.0,786432.0,42.66666666666666,4000.0,0.4,0.5,0.0,1.0,0.0,51.2,3.8,1.0,33.91508,5.938350000000001,5.711195870906901,1
1.0,56623104.0,3.0,11.0,113246208.0,1769472.0,64.0,4000.0,0.4,0.5,0.0,1.0,0.0,51.2,3.8,1.0,107.42024,17.6198,6.096564092668475,1
1.0,134217728.0,3.0,11.0,268435456.0,3145728.0,85.33333333333333,4000.0,0.4,0.5,0.0,1.0,0.0,51.2,3.8,1.0,665.77118,42.49888,15.665617070379266,1
1.0,452984832.0,3.0,11.0,905969664.0,7077888.0,128.0,4000.0,0.4,0.5,0.0,1.0,0.0,51.2,3.8,1.0,1177.17414,138.15829000000002,8.52047416047202,1
1.0,1073741824.0,3.0,11.0,2147483648.0,12582912.0,170.66666666666666,4000.0,0.4,0.5,0.0,1.0,0.0,51.2,3.8,1.0,337.4617161142857,335.99079,1.0043778762932332,0
1.0,32768.0,3.0,10.0,65536.0,12288.0,5.333333333333333,3000.0,0.4,0.5,0.0,1.0,0.0,51.2,3.8,1.0,0.0093622857142857,0.05588,0.1675426935269454,0
1.0,262144.0,3.0,10.0,524288.0,49152.0,10.666666666666666,3000.0,0.4,0.5,0.0,1.0,0.0,51.2,3.8,1.0,0.0748982857142857,0.04304,1.7402018056293147,1
1.0,884736.0,3.0,10.0,1769472.0,110592.0,16.0,3000.0,0.4,0.5,0.0,1.0,0.0,51.2,3.8,1.0,0.2527817142857143,0.25476,0.9922347082968844,0
1.0,2097152.0,3.0,10.0,4194304.0,196608.0,21.33333333333333,3000.0,0.4,0.5,0.0,1.0,0.0,51.2,3.8,1.0,0.5991862857142857,1.28552,0.4661042113030413,0
1.0,7077888.0,3.0,10.0,14155776.0,442368.0,32.0,3000.0,0.4,0.5,0.0,1.0,0.0,51.2,3.8,1.0,2.022253714285714,3.0807299999999995,0.6564203011252899,0
1.0,16777216.0,3.0,10.0,33554432.0,786432.0,42.66666666666666,3000.0,0.4,0.5,0.0,1.0,0.0,51.2,3.8,1.0,4.793490285714285,6.981389999999999,0.6866097275348155,0
1.0,56623104.0,3.0,10.0,113246208.0,1769472.0,64.0,3000.0,0.4,0.5,0.0,1.0,0.0,51.2,3.8,1.0,16.178029714285714,16.02084,1.0098115775630812,0
1.0,134217728.0,3.0,10.0,268435456.0,3145728.0,85.33333333333333,3000.0,0.4,0.5,0.0,1.0,0.0,51.2,3.8,1.0,38.34792228571428,40.29594,0.951657221191869,0
1.0,4096.0,2.0,7.0,28672.0,49152.0,0.5833333333333334,4.0,0.4,0.5,0.0,1.0,0.0,51.2,3.8,1.0,0.0032,0.06456,0.0495662949194547,0
1.0,16384.0,2.0,7.0,114688.0,196608.0,0.5833333333333334,4.0,0.4,0.5,0.0,1.0,0.0,51.2,3.8,1.0,0.0221,0.8102,0.0272772155023451,0
1.0,65536.0,2.0,7.0,458752.0,786432.0,0.5833333333333334,4.0,0.4,0.5,0.0,1.0,0.0,51.2,3.8,1.0,0.0731,6.63252,0.0110214518765114,0
1.0,262144.0,2.0,7.0,1835008.0,3145728.0,0.5833333333333334,4.0,0.4,0.5,0.0,1.0,0.0,51.2,3.8,1.0,0.31034,38.26869,0.0081095015272276,0
1.0,1048576.0,2.0,7.0,7340032.0,12582912.0,0.5833333333333334,4.0,0.4,0.5,0.0,1.0,0.0,51.2,3.8,1.0,1.24522,287.05999,0.0043378389304618,0
1.0,4194304.0,2.0,7.0,29360128.0,50331648.0,0.5833333333333334,4.0,0.4,0.5,0.0,1.0,0.0,51.2,3.8,1.0,5.54512,3869.08734,0.001433185532586,0
1.0,16777216.0,2.0,7.0,117440512.0,201326592.0,0.5833333333333334,4.0,0.4,0.5,0.0,1.0,0.0,51.2,3.8,1.0,23.9193,35020.39641,0.0006830105439117,0
1.0,4096.0,2.0,4.0,16384.0,49152.0,0.3333333333333333,2.0,1.0,0.5,0.0,0.0,0.0,51.2,3.8,1.0,2e-05,0.01678,0.00119189511323,0
1.0,16384.0,2.0,4.0,65536.0,196608.0,0.3333333333333333,2.0,1.0,0.5,0.0,0.0,0.0,51.2,3.8,1.0,2e-05,0.02494,0.0008019246190858,0
1.0,65536.0,2.0,4.0,262144.0,786432.0,0.3333333333333333,2.0,1.0,0.5,0.0,0.0,0.0,51.2,3.8,1.0,2e-05,0.6528900000000001,3.063303159797209e-05,0
1.0,262144.0,2.0,4.0,1048576.0,3145728.0,0.3333333333333333,2.0,1.0,0.5,0.0,0.0,0.0,51.2,3.8,1.0,0.0299593142857142,0.92741,0.0323042821251811,0
1.0,1048576.0,2.0,4.0,4194304.0,12582912.0,0.3333333333333333,2.0,1.0,0.5,0.0,0.0,0.0,51.2,3.8,1.0,0.1198372571428571,1.98809,0.0602775815696759,0
1.0,4194304.0,2.0,4.0,16777216.0,50331648.0,0.3333333333333333,2.0,1.0,0.5,0.0,0.0,0.0,51.2,3.8,1.0,0.4793490285714286,7.0665700000000005,0.0678333376123676,0
1.0,4096.0,2.0,12.0,49152.0,49152.0,1.0,12.0,0.4,0.5,0.0,1.0,0.0,51.2,3.8,1.0,0.0526,0.06781,0.7756967998820232,0
1.0,16384.0,2.0,12.0,196608.0,196608.0,1.0,12.0,0.4,0.5,0.0,1.0,0.0,51.2,3.8,1.0,0.4504,0.21168,2.127739984882842,1
1.0,65536.0,2.0,12.0,786432.0,786432.0,1.0,12.0,0.4,0.5,0.0,1.0,0.0,51.2,3.8,1.0,1.16,1.96901,0.5891285468331801,0
1.0,262144.0,2.0,12.0,3145728.0,3145728.0,1.0,12.0,0.4,0.5,0.0,1.0,0.0,51.2,3.8,1.0,3.90206,3.68195,1.0597808226619048,0
1.0,1048576.0,2.0,12.0,12582912.0,12582912.0,1.0,12.0,0.4,0.5,0.0,1.0,0.0,51.2,3.8,1.0,15.61956,9.39276,1.662936133788152,1
1.0,4194304.0,2.0,12.0,50331648.0,50331648.0,1.0,12.0,0.4,0.5,0.0,1.0,0.0,51.2,3.8,1.0,69.46588,89.86016000000001,0.7730442500881368,0
1.0,4096.0,2.0,75.0,307200.0,49152.0,6.25,13.0,1.0,0.5,0.0,0.0,0.0,51.2,3.8,1.0,0.0087771428571428,0.0390999999999999,0.2244793569601753,0
1.0,16384.0,2.0,75.0,1228800.0,196608.0,6.25,13.0,1.0,0.5,0.0,0.0,0.0,51.2,3.8,1.0,0.0351085714285714,0.02394,1.4665234514858574,1
1.0,65536.0,2.0,75.0,4915200.0,786432.0,6.25,13.0,1.0,0.5,0.0,0.0,0.0,51.2,3.8,1.0,0.1404342857142857,0.54138,0.2594005794715093,0
1.0,262144.0,2.0,75.0,19660800.0,3145728.0,6.25,13.0,1.0,0.5,0.0,0.0,0.0,51.2,3.8,1.0,0.5617371428571428,0.86107,0.6523710532908391,0
1.0,1048576.0,2.0,75.0,78643200.0,12582912.0,6.25,13.0,1.0,0.5,0.0,0.0,0.0,51.2,3.8,1.0,2.246948571428572,2.0622,1.0895880959308368,0
1.0,4194304.0,2.0,75.0,314572800.0,50331648.0,6.25,13.0,1.0,0.5,0.0,0.0,0.0,51.2,3.8,1.0,8.987794285714285,7.11328,1.2635231968535312,1
1.0,4096.0,2.0,21.0,86016.0,49152.0,1.75,6.0,1.0,0.5,0.0,0.0,0.0,51.2,3.8,1.0,2e-05,0.01754,0.0011402508551881,0
1.0,16384.0,2.0,21.0,344064.0,196608.0,1.75,6.0,1.0,0.5,0.0,0.0,0.0,51.2,3.8,1.0,2e-05,0.02418,0.0008271298593879,0
1.0,65536.0,2.0,21.0,1376256.0,786432.0,1.75,6.0,1.0,0.5,0.0,0.0,0.0,51.2,3.8,1.0,2e-05,0.47862,4.1786803727382895e-05,0
1.0,262144.0,2.0,21.0,5505024.0,3145728.0,1.75,6.0,1.0,0.5,0.0,0.0,0.0,51.2,3.8,1.0,0.1572864,1.13273,0.138856038067324,0
1.0,1048576.0,2.0,21.0,22020096.0,12582912.0,1.75,6.0,1.0,0.5,0.0,0.0,0.0,51.2,3.8,1.0,0.6291456,1.71669,0.366487601139402,0
1.0,4194304.0,2.0,21.0,88080384.0,50331648.0,1.75,6.0,1.0,0.5,0.0,0.0,0.0,51.2,3.8,1.0,2.5165824,8.377040000000001,0.3004142752093818,0
1.0,8192.0,1.0,1.0,8192.0,98304.0,0.0833333333333333,3.0,1.0,1.0,0.0,0.0,0.0,51.2,3.8,1.0,2e-05,0.0350025,0.0005713877580172,0
1.0,262144.0,1.0,1.0,262144.0,3145728.0,0.0833333333333333,3.0,1.0,1.0,0.0,0.0,0.0,51.2,3.8,1.0,2e-05,0.0350025,0.0005713877580172,0
1.0,1048576.0,1.0,1.0,1048576.0,12582912.0,0.0833333333333333,3.0,1.0,1.0,0.0,0.0,0.0,51.2,3.8,1.0,0.0299593142857142,0.0387449142857142,0.7732450784324135,0
1.0,4194304.0,1.0,1.0,4194304.0,50331648.0,0.0833333333333333,3.0,1.0,1.0,0.0,0.0,0.0,51.2,3.8,1.0,2e-05,0.0350025,0.0005713877580172,0
1.0,1024.0,1.0,2.0,2048.0,12288.0,0.1666666666666666,3.0,1.0,1.0,0.0,0.0,0.0,51.2,3.8,1.0,0.00016,0.03502,0.0045688178183894,0
1.0,8192.0,1.0,2.0,16384.0,98304.0,0.1666666666666666,3.0,1.0,1.0,0.0,0.0,0.0,51.2,3.8,1.0,0.00124,0.035155,0.0352723652396529,0
1.0,65536.0,1.0,2.0,131072.0,786432.0,0.1666666666666666,3.0,1.0,1.0,0.0,0.0,0.0,51.2,3.8,1.0,0.01104,0.03638,0.3034634414513468,0
1.0,262144.0,1.0,2.0,524288.0,3145728.0,0.1666666666666666,3.0,1.0,1.0,0.0,0.0,0.0,51.2,3.8,1.0,0.04358,0.0404475,1.077446072068731,0
1.0,1048576.0,1.0,2.0,2097152.0,12582912.0,0.1666666666666666,3.0,1.0,1.0,0.0,0.0,0.0,51.2,3.8,1.0,0.18008,0.05751,3.131281516258042,1
1.0,4194304.0,1.0,2.0,8388608.0,50331648.0,0.1666666666666666,3.0,1.0,1.0,0.0,0.0,0.0,51.2,3.8,1.0,2.74486,0.3781075,7.259469859762104,1
1.0,1024.0,1.0,4.0,4096.0,12288.0,0.3333333333333333,7.0,1.0,1.0,1.0,0.0,0.0,51.2,3.8,1.0,0.001,0.035125,0.0284697508896797,0
1.0,8192.0,1.0,4.0,32768.0,98304.0,0.3333333333333333,7.0,1.0,1.0,1.0,0.0,0.0,51.2,3.8,1.0,2e-05,0.0350025,0.0005713877580172,0
1.0,65536.0,1.0,4.0,262144.0,786432.0,0.3333333333333333,7.0,1.0,1.0,1.0,0.0,0.0,51.2,3.8,1.0,0.0074898285714285,0.0359362285714285,0.2084199947844117,0
1.0,262144.0,1.0,4.0,1048576.0,3145728.0,0.3333333333333333,7.0,1.0,1.0,1.0,0.0,0.0,51.2,3.8,1.0,2e-05,0.0350025,0.0005713877580172,0
1.0,1048576.0,1.0,4.0,4194304.0,12582912.0,0.3333333333333333,7.0,1.0,1.0,1.0,0.0,0.0,51.2,3.8,1.0,2e-05,0.0350025,0.0005713877580172,0
1.0,2097152.0,1.0,4.0,8388608.0,25165824.0,0.3333333333333333,7.0,1.0,1.0,1.0,0.0,0.0,51.2,3.8,1.0,0.2396745142857143,0.0649593142857142,3.689609672164027,1
1.0,1024.0,1.0,6.0,6144.0,12288.0,0.5,3.0,1.0,0.5,0.0,0.0,0.0,51.2,3.8,1.0,0.001,0.035125,0.0284697508896797,0
1.0,8192.0,1.0,6.0,49152.0,98304.0,0.5,3.0,1.0,0.5,0.0,0.0,0.0,51.2,3.8,1.0,2e-05,0.0350025,0.0005713877580172,0
1.0,65536.0,1.0,6.0,393216.0,786432.0,0.5,3.0,1.0,0.5,0.0,0.0,0.0,51.2,3.8,1.0,2e-05,0.0350025,0.0005713877580172,0
1.0,1048576.0,1.0,6.0,6291456.0,12582912.0,0.5,3.0,1.0,0.5,0.0,0.0,0.0,51.2,3.8,1.0,2e-05,0.0350025,0.0005713877580172,0
1.0,1024.0,2.0,5.0,5120.0,12288.0,0.4166666666666667,4.0,0.4,0.5,1.0,0.0,0.0,51.2,3.8,1.0,0.001,0.035125,0.0284697508896797,0
1.0,4096.0,2.0,5.0,20480.0,49152.0,0.4166666666666667,4.0,0.4,0.5,1.0,0.0,0.0,51.2,3.8,1.0,0.001,0.035125,0.0284697508896797,0
1.0,16384.0,2.0,5.0,81920.0,196608.0,0.4166666666666667,4.0,0.4,0.5,1.0,0.0,0.0,51.2,3.8,1.0,2e-05,0.0350025,0.0005713877580172,0
1.0,65536.0,2.0,5.0,327680.0,786432.0,0.4166666666666667,4.0,0.4,0.5,1.0,0.0,0.0,51.2,3.8,1.0,2e-05,0.0350025,0.0005713877580172,0
1.0,262144.0,2.0,5.0,1310720.0,3145728.0,0.4166666666666667,4.0,0.4,0.5,1.0,0.0,0.0,51.2,3.8,1.0,0.0374491428571428,0.0396811428571428,0.9437516200570258,0
1.0,1048576.0,2.0,5.0,5242880.0,12582912.0,0.4166666666666667,4.0,0.4,0.5,1.0,0.0,0.0,51.2,3.8,1.0,2e-05,0.0350025,0.0005713877580172,0
1.0,4096.0,2.0,5.0,20480.0,49152.0,0.4166666666666667,4.0,0.4,0.5,0.0,1.0,0.0,51.2,3.8,1.0,2e-05,0.0350025,0.0005713877580172,0
1.0,16384.0,2.0,5.0,81920.0,196608.0,0.4166666666666667,4.0,0.4,0.5,0.0,1.0,0.0,51.2,3.8,1.0,0.0023405714285714,0.0352925714285714,0.0663190958842006,0
1.0,65536.0,2.0,5.0,327680.0,786432.0,0.4166666666666667,4.0,0.4,0.5,0.0,1.0,0.0,51.2,3.8,1.0,0.0093622857142857,0.0361702857142857,0.2588391418370248,0
1.0,262144.0,2.0,5.0,1310720.0,3145728.0,0.4166666666666667,4.0,0.4,0.5,0.0,1.0,0.0,51.2,3.8,1.0,2e-05,0.0350025,0.0005713877580172,0
1.0,1048576.0,2.0,5.0,5242880.0,12582912.0,0.4166666666666667,4.0,0.4,0.5,0.0,1.0,0.0,51.2,3.8,1.0,2e-05,0.0350025,0.0005713877580172,0
1.0,256.0,2.0,10.0,2560.0,3072.0,0.8333333333333334,3.0,1.0,0.5,0.0,0.0,0.0,51.2,3.8,1.0,2e-05,0.0162399999999999,0.001231527093596,0
1.0,1024.0,2.0,10.0,10240.0,12288.0,0.8333333333333334,3.0,1.0,0.5,0.0,0.0,0.0,51.2,3.8,1.0,0.001,0.0206,0.0485436893203883,0
1.0,4096.0,2.0,10.0,40960.0,49152.0,0.8333333333333334,3.0,1.0,0.5,0.0,0.0,0.0,51.2,3.8,1.0,0.0011702857142857,0.03936,0.029732868757259,0
1.0,16384.0,2.0,10.0,163840.0,196608.0,0.8333333333333334,3.0,1.0,0.5,0.0,0.0,0.0,51.2,3.8,1.0,2e-05,0.15254,0.000131113150649,0
1.0,65536.0,2.0,10.0,655360.0,786432.0,0.8333333333333334,3.0,1.0,0.5,0.0,0.0,0.0,51.2,3.8,1.0,2e-05,0.6120000000000001,3.26797385620915e-05,0
1.0,262144.0,2.0,10.0,2621440.0,3145728.0,0.8333333333333334,3.0,1.0,0.5,0.0,0.0,0.0,51.2,3.8,1.0,2e-05,1.24611,1.6049947436422148e-05,0
1.0,1024.0,1.0,1.0,1024.0,12288.0,0.0833333333333333,1.0,1.0,1.0,0.0,0.0,0.0,51.2,3.8,1.0,2e-05,0.0300025,0.0006666111157403,0
1.0,1024.0,1.0,1.0,1024.0,12288.0,0.0833333333333333,1.0,1.0,1.0,1.0,0.0,0.0,51.2,3.8,1.0,2e-05,0.0300025,0.0006666111157403,0
1.0,1024.0,1.0,1.0,1024.0,12288.0,0.0833333333333333,1.0,0.5,0.5,0.0,0.0,0.0,51.2,3.8,1.0,0.001,0.030125,0.0331950207468879,0
1.0,1024.0,1.0,1.0,1024.0,12288.0,0.0833333333333333,1.0,0.5,0.5,1.0,0.0,0.0,51.2,3.8,1.0,0.001,0.030125,0.0331950207468879,0
1.0,1024.0,1.0,1.0,1024.0,12288.0,0.0833333333333333,1.0,0.25,0.25,0.0,0.0,0.0,51.2,3.8,1.0,2e-05,0.0300025,0.0006666111157403,0
1.0,1024.0,1.0,1.0,1024.0,12288.0,0.0833333333333333,1.0,0.25,0.25,1.0,0.0,0.0,51.2,3.8,1.0,2e-05,0.0300025,0.0006666111157403,0
1.0,1024.0,1.0,2.0,2048.0,12288.0,0.1666666666666666,1.0,1.0,1.0,0.0,0.0,0.0,51.2,3.8,1.0,0.001,0.030125,0.0331950207468879,0
1.0,1024.0,1.0,2.0,2048.0,12288.0,0.1666666666666666,1.0,1.0,1.0,1.0,0.0,0.0,51.2,3.8,1.0,2e-05,0.0300025,0.0006666111157403,0
1.0,1024.0,1.0,2.0,2048.0,12288.0,0.1666666666666666,1.0,0.5,0.5,0.0,0.0,0.0,51.2,3.8,1.0,0.001,0.030125,0.0331950207468879,0
1.0,1024.0,1.0,2.0,2048.0,12288.0,0.1666666666666666,1.0,0.5,0.5,1.0,0.0,0.0,51.2,3.8,1.0,0.001,0.030125,0.0331950207468879,0
1.0,1024.0,1.0,2.0,2048.0,12288.0,0.1666666666666666,1.0,0.25,0.25,0.0,0.0,0.0,51.2,3.8,1.0,2e-05,0.0300025,0.0006666111157403,0
1.0,1024.0,1.0,2.0,2048.0,12288.0,0.1666666666666666,1.0,0.25,0.25,1.0,0.0,0.0,51.2,3.8,1.0,0.001,0.030125,0.0331950207468879,0
1.0,1024.0,1.0,4.0,4096.0,12288.0,0.3333333333333333,1.0,1.0,1.0,0.0,0.0,0.0,51.2,3.8,1.0,0.001,0.030125,0.0331950207468879,0
1.0,1024.0,1.0,4.0,4096.0,12288.0,0.3333333333333333,1.0,1.0,1.0,1.0,0.0,0.0,51.2,3.8,1.0,0.001,0.030125,0.0331950207468879,0
1.0,1024.0,1.0,4.0,4096.0,12288.0,0.3333333333333333,1.0,0.5,0.5,0.0,0.0,0.0,51.2,3.8,1.0,0.001,0.030125,0.0331950207468879,0
1.0,1024.0,1.0,4.0,4096.0,12288.0,0.3333333333333333,1.0,0.5,0.5,1.0,0.0,0.0,51.2,3.8,1.0,2e-05,0.0300025,0.0006666111157403,0
1.0,1024.0,1.0,4.0,4096.0,12288.0,0.3333333333333333,1.0,0.25,0.25,0.0,0.0,0.0,51.2,3.8,1.0,2e-05,0.0300025,0.0006666111157403,0
1.0,1024.0,1.0,4.0,4096.0,12288.0,0.3333333333333333,1.0,0.25,0.25,1.0,0.0,0.0,51.2,3.8,1.0,0.001,0.030125,0.0331950207468879,0
1.0,1024.0,1.0,8.0,8192.0,12288.0,0.6666666666666666,1.0,1.0,1.0,0.0,0.0,0.0,51.2,3.8,1.0,2e-05,0.0300025,0.0006666111157403,0
1.0,1024.0,1.0,8.0,8192.0,12288.0,0.6666666666666666,1.0,1.0,1.0,1.0,0.0,0.0,51.2,3.8,1.0,0.001,0.030125,0.0331950207468879,0
1.0,1024.0,1.0,8.0,8192.0,12288.0,0.6666666666666666,1.0,0.5,0.5,0.0,0.0,0.0,51.2,3.8,1.0,0.001,0.030125,0.0331950207468879,0
1.0,1024.0,1.0,8.0,8192.0,12288.0,0.6666666666666666,1.0,0.5,0.5,1.0,0.0,0.0,51.2,3.8,1.0,2e-05,0.0300025,0.0006666111157403,0
1.0,1024.0,1.0,8.0,8192.0,12288.0,0.6666666666666666,1.0,0.25,0.25,0.0,0.0,0.0,51.2,3.8,1.0,0.001,0.030125,0.0331950207468879,0
1.0,1024.0,1.0,8.0,8192.0,12288.0,0.6666666666666666,1.0,0.25,0.25,1.0,0.0,0.0,51.2,3.8,1.0,2e-05,0.0300025,0.0006666111157403,0
1.0,1024.0,1.0,16.0,16384.0,12288.0,1.3333333333333333,1.0,1.0,1.0,0.0,0.0,0.0,51.2,3.8,1.0,2e-05,0.0300025,0.0006666111157403,0
1.0,1024.0,1.0,16.0,16384.0,12288.0,1.3333333333333333,1.0,1.0,1.0,1.0,0.0,0.0,51.2,3.8,1.0,2e-05,0.0300025,0.0006666111157403,0
1.0,1024.0,1.0,16.0,16384.0,12288.0,1.3333333333333333,1.0,0.5,0.5,0.0,0.0,0.0,51.2,3.8,1.0,2e-05,0.0300025,0.0006666111157403,0
1.0,1024.0,1.0,16.0,16384.0,12288.0,1.3333333333333333,1.0,0.5,0.5,1.0,0.0,0.0,51.2,3.8,1.0,2e-05,0.0300025,0.0006666111157403,0
1.0,1024.0,1.0,16.0,16384.0,12288.0,1.3333333333333333,1.0,0.25,0.25,0.0,0.0,0.0,51.2,3.8,1.0,0.001,0.030125,0.0331950207468879,0
1.0,1024.0,1.0,16.0,16384.0,12288.0,1.3333333333333333,1.0,0.25,0.25,1.0,0.0,0.0,51.2,3.8,1.0,2e-05,0.0300025,0.0006666111157403,0
1.0,1024.0,1.0,32.0,32768.0,12288.0,2.6666666666666665,1.0,1.0,1.0,0.0,0.0,0.0,51.2,3.8,1.0,2e-05,0.0300025,0.0006666111157403,0
1.0,1024.0,1.0,32.0,32768.0,12288.0,2.6666666666666665,1.0,1.0,1.0,1.0,0.0,0.0,51.2,3.8,1.0,2e-05,0.0300025,0.0006666111157403,0
1.0,1024.0,1.0,32.0,32768.0,12288.0,2.6666666666666665,1.0,0.5,0.5,0.0,0.0,0.0,51.2,3.8,1.0,2e-05,0.0300025,0.0006666111157403,0
1.0,1024.0,1.0,32.0,32768.0,12288.0,2.6666666666666665,1.0,0.5,0.5,1.0,0.0,0.0,51.2,3.8,1.0,2e-05,0.0300025,0.0006666111157403,0
1.0,1024.0,1.0,32.0,32768.0,12288.0,2.6666666666666665,1.0,0.25,0.25,0.0,0.0,0.0,51.2,3.8,1.0,2e-05,0.0300025,0.0006666111157403,0
1.0,1024.0,1.0,32.0,32768.0,12288.0,2.6666666666666665,1.0,0.25,0.25,1.0,0.0,0.0,51.2,3.8,1.0,2e-05,0.0300025,0.0006666111157403,0
1.0,4096.0,1.0,1.0,4096.0,49152.0,0.0833333333333333,1.0,1.0,1.0,0.0,0.0,0.0,51.2,3.8,1.0,0.001,0.030125,0.0331950207468879,0
1.0,4096.0,1.0,1.0,4096.0,49152.0,0.0833333333333333,1.0,1.0,1.0,1.0,0.0,0.0,51.2,3.8,1.0,0.001,0.030125,0.0331950207468879,0
1.0,4096.0,1.0,1.0,4096.0,49152.0,0.0833333333333333,1.0,0.5,0.5,0.0,0.0,0.0,51.2,3.8,1.0,2e-05,0.0300025,0.0006666111157403,0
1.0,4096.0,1.0,1.0,4096.0,49152.0,0.0833333333333333,1.0,0.5,0.5,1.0,0.0,0.0,51.2,3.8,1.0,2e-05,0.0300025,0.0006666111157403,0
1.0,4096.0,1.0,1.0,4096.0,49152.0,0.0833333333333333,1.0,0.25,0.25,0.0,0.0,0.0,51.2,3.8,1.0,2e-05,0.0300025,0.0006666111157403,0
1.0,4096.0,1.0,1.0,4096.0,49152.0,0.0833333333333333,1.0,0.25,0.25,1.0,0.0,0.0,51.2,3.8,1.0,2e-05,0.0300025,0.0006666111157403,0
1.0,4096.0,1.0,2.0,8192.0,49152.0,0.1666666666666666,1.0,1.0,1.0,0.0,0.0,0.0,51.2,3.8,1.0,2e-05,0.0300025,0.0006666111157403,0
1.0,4096.0,1.0,2.0,8192.0,49152.0,0.1666666666666666,1.0,1.0,1.0,1.0,0.0,0.0,51.2,3.8,1.0,2e-05,0.0300025,0.0006666111157403,0
1.0,4096.0,1.0,2.0,8192.0,49152.0,0.1666666666666666,1.0,0.5,0.5,0.0,0.0,0.0,51.2,3.8,1.0,2e-05,0.0300025,0.0006666111157403,0
1.0,4096.0,1.0,2.0,8192.0,49152.0,0.1666666666666666,1.0,0.5,0.5,1.0,0.0,0.0,51.2,3.8,1.0,2e-05,0.0300025,0.0006666111157403,0
1.0,4096.0,1.0,2.0,8192.0,49152.0,0.1666666666666666,1.0,0.25,0.25,0.0,0.0,0.0,51.2,3.8,1.0,0.001,0.030125,0.0331950207468879,0
1.0,4096.0,1.0,2.0,8192.0,49152.0,0.1666666666666666,1.0,0.25,0.25,1.0,0.0,0.0,51.2,3.8,1.0,2e-05,0.0300025,0.0006666111157403,0
1.0,4096.0,1.0,4.0,16384.0,49152.0,0.3333333333333333,1.0,1.0,1.0,0.0,0.0,0.0,51.2,3.8,1.0,2e-05,0.0300025,0.0006666111157403,0
1.0,4096.0,1.0,4.0,16384.0,49152.0,0.3333333333333333,1.0,1.0,1.0,1.0,0.0,0.0,51.2,3.8,1.0,0.001,0.030125,0.0331950207468879,0
1.0,4096.0,1.0,4.0,16384.0,49152.0,0.3333333333333333,1.0,0.5,0.5,0.0,0.0,0.0,51.2,3.8,1.0,2e-05,0.0300025,0.0006666111157403,0
1.0,4096.0,1.0,4.0,16384.0,49152.0,0.3333333333333333,1.0,0.5,0.5,1.0,0.0,0.0,51.2,3.8,1.0,0.001,0.030125,0.0331950207468879,0
1.0,4096.0,1.0,4.0,16384.0,49152.0,0.3333333333333333,1.0,0.25,0.25,0.0,0.0,0.0,51.2,3.8,1.0,0.001,0.030125,0.0331950207468879,0
1.0,4096.0,1.0,4.0,16384.0,49152.0,0.3333333333333333,1.0,0.25,0.25,1.0,0.0,0.0,51.2,3.8,1.0,0.001,0.030125,0.0331950207468879,0
1.0,4096.0,1.0,8.0,32768.0,49152.0,0.6666666666666666,1.0,1.0,1.0,0.0,0.0,0.0,51.2,3.8,1.0,0.001,0.030125,0.0331950207468879,0
1.0,4096.0,1.0,8.0,32768.0,49152.0,0.6666666666666666,1.0,1.0,1.0,1.0,0.0,0.0,51.2,3.8,1.0,2e-05,0.0300025,0.0006666111157403,0
1.0,4096.0,1.0,8.0,32768.0,49152.0,0.6666666666666666,1.0,0.5,0.5,0.0,0.0,0.0,51.2,3.8,1.0,0.001,0.030125,0.0331950207468879,0
1.0,4096.0,1.0,8.0,32768.0,49152.0,0.6666666666666666,1.0,0.5,0.5,1.0,0.0,0.0,51.2,3.8,1.0,0.001,0.030125,0.0331950207468879,0
1.0,4096.0,1.0,8.0,32768.0,49152.0,0.6666666666666666,1.0,0.25,0.25,0.0,0.0,0.0,51.2,3.8,1.0,2e-05,0.0300025,0.0006666111157403,0
1.0,4096.0,1.0,8.0,32768.0,49152.0,0.6666666666666666,1.0,0.25,0.25,1.0,0.0,0.0,51.2,3.8,1.0,0.001,0.030125,0.0331950207468879,0
1.0,4096.0,1.0,16.0,65536.0,49152.0,1.3333333333333333,1.0,1.0,1.0,0.0,0.0,0.0,51.2,3.8,1.0,2e-05,0.0300025,0.0006666111157403,0
1.0,4096.0,1.0,16.0,65536.0,49152.0,1.3333333333333333,1.0,1.0,1.0,1.0,0.0,0.0,51.2,3.8,1.0,2e-05,0.0300025,0.0006666111157403,0
1.0,4096.0,1.0,16.0,65536.0,49152.0,1.3333333333333333,1.0,0.5,0.5,0.0,0.0,0.0,51.2,3.8,1.0,2e-05,0.0300025,0.0006666111157403,0
1.0,4096.0,1.0,16.0,65536.0,49152.0,1.3333333333333333,1.0,0.5,0.5,1.0,0.0,0.0,51.2,3.8,1.0,0.0018724571428571,0.0302340571428571,0.0619320501383491,0
1.0,4096.0,1.0,16.0,65536.0,49152.0,1.3333333333333333,1.0,0.25,0.25,0.0,0.0,0.0,51.2,3.8,1.0,0.0018724571428571,0.0302340571428571,0.0619320501383491,0
1.0,4096.0,1.0,16.0,65536.0,49152.0,1.3333333333333333,1.0,0.25,0.25,1.0,0.0,0.0,51.2,3.8,1.0,2e-05,0.0300025,0.0006666111157403,0
1.0,4096.0,1.0,32.0,131072.0,49152.0,2.6666666666666665,1.0,1.0,1.0,0.0,0.0,0.0,51.2,3.8,1.0,2e-05,0.0300025,0.0006666111157403,0
1.0,4096.0,1.0,32.0,131072.0,49152.0,2.6666666666666665,1.0,1.0,1.0,1.0,0.0,0.0,51.2,3.8,1.0,2e-05,0.0300025,0.0006666111157403,0
1.0,4096.0,1.0,32.0,131072.0,49152.0,2.6666666666666665,1.0,0.5,0.5,0.0,0.0,0.0,51.2,3.8,1.0,0.0037449142857142,0.0304681142857142,0.1229125718315353,0
1.0,4096.0,1.0,32.0,131072.0,49152.0,2.6666666666666665,1.0,0.5,0.5,1.0,0.0,0.0,51.2,3.8,1.0,2e-05,0.0300025,0.0006666111157403,0
1.0,4096.0,1.0,32.0,131072.0,49152.0,2.6666666666666665,1.0,0.25,0.25,0.0,0.0,0.0,51.2,3.8,1.0,2e-05,0.0300025,0.0006666111157403,0
1.0,4096.0,1.0,32.0,131072.0,49152.0,2.6666666666666665,1.0,0.25,0.25,1.0,0.0,0.0,51.2,3.8,1.0,2e-05,0.0300025,0.0006666111157403,0
1.0,16384.0,1.0,1.0,16384.0,196608.0,0.0833333333333333,1.0,1.0,1.0,0.0,0.0,0.0,51.2,3.8,1.0,2e-05,0.0300025,0.0006666111157403,0
1.0,16384.0,1.0,1.0,16384.0,196608.0,0.0833333333333333,1.0,1.0,1.0,1.0,0.0,0.0,51.2,3.8,1.0,2e-05,0.0300025,0.0006666111157403,0
1.0,16384.0,1.0,1.0,16384.0,196608.0,0.0833333333333333,1.0,0.5,0.5,0.0,0.0,0.0,51.2,3.8,1.0,6e-05,0.0300075,0.0019995001249687,0
1.0,16384.0,1.0,1.0,16384.0,196608.0,0.0833333333333333,1.0,0.5,0.5,1.0,0.0,0.0,51.2,3.8,1.0,2e-05,0.0300025,0.0006666111157403,0
1.0,16384.0,1.0,1.0,16384.0,196608.0,0.0833333333333333,1.0,0.25,0.25,0.0,0.0,0.0,51.2,3.8,1.0,0.001,0.030125,0.0331950207468879,0
1.0,16384.0,1.0,1.0,16384.0,196608.0,0.0833333333333333,1.0,0.25,0.25,1.0,0.0,0.0,51.2,3.8,1.0,2e-05,0.0300025,0.0006666111157403,0
1.0,16384.0,1.0,2.0,32768.0,196608.0,0.1666666666666666,1.0,1.0,1.0,0.0,0.0,0.0,51.2,3.8,1.0,2e-05,0.0300025,0.0006666111157403,0
1.0,16384.0,1.0,2.0,32768.0,196608.0,0.1666666666666666,1.0,1.0,1.0,1.0,0.0,0.0,51.2,3.8,1.0,0.001,0.030125,0.0331950207468879,0
1.0,16384.0,1.0,2.0,32768.0,196608.0,0.1666666666666666,1.0,0.5,0.5,0.0,0.0,0.0,51.2,3.8,1.0,2e-05,0.0300025,0.0006666111157403,0
1.0,16384.0,1.0,2.0,32768.0,196608.0,0.1666666666666666,1.0,0.5,0.5,1.0,0.0,0.0,51.2,3.8,1.0,2e-05,0.0300025,0.0006666111157403,0
1.0,16384.0,1.0,2.0,32768.0,196608.0,0.1666666666666666,1.0,0.25,0.25,0.0,0.0,0.0,51.2,3.8,1.0,2e-05,0.0300025,0.0006666111157403,0
1.0,16384.0,1.0,2.0,32768.0,196608.0,0.1666666666666666,1.0,0.25,0.25,1.0,0.0,0.0,51.2,3.8,1.0,2e-05,0.0300025,0.0006666111157403,0
1.0,16384.0,1.0,4.0,65536.0,196608.0,0.3333333333333333,1.0,1.0,1.0,0.0,0.0,0.0,51.2,3.8,1.0,2e-05,0.0300025,0.0006666111157403,0
1.0,16384.0,1.0,4.0,65536.0,196608.0,0.3333333333333333,1.0,1.0,1.0,1.0,0.0,0.0,51.2,3.8,1.0,2e-05,0.0300025,0.0006666111157403,0
1.0,16384.0,1.0,4.0,65536.0,196608.0,0.3333333333333333,1.0,0.5,0.5,0.0,0.0,0.0,51.2,3.8,1.0,2e-05,0.0300025,0.0006666111157403,0
1.0,16384.0,1.0,4.0,65536.0,196608.0,0.3333333333333333,1.0,0.5,0.5,1.0,0.0,0.0,51.2,3.8,1.0,0.0018724571428571,0.0302340571428571,0.0619320501383491,0
1.0,16384.0,1.0,4.0,65536.0,196608.0,0.3333333333333333,1.0,0.25,0.25,0.0,0.0,0.0,51.2,3.8,1.0,0.0018724571428571,0.0302340571428571,0.0619320501383491,0
1.0,16384.0,1.0,4.0,65536.0,196608.0,0.3333333333333333,1.0,0.25,0.25,1.0,0.0,0.0,51.2,3.8,1.0,2e-05,0.0300025,0.0006666111157403,0
1.0,16384.0,1.0,8.0,131072.0,196608.0,0.6666666666666666,1.0,1.0,1.0,0.0,0.0,0.0,51.2,3.8,1.0,2e-05,0.0300025,0.0006666111157403,0
1.0,16384.0,1.0,8.0,131072.0,196608.0,0.6666666666666666,1.0,1.0,1.0,1.0,0.0,0.0,51.2,3.8,1.0,2e-05,0.0300025,0.0006666111157403,0
1.0,16384.0,1.0,8.0,131072.0,196608.0,0.6666666666666666,1.0,0.5,0.5,0.0,0.0,0.0,51.2,3.8,1.0,2e-05,0.0300025,0.0006666111157403,0
1.0,16384.0,1.0,8.0,131072.0,196608.0,0.6666666666666666,1.0,0.5,0.5,1.0,0.0,0.0,51.2,3.8,1.0,2e-05,0.0300025,0.0006666111157403,0
1.0,16384.0,1.0,8.0,131072.0,196608.0,0.6666666666666666,1.0,0.25,0.25,0.0,0.0,0.0,51.2,3.8,1.0,0.0037449142857142,0.0304681142857142,0.1229125718315353,0
1.0,16384.0,1.0,8.0,131072.0,196608.0,0.6666666666666666,1.0,0.25,0.25,1.0,0.0,0.0,51.2,3.8,1.0,2e-05,0.0300025,0.0006666111157403,0
1.0,16384.0,1.0,16.0,262144.0,196608.0,1.3333333333333333,1.0,1.0,1.0,0.0,0.0,0.0,51.2,3.8,1.0,0.0074898285714285,0.0309362285714285,0.2421054187046532,0
1.0,16384.0,1.0,16.0,262144.0,196608.0,1.3333333333333333,1.0,1.0,1.0,1.0,0.0,0.0,51.2,3.8,1.0,0.0074898285714285,0.0309362285714285,0.2421054187046532,0
1.0,16384.0,1.0,16.0,262144.0,196608.0,1.3333333333333333,1.0,0.5,0.5,0.0,0.0,0.0,51.2,3.8,1.0,2e-05,0.0300025,0.0006666111157403,0
1.0,16384.0,1.0,16.0,262144.0,196608.0,1.3333333333333333,1.0,0.5,0.5,1.0,0.0,0.0,51.2,3.8,1.0,0.0074898285714285,0.0309362285714285,0.2421054187046532,0
1.0,16384.0,1.0,16.0,262144.0,196608.0,1.3333333333333333,1.0,0.25,0.25,0.0,0.0,0.0,51.2,3.8,1.0,2e-05,0.0300025,0.0006666111157403,0
1.0,16384.0,1.0,16.0,262144.0,196608.0,1.3333333333333333,1.0,0.25,0.25,1.0,0.0,0.0,51.2,3.8,1.0,2e-05,0.0300025,0.0006666111157403,0
1.0,16384.0,1.0,32.0,524288.0,196608.0,2.6666666666666665,1.0,1.0,1.0,0.0,0.0,0.0,51.2,3.8,1.0,0.0149796571428571,0.0318724571428571,0.4699875216936074,0
1.0,16384.0,1.0,32.0,524288.0,196608.0,2.6666666666666665,1.0,1.0,1.0,1.0,0.0,0.0,51.2,3.8,1.0,0.0149796571428571,0.0318724571428571,0.4699875216936074,0
1.0,16384.0,1.0,32.0,524288.0,196608.0,2.6666666666666665,1.0,0.5,0.5,0.0,0.0,0.0,51.2,3.8,1.0,2e-05,0.0300025,0.0006666111157403,0
1.0,16384.0,1.0,32.0,524288.0,196608.0,2.6666666666666665,1.0,0.5,0.5,1.0,0.0,0.0,51.2,3.8,1.0,2e-05,0.0300025,0.0006666111157403,0
1.0,16384.0,1.0,32.0,524288.0,196608.0,2.6666666666666665,1.0,0.25,0.25,0.0,0.0,0.0,51.2,3.8,1.0,0.0149796571428571,0.0318724571428571,0.4699875216936074,0
1.0,16384.0,1.0,32.0,524288.0,196608.0,2.6666666666666665,1.0,0.25,0.25,1.0,0.0,0.0,51.2,3.8,1.0,0.0149796571428571,0.0318724571428571,0.4699875216936074,0
1.0,65536.0,1.0,1.0,65536.0,786432.0,0.0833333333333333,1.0,1.0,1.0,0.0,0.0,0.0,51.2,3.8,1.0,2e-05,0.0300025,0.0006666111157403,0
1.0,65536.0,1.0,1.0,65536.0,786432.0,0.0833333333333333,1.0,1.0,1.0,1.0,0.0,0.0,51.2,3.8,1.0,0.0018724571428571,0.0302340571428571,0.0619320501383491,0
1.0,65536.0,1.0,1.0,65536.0,786432.0,0.0833333333333333,1.0,0.5,0.5,0.0,0.0,0.0,51.2,3.8,1.0,0.0018724571428571,0.0302340571428571,0.0619320501383491,0
1.0,65536.0,1.0,1.0,65536.0,786432.0,0.0833333333333333,1.0,0.5,0.5,1.0,0.0,0.0,51.2,3.8,1.0,2e-05,0.0300025,0.0006666111157403,0
1.0,65536.0,1.0,1.0,65536.0,786432.0,0.0833333333333333,1.0,0.25,0.25,0.0,0.0,0.0,51.2,3.8,1.0,2e-05,0.0300025,0.0006666111157403,0
1.0,65536.0,1.0,1.0,65536.0,786432.0,0.0833333333333333,1.0,0.25,0.25,1.0,0.0,0.0,51.2,3.8,1.0,0.0018724571428571,0.0302340571428571,0.0619320501383491,0
1.0,65536.0,1.0,2.0,131072.0,786432.0,0.1666666666666666,1.0,1.0,1.0,0.0,0.0,0.0,51.2,3.8,1.0,2e-05,0.0300025,0.0006666111157403,0
1.0,65536.0,1.0,2.0,131072.0,786432.0,0.1666666666666666,1.0,1.0,1.0,1.0,0.0,0.0,51.2,3.8,1.0,2e-05,0.0300025,0.0006666111157403,0
1.0,65536.0,1.0,2.0,131072.0,786432.0,0.1666666666666666,1.0,0.5,0.5,0.0,0.0,0.0,51.2,3.8,1.0,0.0037449142857142,0.0304681142857142,0.1229125718315353,0
1.0,65536.0,1.0,2.0,131072.0,786432.0,0.1666666666666666,1.0,0.5,0.5,1.0,0.0,0.0,51.2,3.8,1.0,2e-05,0.0300025,0.0006666111157403,0
1.0,65536.0,1.0,2.0,131072.0,786432.0,0.1666666666666666,1.0,0.25,0.25,0.0,0.0,0.0,51.2,3.8,1.0,0.0037449142857142,0.0304681142857142,0.1229125718315353,0
1.0,65536.0,1.0,2.0,131072.0,786432.0,0.1666666666666666,1.0,0.25,0.25,1.0,0.0,0.0,51.2,3.8,1.0,0.0037449142857142,0.0304681142857142,0.1229125718315353,0
1.0,65536.0,1.0,4.0,262144.0,786432.0,0.3333333333333333,1.0,1.0,1.0,0.0,0.0,0.0,51.2,3.8,1.0,0.0074898285714285,0.0309362285714285,0.2421054187046532,0
1.0,65536.0,1.0,4.0,262144.0,786432.0,0.3333333333333333,1.0,1.0,1.0,1.0,0.0,0.0,51.2,3.8,1.0,2e-05,0.0300025,0.0006666111157403,0
1.0,65536.0,1.0,4.0,262144.0,786432.0,0.3333333333333333,1.0,0.5,0.5,0.0,0.0,0.0,51.2,3.8,1.0,2e-05,0.0300025,0.0006666111157403,0
1.0,65536.0,1.0,4.0,262144.0,786432.0,0.3333333333333333,1.0,0.5,0.5,1.0,0.0,0.0,51.2,3.8,1.0,2e-05,0.0300025,0.0006666111157403,0
1.0,65536.0,1.0,4.0,262144.0,786432.0,0.3333333333333333,1.0,0.25,0.25,0.0,0.0,0.0,51.2,3.8,1.0,2e-05,0.0300025,0.0006666111157403,0
1.0,65536.0,1.0,4.0,262144.0,786432.0,0.3333333333333333,1.0,0.25,0.25,1.0,0.0,0.0,51.2,3.8,1.0,0.0074898285714285,0.0309362285714285,0.2421054187046532,0
1.0,65536.0,1.0,8.0,524288.0,786432.0,0.6666666666666666,1.0,1.0,1.0,0.0,0.0,0.0,51.2,3.8,1.0,0.0149796571428571,0.0318724571428571,0.4699875216936074,0
1.0,65536.0,1.0,8.0,524288.0,786432.0,0.6666666666666666,1.0,1.0,1.0,1.0,0.0,0.0,51.2,3.8,1.0,2e-05,0.0300025,0.0006666111157403,0
1.0,65536.0,1.0,8.0,524288.0,786432.0,0.6666666666666666,1.0,0.5,0.5,0.0,0.0,0.0,51.2,3.8,1.0,0.0149796571428571,0.0318724571428571,0.4699875216936074,0
1.0,65536.0,1.0,8.0,524288.0,786432.0,0.6666666666666666,1.0,0.5,0.5,1.0,0.0,0.0,51.2,3.8,1.0,2e-05,0.0300025,0.0006666111157403,0
1.0,65536.0,1.0,8.0,524288.0,786432.0,0.6666666666666666,1.0,0.25,0.25,0.0,0.0,0.0,51.2,3.8,1.0,2e-05,0.0300025,0.0006666111157403,0
1.0,65536.0,1.0,8.0,524288.0,786432.0,0.6666666666666666,1.0,0.25,0.25,1.0,0.0,0.0,51.2,3.8,1.0,2e-05,0.0300025,0.0006666111157403,0
1.0,65536.0,1.0,16.0,1048576.0,786432.0,1.3333333333333333,1.0,1.0,1.0,0.0,0.0,0.0,51.2,3.8,1.0,0.0299593142857142,0.0337449142857142,0.8878171694867036,0
1.0,65536.0,1.0,16.0,1048576.0,786432.0,1.3333333333333333,1.0,1.0,1.0,1.0,0.0,0.0,51.2,3.8,1.0,2e-05,0.0300025,0.0006666111157403,0
1.0,65536.0,1.0,16.0,1048576.0,786432.0,1.3333333333333333,1.0,0.5,0.5,0.0,0.0,0.0,51.2,3.8,1.0,0.0299593142857142,0.0337449142857142,0.8878171694867036,0
1.0,65536.0,1.0,16.0,1048576.0,786432.0,1.3333333333333333,1.0,0.5,0.5,1.0,0.0,0.0,51.2,3.8,1.0,2e-05,0.0300025,0.0006666111157403,0
1.0,65536.0,1.0,16.0,1048576.0,786432.0,1.3333333333333333,1.0,0.25,0.25,0.0,0.0,0.0,51.2,3.8,1.0,0.0299593142857142,0.0337449142857142,0.8878171694867036,0
1.0,65536.0,1.0,16.0,1048576.0,786432.0,1.3333333333333333,1.0,0.25,0.25,1.0,0.0,0.0,51.2,3.8,1.0,2e-05,0.0300025,0.0006666111157403,0
1.0,65536.0,1.0,32.0,2097152.0,786432.0,2.6666666666666665,1.0,1.0,1.0,0.0,0.0,0.0,51.2,3.8,1.0,2e-05,0.0300025,0.0006666111157403,0
1.0,65536.0,1.0,32.0,2097152.0,786432.0,2.6666666666666665,1.0,1.0,1.0,1.0,0.0,0.0,51.2,3.8,1.0,2e-05,0.0300025,0.0006666111157403,0
1.0,65536.0,1.0,32.0,2097152.0,786432.0,2.6666666666666665,1.0,0.5,0.5,0.0,0.0,0.0,51.2,3.8,1.0,2e-05,0.0300025,0.0006666111157403,0
1.0,65536.0,1.0,32.0,2097152.0,786432.0,2.6666666666666665,1.0,0.5,0.5,1.0,0.0,0.0,51.2,3.8,1.0,0.0599186285714285,0.0374898285714285,1.5982636052140615,1
1.0,65536.0,1.0,32.0,2097152.0,786432.0,2.6666666666666665,1.0,0.25,0.25,0.0,0.0,0.0,51.2,3.8,1.0,0.0599186285714285,0.0374898285714285,1.5982636052140615,1
1.0,65536.0,1.0,32.0,2097152.0,786432.0,2.6666666666666665,1.0,0.25,0.25,1.0,0.0,0.0,51.2,3.8,1.0,2e-05,0.0300025,0.0006666111157403,0
1.0,131072.0,1.0,1.0,131072.0,1572864.0,0.0833333333333333,1.0,1.0,1.0,0.0,0.0,0.0,51.2,3.8,1.0,0.0037449142857142,0.0304681142857142,0.1229125718315353,0
1.0,131072.0,1.0,1.0,131072.0,1572864.0,0.0833333333333333,1.0,1.0,1.0,1.0,0.0,0.0,51.2,3.8,1.0,0.0037449142857142,0.0304681142857142,0.1229125718315353,0
1.0,131072.0,1.0,1.0,131072.0,1572864.0,0.0833333333333333,1.0,0.5,0.5,0.0,0.0,0.0,51.2,3.8,1.0,2e-05,0.0300025,0.0006666111157403,0
1.0,131072.0,1.0,1.0,131072.0,1572864.0,0.0833333333333333,1.0,0.5,0.5,1.0,0.0,0.0,51.2,3.8,1.0,0.0037449142857142,0.0304681142857142,0.1229125718315353,0
1.0,131072.0,1.0,1.0,131072.0,1572864.0,0.0833333333333333,1.0,0.25,0.25,0.0,0.0,0.0,51.2,3.8,1.0,0.0037449142857142,0.0304681142857142,0.1229125718315353,0
1.0,131072.0,1.0,1.0,131072.0,1572864.0,0.0833333333333333,1.0,0.25,0.25,1.0,0.0,0.0,51.2,3.8,1.0,0.0037449142857142,0.0304681142857142,0.1229125718315353,0
1.0,131072.0,1.0,2.0,262144.0,1572864.0,0.1666666666666666,1.0,1.0,1.0,0.0,0.0,0.0,51.2,3.8,1.0,2e-05,0.0300025,0.0006666111157403,0
1.0,131072.0,1.0,2.0,262144.0,1572864.0,0.1666666666666666,1.0,1.0,1.0,1.0,0.0,0.0,51.2,3.8,1.0,2e-05,0.0300025,0.0006666111157403,0
1.0,131072.0,1.0,2.0,262144.0,1572864.0,0.1666666666666666,1.0,0.5,0.5,0.0,0.0,0.0,51.2,3.8,1.0,0.0074898285714285,0.0309362285714285,0.2421054187046532,0
1.0,131072.0,1.0,2.0,262144.0,1572864.0,0.1666666666666666,1.0,0.5,0.5,1.0,0.0,0.0,51.2,3.8,1.0,2e-05,0.0300025,0.0006666111157403,0
1.0,131072.0,1.0,2.0,262144.0,1572864.0,0.1666666666666666,1.0,0.25,0.25,0.0,0.0,0.0,51.2,3.8,1.0,0.0074898285714285,0.0309362285714285,0.2421054187046532,0
1.0,131072.0,1.0,2.0,262144.0,1572864.0,0.1666666666666666,1.0,0.25,0.25,1.0,0.0,0.0,51.2,3.8,1.0,2e-05,0.0300025,0.0006666111157403,0
1.0,131072.0,1.0,4.0,524288.0,1572864.0,0.3333333333333333,1.0,1.0,1.0,0.0,0.0,0.0,51.2,3.8,1.0,2e-05,0.0300025,0.0006666111157403,0
1.0,131072.0,1.0,4.0,524288.0,1572864.0,0.3333333333333333,1.0,1.0,1.0,1.0,0.0,0.0,51.2,3.8,1.0,0.0149796571428571,0.0318724571428571,0.4699875216936074,0
1.0,131072.0,1.0,4.0,524288.0,1572864.0,0.3333333333333333,1.0,0.5,0.5,0.0,0.0,0.0,51.2,3.8,1.0,0.0149796571428571,0.0318724571428571,0.4699875216936074,0
1.0,131072.0,1.0,4.0,524288.0,1572864.0,0.3333333333333333,1.0,0.5,0.5,1.0,0.0,0.0,51.2,3.8,1.0,2e-05,0.0300025,0.0006666111157403,0
1.0,131072.0,1.0,4.0,524288.0,1572864.0,0.3333333333333333,1.0,0.25,0.25,0.0,0.0,0.0,51.2,3.8,1.0,2e-05,0.0300025,0.0006666111157403,0
1.0,131072.0,1.0,4.0,524288.0,1572864.0,0.3333333333333333,1.0,0.25,0.25,1.0,0.0,0.0,51.2,3.8,1.0,0.0149796571428571,0.0318724571428571,0.4699875216936074,0
1.0,131072.0,1.0,8.0,1048576.0,1572864.0,0.6666666666666666,1.0,1.0,1.0,0.0,0.0,0.0,51.2,3.8,1.0,0.0299593142857142,0.0337449142857142,0.8878171694867036,0
1.0,131072.0,1.0,8.0,1048576.0,1572864.0,0.6666666666666666,1.0,1.0,1.0,1.0,0.0,0.0,51.2,3.8,1.0,2e-05,0.0300025,0.0006666111157403,0
1.0,131072.0,1.0,8.0,1048576.0,1572864.0,0.6666666666666666,1.0,0.5,0.5,0.0,0.0,0.0,51.2,3.8,1.0,0.0299593142857142,0.0337449142857142,0.8878171694867036,0
1.0,131072.0,1.0,8.0,1048576.0,1572864.0,0.6666666666666666,1.0,0.5,0.5,1.0,0.0,0.0,51.2,3.8,1.0,2e-05,0.0300025,0.0006666111157403,0
1.0,131072.0,1.0,8.0,1048576.0,1572864.0,0.6666666666666666,1.0,0.25,0.25,0.0,0.0,0.0,51.2,3.8,1.0,2e-05,0.0300025,0.0006666111157403,0
1.0,131072.0,1.0,8.0,1048576.0,1572864.0,0.6666666666666666,1.0,0.25,0.25,1.0,0.0,0.0,51.2,3.8,1.0,2e-05,0.0300025,0.0006666111157403,0
1.0,131072.0,1.0,16.0,2097152.0,1572864.0,1.3333333333333333,1.0,1.0,1.0,0.0,0.0,0.0,51.2,3.8,1.0,2e-05,0.0300025,0.0006666111157403,0
1.0,131072.0,1.0,16.0,2097152.0,1572864.0,1.3333333333333333,1.0,1.0,1.0,1.0,0.0,0.0,51.2,3.8,1.0,2e-05,0.0300025,0.0006666111157403,0
1.0,131072.0,1.0,16.0,2097152.0,1572864.0,1.3333333333333333,1.0,0.5,0.5,0.0,0.0,0.0,51.2,3.8,1.0,0.0599186285714285,0.0374898285714285,1.5982636052140615,1
1.0,131072.0,1.0,16.0,2097152.0,1572864.0,1.3333333333333333,1.0,0.5,0.5,1.0,0.0,0.0,51.2,3.8,1.0,2e-05,0.0300025,0.0006666111157403,0
1.0,131072.0,1.0,16.0,2097152.0,1572864.0,1.3333333333333333,1.0,0.25,0.25,0.0,0.0,0.0,51.2,3.8,1.0,2e-05,0.0300025,0.0006666111157403,0
1.0,131072.0,1.0,16.0,2097152.0,1572864.0,1.3333333333333333,1.0,0.25,0.25,1.0,0.0,0.0,51.2,3.8,1.0,0.0599186285714285,0.0374898285714285,1.5982636052140615,1
1.0,131072.0,1.0,32.0,4194304.0,1572864.0,2.6666666666666665,1.0,1.0,1.0,0.0,0.0,0.0,51.2,3.8,1.0,2e-05,0.0300025,0.0006666111157403,0
1.0,131072.0,1.0,32.0,4194304.0,1572864.0,2.6666666666666665,1.0,1.0,1.0,1.0,0.0,0.0,51.2,3.8,1.0,2e-05,0.0300025,0.0006666111157403,0
1.0,131072.0,1.0,32.0,4194304.0,1572864.0,2.6666666666666665,1.0,0.5,0.5,0.0,0.0,0.0,51.2,3.8,1.0,2e-05,0.0300025,0.0006666111157403,0
1.0,131072.0,1.0,32.0,4194304.0,1572864.0,2.6666666666666665,1.0,0.5,0.5,1.0,0.0,0.0,51.2,3.8,1.0,2e-05,0.0300025,0.0006666111157403,0
1.0,131072.0,1.0,32.0,4194304.0,1572864.0,2.6666666666666665,1.0,0.25,0.25,0.0,0.0,0.0,51.2,3.8,1.0,2e-05,0.0300025,0.0006666111157403,0
1.0,131072.0,1.0,32.0,4194304.0,1572864.0,2.6666666666666665,1.0,0.25,0.25,1.0,0.0,0.0,51.2,3.8,1.0,2e-05,0.0300025,0.0006666111157403,0
1.0,262144.0,1.0,1.0,262144.0,3145728.0,0.0833333333333333,1.0,1.0,1.0,0.0,0.0,0.0,51.2,3.8,1.0,2e-05,0.0300025,0.0006666111157403,0
1.0,262144.0,1.0,1.0,262144.0,3145728.0,0.0833333333333333,1.0,1.0,1.0,1.0,0.0,0.0,51.2,3.8,1.0,0.0074898285714285,0.0309362285714285,0.2421054187046532,0
1.0,262144.0,1.0,1.0,262144.0,3145728.0,0.0833333333333333,1.0,0.5,0.5,0.0,0.0,0.0,51.2,3.8,1.0,2e-05,0.0300025,0.0006666111157403,0
1.0,262144.0,1.0,1.0,262144.0,3145728.0,0.0833333333333333,1.0,0.5,0.5,1.0,0.0,0.0,51.2,3.8,1.0,2e-05,0.0300025,0.0006666111157403,0
1.0,262144.0,1.0,1.0,262144.0,3145728.0,0.0833333333333333,1.0,0.25,0.25,0.0,0.0,0.0,51.2,3.8,1.0,2e-05,0.0300025,0.0006666111157403,0
1.0,262144.0,1.0,1.0,262144.0,3145728.0,0.0833333333333333,1.0,0.25,0.25,1.0,0.0,0.0,51.2,3.8,1.0,0.0074898285714285,0.0309362285714285,0.2421054187046532,0
1.0,262144.0,1.0,2.0,524288.0,3145728.0,0.1666666666666666,1.0,1.0,1.0,0.0,0.0,0.0,51.2,3.8,1.0,0.0149796571428571,0.0318724571428571,0.4699875216936074,0
1.0,262144.0,1.0,2.0,524288.0,3145728.0,0.1666666666666666,1.0,1.0,1.0,1.0,0.0,0.0,51.2,3.8,1.0,2e-05,0.0300025,0.0006666111157403,0
1.0,262144.0,1.0,2.0,524288.0,3145728.0,0.1666666666666666,1.0,0.5,0.5,0.0,0.0,0.0,51.2,3.8,1.0,2e-05,0.0300025,0.0006666111157403,0
1.0,262144.0,1.0,2.0,524288.0,3145728.0,0.1666666666666666,1.0,0.5,0.5,1.0,0.0,0.0,51.2,3.8,1.0,2e-05,0.0300025,0.0006666111157403,0
1.0,262144.0,1.0,2.0,524288.0,3145728.0,0.1666666666666666,1.0,0.25,0.25,0.0,0.0,0.0,51.2,3.8,1.0,2e-05,0.0300025,0.0006666111157403,0
1.0,262144.0,1.0,2.0,524288.0,3145728.0,0.1666666666666666,1.0,0.25,0.25,1.0,0.0,0.0,51.2,3.8,1.0,0.0149796571428571,0.0318724571428571,0.4699875216936074,0
1.0,262144.0,1.0,4.0,1048576.0,3145728.0,0.3333333333333333,1.0,1.0,1.0,0.0,0.0,0.0,51.2,3.8,1.0,0.0299593142857142,0.0337449142857142,0.8878171694867036,0
1.0,262144.0,1.0,4.0,1048576.0,3145728.0,0.3333333333333333,1.0,1.0,1.0,1.0,0.0,0.0,51.2,3.8,1.0,0.0299593142857142,0.0337449142857142,0.8878171694867036,0
1.0,262144.0,1.0,4.0,1048576.0,3145728.0,0.3333333333333333,1.0,0.5,0.5,0.0,0.0,0.0,51.2,3.8,1.0,2e-05,0.0300025,0.0006666111157403,0
1.0,262144.0,1.0,4.0,1048576.0,3145728.0,0.3333333333333333,1.0,0.5,0.5,1.0,0.0,0.0,51.2,3.8,1.0,2e-05,0.0300025,0.0006666111157403,0
1.0,262144.0,1.0,4.0,1048576.0,3145728.0,0.3333333333333333,1.0,0.25,0.25,0.0,0.0,0.0,51.2,3.8,1.0,2e-05,0.0300025,0.0006666111157403,0
1.0,262144.0,1.0,4.0,1048576.0,3145728.0,0.3333333333333333,1.0,0.25,0.25,1.0,0.0,0.0,51.2,3.8,1.0,2e-05,0.0300025,0.0006666111157403,0
1.0,262144.0,1.0,8.0,2097152.0,3145728.0,0.6666666666666666,1.0,1.0,1.0,0.0,0.0,0.0,51.2,3.8,1.0,2e-05,0.0300025,0.0006666111157403,0
1.0,262144.0,1.0,8.0,2097152.0,3145728.0,0.6666666666666666,1.0,1.0,1.0,1.0,0.0,0.0,51.2,3.8,1.0,2e-05,0.0300025,0.0006666111157403,0
1.0,262144.0,1.0,8.0,2097152.0,3145728.0,0.6666666666666666,1.0,0.5,0.5,0.0,0.0,0.0,51.2,3.8,1.0,2e-05,0.0300025,0.0006666111157403,0
1.0,262144.0,1.0,8.0,2097152.0,3145728.0,0.6666666666666666,1.0,0.5,0.5,1.0,0.0,0.0,51.2,3.8,1.0,2e-05,0.0300025,0.0006666111157403,0
1.0,262144.0,1.0,8.0,2097152.0,3145728.0,0.6666666666666666,1.0,0.25,0.25,0.0,0.0,0.0,51.2,3.8,1.0,2e-05,0.0300025,0.0006666111157403,0
1.0,262144.0,1.0,8.0,2097152.0,3145728.0,0.6666666666666666,1.0,0.25,0.25,1.0,0.0,0.0,51.2,3.8,1.0,2e-05,0.0300025,0.0006666111157403,0
1.0,262144.0,1.0,16.0,4194304.0,3145728.0,1.3333333333333333,1.0,1.0,1.0,0.0,0.0,0.0,51.2,3.8,1.0,2e-05,0.0300025,0.0006666111157403,0
1.0,262144.0,1.0,16.0,4194304.0,3145728.0,1.3333333333333333,1.0,1.0,1.0,1.0,0.0,0.0,51.2,3.8,1.0,2e-05,0.0300025,0.0006666111157403,0
1.0,262144.0,1.0,16.0,4194304.0,3145728.0,1.3333333333333333,1.0,0.5,0.5,0.0,0.0,0.0,51.2,3.8,1.0,2e-05,0.0300025,0.0006666111157403,0
1.0,262144.0,1.0,16.0,4194304.0,3145728.0,1.3333333333333333,1.0,0.5,0.5,1.0,0.0,0.0,51.2,3.8,1.0,0.1198372571428571,0.0449796571428571,2.6642545709552508,1
1.0,262144.0,1.0,16.0,4194304.0,3145728.0,1.3333333333333333,1.0,0.25,0.25,0.0,0.0,0.0,51.2,3.8,1.0,2e-05,0.0300025,0.0006666111157403,0
1.0,262144.0,1.0,16.0,4194304.0,3145728.0,1.3333333333333333,1.0,0.25,0.25,1.0,0.0,0.0,51.2,3.8,1.0,0.1198372571428571,0.0449796571428571,2.6642545709552508,1
1.0,262144.0,1.0,32.0,8388608.0,3145728.0,2.6666666666666665,1.0,1.0,1.0,0.0,0.0,0.0,51.2,3.8,1.0,0.2396745142857143,0.0599593142857142,3.997285778546977,1
1.0,262144.0,1.0,32.0,8388608.0,3145728.0,2.6666666666666665,1.0,1.0,1.0,1.0,0.0,0.0,51.2,3.8,1.0,2e-05,0.0300025,0.0006666111157403,0
1.0,262144.0,1.0,32.0,8388608.0,3145728.0,2.6666666666666665,1.0,0.5,0.5,0.0,0.0,0.0,51.2,3.8,1.0,2e-05,0.0300025,0.0006666111157403,0
1.0,262144.0,1.0,32.0,8388608.0,3145728.0,2.6666666666666665,1.0,0.5,0.5,1.0,0.0,0.0,51.2,3.8,1.0,0.2396745142857143,0.0599593142857142,3.997285778546977,1
1.0,262144.0,1.0,32.0,8388608.0,3145728.0,2.6666666666666665,1.0,0.25,0.25,0.0,0.0,0.0,51.2,3.8,1.0,2e-05,0.0300025,0.0006666111157403,0
1.0,262144.0,1.0,32.0,8388608.0,3145728.0,2.6666666666666665,1.0,0.25,0.25,1.0,0.0,0.0,51.2,3.8,1.0,0.2396745142857143,0.0599593142857142,3.997285778546977,1
1.0,524288.0,1.0,1.0,524288.0,6291456.0,0.0833333333333333,1.0,1.0,1.0,0.0,0.0,0.0,51.2,3.8,1.0,0.0149796571428571,0.0318724571428571,0.4699875216936074,0
1.0,524288.0,1.0,1.0,524288.0,6291456.0,0.0833333333333333,1.0,1.0,1.0,1.0,0.0,0.0,51.2,3.8,1.0,0.0149796571428571,0.0318724571428571,0.4699875216936074,0
1.0,524288.0,1.0,1.0,524288.0,6291456.0,0.0833333333333333,1.0,0.5,0.5,0.0,0.0,0.0,51.2,3.8,1.0,2e-05,0.0300025,0.0006666111157403,0
1.0,524288.0,1.0,1.0,524288.0,6291456.0,0.0833333333333333,1.0,0.5,0.5,1.0,0.0,0.0,51.2,3.8,1.0,2e-05,0.0300025,0.0006666111157403,0
1.0,524288.0,1.0,1.0,524288.0,6291456.0,0.0833333333333333,1.0,0.25,0.25,0.0,0.0,0.0,51.2,3.8,1.0,2e-05,0.0300025,0.0006666111157403,0
1.0,524288.0,1.0,1.0,524288.0,6291456.0,0.0833333333333333,1.0,0.25,0.25,1.0,0.0,0.0,51.2,3.8,1.0,2e-05,0.0300025,0.0006666111157403,0
1.0,524288.0,1.0,2.0,1048576.0,6291456.0,0.1666666666666666,1.0,1.0,1.0,0.0,0.0,0.0,51.2,3.8,1.0,2e-05,0.0300025,0.0006666111157403,0
1.0,524288.0,1.0,2.0,1048576.0,6291456.0,0.1666666666666666,1.0,1.0,1.0,1.0,0.0,0.0,51.2,3.8,1.0,0.0299593142857142,0.0337449142857142,0.8878171694867036,0
1.0,524288.0,1.0,2.0,1048576.0,6291456.0,0.1666666666666666,1.0,0.5,0.5,0.0,0.0,0.0,51.2,3.8,1.0,2e-05,0.0300025,0.0006666111157403,0
1.0,524288.0,1.0,2.0,1048576.0,6291456.0,0.1666666666666666,1.0,0.5,0.5,1.0,0.0,0.0,51.2,3.8,1.0,2e-05,0.0300025,0.0006666111157403,0
1.0,524288.0,1.0,2.0,1048576.0,6291456.0,0.1666666666666666,1.0,0.25,0.25,0.0,0.0,0.0,51.2,3.8,1.0,0.0299593142857142,0.0337449142857142,0.8878171694867036,0
1.0,524288.0,1.0,2.0,1048576.0,6291456.0,0.1666666666666666,1.0,0.25,0.25,1.0,0.0,0.0,51.2,3.8,1.0,0.0299593142857142,0.0337449142857142,0.8878171694867036,0
1.0,524288.0,1.0,4.0,2097152.0,6291456.0,0.3333333333333333,1.0,1.0,1.0,0.0,0.0,0.0,51.2,3.8,1.0,2e-05,0.0300025,0.0006666111157403,0
1.0,524288.0,1.0,4.0,2097152.0,6291456.0,0.3333333333333333,1.0,1.0,1.0,1.0,0.0,0.0,51.2,3.8,1.0,2e-05,0.0300025,0.0006666111157403,0
1.0,524288.0,1.0,4.0,2097152.0,6291456.0,0.3333333333333333,1.0,0.5,0.5,0.0,0.0,0.0,51.2,3.8,1.0,0.0599186285714285,0.0374898285714285,1.5982636052140615,1
1.0,524288.0,1.0,4.0,2097152.0,6291456.0,0.3333333333333333,1.0,0.5,0.5,1.0,0.0,0.0,51.2,3.8,1.0,0.0599186285714285,0.0374898285714285,1.5982636052140615,1
1.0,524288.0,1.0,4.0,2097152.0,6291456.0,0.3333333333333333,1.0,0.25,0.25,0.0,0.0,0.0,51.2,3.8,1.0,0.0599186285714285,0.0374898285714285,1.5982636052140615,1
1.0,524288.0,1.0,4.0,2097152.0,6291456.0,0.3333333333333333,1.0,0.25,0.25,1.0,0.0,0.0,51.2,3.8,1.0,0.0599186285714285,0.0374898285714285,1.5982636052140615,1
1.0,524288.0,1.0,8.0,4194304.0,6291456.0,0.6666666666666666,1.0,1.0,1.0,0.0,0.0,0.0,51.2,3.8,1.0,2e-05,0.0300025,0.0006666111157403,0
1.0,524288.0,1.0,8.0,4194304.0,6291456.0,0.6666666666666666,1.0,1.0,1.0,1.0,0.0,0.0,51.2,3.8,1.0,2e-05,0.0300025,0.0006666111157403,0
1.0,524288.0,1.0,8.0,4194304.0,6291456.0,0.6666666666666666,1.0,0.5,0.5,0.0,0.0,0.0,51.2,3.8,1.0,2e-05,0.0300025,0.0006666111157403,0
1.0,524288.0,1.0,8.0,4194304.0,6291456.0,0.6666666666666666,1.0,0.5,0.5,1.0,0.0,0.0,51.2,3.8,1.0,2e-05,0.0300025,0.0006666111157403,0
1.0,524288.0,1.0,8.0,4194304.0,6291456.0,0.6666666666666666,1.0,0.25,0.25,0.0,0.0,0.0,51.2,3.8,1.0,2e-05,0.0300025,0.0006666111157403,0
1.0,524288.0,1.0,8.0,4194304.0,6291456.0,0.6666666666666666,1.0,0.25,0.25,1.0,0.0,0.0,51.2,3.8,1.0,2e-05,0.0300025,0.0006666111157403,0
1.0,524288.0,1.0,16.0,8388608.0,6291456.0,1.3333333333333333,1.0,1.0,1.0,0.0,0.0,0.0,51.2,3.8,1.0,2e-05,0.0300025,0.0006666111157403,0
1.0,524288.0,1.0,16.0,8388608.0,6291456.0,1.3333333333333333,1.0,1.0,1.0,1.0,0.0,0.0,51.2,3.8,1.0,2e-05,0.0300025,0.0006666111157403,0
1.0,524288.0,1.0,16.0,8388608.0,6291456.0,1.3333333333333333,1.0,0.5,0.5,0.0,0.0,0.0,51.2,3.8,1.0,0.2396745142857143,0.0599593142857142,3.997285778546977,1
1.0,524288.0,1.0,16.0,8388608.0,6291456.0,1.3333333333333333,1.0,0.5,0.5,1.0,0.0,0.0,51.2,3.8,1.0,2e-05,0.0300025,0.0006666111157403,0
1.0,524288.0,1.0,16.0,8388608.0,6291456.0,1.3333333333333333,1.0,0.25,0.25,0.0,0.0,0.0,51.2,3.8,1.0,2e-05,0.0300025,0.0006666111157403,0
1.0,524288.0,1.0,16.0,8388608.0,6291456.0,1.3333333333333333,1.0,0.25,0.25,1.0,0.0,0.0,51.2,3.8,1.0,0.2396745142857143,0.0599593142857142,3.997285778546977,1
1.0,524288.0,1.0,32.0,16777216.0,6291456.0,2.6666666666666665,1.0,1.0,1.0,0.0,0.0,0.0,51.2,3.8,1.0,2e-05,0.0300025,0.0006666111157403,0
1.0,524288.0,1.0,32.0,16777216.0,6291456.0,2.6666666666666665,1.0,1.0,1.0,1.0,0.0,0.0,51.2,3.8,1.0,2e-05,0.0300025,0.0006666111157403,0
1.0,524288.0,1.0,32.0,16777216.0,6291456.0,2.6666666666666665,1.0,0.5,0.5,0.0,0.0,0.0,51.2,3.8,1.0,2e-05,0.0300025,0.0006666111157403,0
1.0,524288.0,1.0,32.0,16777216.0,6291456.0,2.6666666666666665,1.0,0.5,0.5,1.0,0.0,0.0,51.2,3.8,1.0,2e-05,0.0300025,0.0006666111157403,0
1.0,524288.0,1.0,32.0,16777216.0,6291456.0,2.6666666666666665,1.0,0.25,0.25,0.0,0.0,0.0,51.2,3.8,1.0,2e-05,0.0300025,0.0006666111157403,0
1.0,524288.0,1.0,32.0,16777216.0,6291456.0,2.6666666666666665,1.0,0.25,0.25,1.0,0.0,0.0,51.2,3.8,1.0,2e-05,0.0300025,0.0006666111157403,0
1.0,1048576.0,1.0,1.0,1048576.0,12582912.0,0.0833333333333333,1.0,1.0,1.0,0.0,0.0,0.0,51.2,3.8,1.0,2e-05,0.0300025,0.0006666111157403,0
1.0,1048576.0,1.0,1.0,1048576.0,12582912.0,0.0833333333333333,1.0,1.0,1.0,1.0,0.0,0.0,51.2,3.8,1.0,2e-05,0.0300025,0.0006666111157403,0
1.0,1048576.0,1.0,1.0,1048576.0,12582912.0,0.0833333333333333,1.0,0.5,0.5,0.0,0.0,0.0,51.2,3.8,1.0,0.0299593142857142,0.0337449142857142,0.8878171694867036,0
1.0,1048576.0,1.0,1.0,1048576.0,12582912.0,0.0833333333333333,1.0,0.5,0.5,1.0,0.0,0.0,51.2,3.8,1.0,0.0299593142857142,0.0337449142857142,0.8878171694867036,0
1.0,1048576.0,1.0,1.0,1048576.0,12582912.0,0.0833333333333333,1.0,0.25,0.25,0.0,0.0,0.0,51.2,3.8,1.0,2e-05,0.0300025,0.0006666111157403,0
1.0,1048576.0,1.0,1.0,1048576.0,12582912.0,0.0833333333333333,1.0,0.25,0.25,1.0,0.0,0.0,51.2,3.8,1.0,4e-05,0.030005,0.0013331111481419,0
1.0,1048576.0,1.0,2.0,2097152.0,12582912.0,0.1666666666666666,1.0,1.0,1.0,0.0,0.0,0.0,51.2,3.8,1.0,2e-05,0.0300025,0.0006666111157403,0
1.0,1048576.0,1.0,2.0,2097152.0,12582912.0,0.1666666666666666,1.0,1.0,1.0,1.0,0.0,0.0,51.2,3.8,1.0,2e-05,0.0300025,0.0006666111157403,0
1.0,1048576.0,1.0,2.0,2097152.0,12582912.0,0.1666666666666666,1.0,0.5,0.5,0.0,0.0,0.0,51.2,3.8,1.0,2e-05,0.0300025,0.0006666111157403,0
1.0,1048576.0,1.0,2.0,2097152.0,12582912.0,0.1666666666666666,1.0,0.5,0.5,1.0,0.0,0.0,51.2,3.8,1.0,0.0599186285714285,0.0374898285714285,1.5982636052140615,1
1.0,1048576.0,1.0,2.0,2097152.0,12582912.0,0.1666666666666666,1.0,0.25,0.25,0.0,0.0,0.0,51.2,3.8,1.0,2e-05,0.0300025,0.0006666111157403,0
1.0,1048576.0,1.0,2.0,2097152.0,12582912.0,0.1666666666666666,1.0,0.25,0.25,1.0,0.0,0.0,51.2,3.8,1.0,2e-05,0.0300025,0.0006666111157403,0
1.0,1048576.0,1.0,4.0,4194304.0,12582912.0,0.3333333333333333,1.0,1.0,1.0,0.0,0.0,0.0,51.2,3.8,1.0,2e-05,0.0300025,0.0006666111157403,0
1.0,1048576.0,1.0,4.0,4194304.0,12582912.0,0.3333333333333333,1.0,1.0,1.0,1.0,0.0,0.0,51.2,3.8,1.0,2e-05,0.0300025,0.0006666111157403,0
1.0,1048576.0,1.0,4.0,4194304.0,12582912.0,0.3333333333333333,1.0,0.5,0.5,0.0,0.0,0.0,51.2,3.8,1.0,0.1198372571428571,0.0449796571428571,2.6642545709552508,1
1.0,1048576.0,1.0,4.0,4194304.0,12582912.0,0.3333333333333333,1.0,0.5,0.5,1.0,0.0,0.0,51.2,3.8,1.0,2e-05,0.0300025,0.0006666111157403,0
1.0,1048576.0,1.0,4.0,4194304.0,12582912.0,0.3333333333333333,1.0,0.25,0.25,0.0,0.0,0.0,51.2,3.8,1.0,2e-05,0.0300025,0.0006666111157403,0
1.0,1048576.0,1.0,4.0,4194304.0,12582912.0,0.3333333333333333,1.0,0.25,0.25,1.0,0.0,0.0,51.2,3.8,1.0,2e-05,0.0300025,0.0006666111157403,0
1.0,1048576.0,1.0,8.0,8388608.0,12582912.0,0.6666666666666666,1.0,1.0,1.0,0.0,0.0,0.0,51.2,3.8,1.0,2e-05,0.0300025,0.0006666111157403,0
1.0,1048576.0,1.0,8.0,8388608.0,12582912.0,0.6666666666666666,1.0,1.0,1.0,1.0,0.0,0.0,51.2,3.8,1.0,2e-05,0.0300025,0.0006666111157403,0
1.0,1048576.0,1.0,8.0,8388608.0,12582912.0,0.6666666666666666,1.0,0.5,0.5,0.0,0.0,0.0,51.2,3.8,1.0,0.2396745142857143,0.0599593142857142,3.997285778546977,1
1.0,1048576.0,1.0,8.0,8388608.0,12582912.0,0.6666666666666666,1.0,0.5,0.5,1.0,0.0,0.0,51.2,3.8,1.0,0.2396745142857143,0.0599593142857142,3.997285778546977,1
1.0,1048576.0,1.0,8.0,8388608.0,12582912.0,0.6666666666666666,1.0,0.25,0.25,0.0,0.0,0.0,51.2,3.8,1.0,2e-05,0.0300025,0.0006666111157403,0
1.0,1048576.0,1.0,8.0,8388608.0,12582912.0,0.6666666666666666,1.0,0.25,0.25,1.0,0.0,0.0,51.2,3.8,1.0,2e-05,0.0300025,0.0006666111157403,0
1.0,1048576.0,1.0,16.0,16777216.0,12582912.0,1.3333333333333333,1.0,1.0,1.0,0.0,0.0,0.0,51.2,3.8,1.0,2e-05,0.0300025,0.0006666111157403,0
1.0,1048576.0,1.0,16.0,16777216.0,12582912.0,1.3333333333333333,1.0,1.0,1.0,1.0,0.0,0.0,51.2,3.8,1.0,2e-05,0.0300025,0.0006666111157403,0
1.0,1048576.0,1.0,16.0,16777216.0,12582912.0,1.3333333333333333,1.0,0.5,0.5,0.0,0.0,0.0,51.2,3.8,1.0,0.4793490285714286,0.0899186285714285,5.330920146214736,1
1.0,1048576.0,1.0,16.0,16777216.0,12582912.0,1.3333333333333333,1.0,0.5,0.5,1.0,0.0,0.0,51.2,3.8,1.0,2e-05,0.0300025,0.0006666111157403,0
1.0,1048576.0,1.0,16.0,16777216.0,12582912.0,1.3333333333333333,1.0,0.25,0.25,0.0,0.0,0.0,51.2,3.8,1.0,0.4793490285714286,0.0899186285714285,5.330920146214736,1
1.0,1048576.0,1.0,16.0,16777216.0,12582912.0,1.3333333333333333,1.0,0.25,0.25,1.0,0.0,0.0,51.2,3.8,1.0,2e-05,0.0300025,0.0006666111157403,0
1.0,1048576.0,1.0,32.0,33554432.0,12582912.0,2.6666666666666665,1.0,1.0,1.0,0.0,0.0,0.0,51.2,3.8,1.0,2e-05,0.0300025,0.0006666111157403,0
1.0,1048576.0,1.0,32.0,33554432.0,12582912.0,2.6666666666666665,1.0,1.0,1.0,1.0,0.0,0.0,51.2,3.8,1.0,2e-05,0.0300025,0.0006666111157403,0
1.0,1048576.0,1.0,32.0,33554432.0,12582912.0,2.6666666666666665,1.0,0.5,0.5,0.0,0.0,0.0,51.2,3.8,1.0,0.9586980571428572,0.1498372571428571,6.398262190750193,1
1.0,1048576.0,1.0,32.0,33554432.0,12582912.0,2.6666666666666665,1.0,0.5,0.5,1.0,0.0,0.0,51.2,3.8,1.0,2e-05,0.0300025,0.0006666111157403,0
1.0,1048576.0,1.0,32.0,33554432.0,12582912.0,2.6666666666666665,1.0,0.25,0.25,0.0,0.0,0.0,51.2,3.8,1.0,2e-05,0.0300025,0.0006666111157403,0
1.0,1048576.0,1.0,32.0,33554432.0,12582912.0,2.6666666666666665,1.0,0.25,0.25,1.0,0.0,0.0,51.2,3.8,1.0,2e-05,0.0300025,0.0006666111157403,0
1.0,2097152.0,1.0,1.0,2097152.0,25165824.0,0.0833333333333333,1.0,1.0,1.0,0.0,0.0,0.0,51.2,3.8,1.0,0.0599186285714285,0.0374898285714285,1.5982636052140615,1
1.0,2097152.0,1.0,1.0,2097152.0,25165824.0,0.0833333333333333,1.0,1.0,1.0,1.0,0.0,0.0,51.2,3.8,1.0,2e-05,0.0300025,0.0006666111157403,0
1.0,2097152.0,1.0,1.0,2097152.0,25165824.0,0.0833333333333333,1.0,0.5,0.5,0.0,0.0,0.0,51.2,3.8,1.0,0.0599186285714285,0.0374898285714285,1.5982636052140615,1
1.0,2097152.0,1.0,1.0,2097152.0,25165824.0,0.0833333333333333,1.0,0.5,0.5,1.0,0.0,0.0,51.2,3.8,1.0,2e-05,0.0300025,0.0006666111157403,0
1.0,2097152.0,1.0,1.0,2097152.0,25165824.0,0.0833333333333333,1.0,0.25,0.25,0.0,0.0,0.0,51.2,3.8,1.0,0.0599186285714285,0.0374898285714285,1.5982636052140615,1
1.0,2097152.0,1.0,1.0,2097152.0,25165824.0,0.0833333333333333,1.0,0.25,0.25,1.0,0.0,0.0,51.2,3.8,1.0,0.0599186285714285,0.0374898285714285,1.5982636052140615,1
1.0,2097152.0,1.0,2.0,4194304.0,25165824.0,0.1666666666666666,1.0,1.0,1.0,0.0,0.0,0.0,51.2,3.8,1.0,2e-05,0.0300025,0.0006666111157403,0
1.0,2097152.0,1.0,2.0,4194304.0,25165824.0,0.1666666666666666,1.0,1.0,1.0,1.0,0.0,0.0,51.2,3.8,1.0,2e-05,0.0300025,0.0006666111157403,0
1.0,2097152.0,1.0,2.0,4194304.0,25165824.0,0.1666666666666666,1.0,0.5,0.5,0.0,0.0,0.0,51.2,3.8,1.0,2e-05,0.0300025,0.0006666111157403,0
1.0,2097152.0,1.0,2.0,4194304.0,25165824.0,0.1666666666666666,1.0,0.5,0.5,1.0,0.0,0.0,51.2,3.8,1.0,2e-05,0.0300025,0.0006666111157403,0
1.0,2097152.0,1.0,2.0,4194304.0,25165824.0,0.1666666666666666,1.0,0.25,0.25,0.0,0.0,0.0,51.2,3.8,1.0,0.1198372571428571,0.0449796571428571,2.6642545709552508,1
1.0,2097152.0,1.0,2.0,4194304.0,25165824.0,0.1666666666666666,1.0,0.25,0.25,1.0,0.0,0.0,51.2,3.8,1.0,2e-05,0.0300025,0.0006666111157403,0
1.0,2097152.0,1.0,4.0,8388608.0,25165824.0,0.3333333333333333,1.0,1.0,1.0,0.0,0.0,0.0,51.2,3.8,1.0,2e-05,0.0300025,0.0006666111157403,0
1.0,2097152.0,1.0,4.0,8388608.0,25165824.0,0.3333333333333333,1.0,1.0,1.0,1.0,0.0,0.0,51.2,3.8,1.0,2e-05,0.0300025,0.0006666111157403,0
1.0,2097152.0,1.0,4.0,8388608.0,25165824.0,0.3333333333333333,1.0,0.5,0.5,0.0,0.0,0.0,51.2,3.8,1.0,2e-05,0.0300025,0.0006666111157403,0
1.0,2097152.0,1.0,4.0,8388608.0,25165824.0,0.3333333333333333,1.0,0.5,0.5,1.0,0.0,0.0,51.2,3.8,1.0,2e-05,0.0300025,0.0006666111157403,0
1.0,2097152.0,1.0,4.0,8388608.0,25165824.0,0.3333333333333333,1.0,0.25,0.25,0.0,0.0,0.0,51.2,3.8,1.0,2e-05,0.0300025,0.0006666111157403,0
1.0,2097152.0,1.0,4.0,8388608.0,25165824.0,0.3333333333333333,1.0,0.25,0.25,1.0,0.0,0.0,51.2,3.8,1.0,2e-05,0.0300025,0.0006666111157403,0
1.0,2097152.0,1.0,8.0,16777216.0,25165824.0,0.6666666666666666,1.0,1.0,1.0,0.0,0.0,0.0,51.2,3.8,1.0,2e-05,0.0300025,0.0006666111157403,0
1.0,2097152.0,1.0,8.0,16777216.0,25165824.0,0.6666666666666666,1.0,1.0,1.0,1.0,0.0,0.0,51.2,3.8,1.0,0.4793490285714286,0.0899186285714285,5.330920146214736,1
1.0,2097152.0,1.0,8.0,16777216.0,25165824.0,0.6666666666666666,1.0,0.5,0.5,0.0,0.0,0.0,51.2,3.8,1.0,0.4793490285714286,0.0899186285714285,5.330920146214736,1
1.0,2097152.0,1.0,8.0,16777216.0,25165824.0,0.6666666666666666,1.0,0.5,0.5,1.0,0.0,0.0,51.2,3.8,1.0,2e-05,0.0300025,0.0006666111157403,0
1.0,2097152.0,1.0,8.0,16777216.0,25165824.0,0.6666666666666666,1.0,0.25,0.25,0.0,0.0,0.0,51.2,3.8,1.0,0.4793490285714286,0.0899186285714285,5.330920146214736,1
1.0,2097152.0,1.0,8.0,16777216.0,25165824.0,0.6666666666666666,1.0,0.25,0.25,1.0,0.0,0.0,51.2,3.8,1.0,0.4793490285714286,0.0899186285714285,5.330920146214736,1
1.0,2097152.0,1.0,16.0,33554432.0,25165824.0,1.3333333333333333,1.0,1.0,1.0,0.0,0.0,0.0,51.2,3.8,1.0,2e-05,0.0300025,0.0006666111157403,0
1.0,2097152.0,1.0,16.0,33554432.0,25165824.0,1.3333333333333333,1.0,1.0,1.0,1.0,0.0,0.0,51.2,3.8,1.0,2e-05,0.0300025,0.0006666111157403,0
1.0,2097152.0,1.0,16.0,33554432.0,25165824.0,1.3333333333333333,1.0,0.5,0.5,0.0,0.0,0.0,51.2,3.8,1.0,0.9586980571428572,0.1498372571428571,6.398262190750193,1
1.0,2097152.0,1.0,16.0,33554432.0,25165824.0,1.3333333333333333,1.0,0.5,0.5,1.0,0.0,0.0,51.2,3.8,1.0,2e-05,0.0300025,0.0006666111157403,0
1.0,2097152.0,1.0,16.0,33554432.0,25165824.0,1.3333333333333333,1.0,0.25,0.25,0.0,0.0,0.0,51.2,3.8,1.0,0.9586980571428572,0.1498372571428571,6.398262190750193,1
1.0,2097152.0,1.0,16.0,33554432.0,25165824.0,1.3333333333333333,1.0,0.25,0.25,1.0,0.0,0.0,51.2,3.8,1.0,2e-05,0.0300025,0.0006666111157403,0
1.0,2097152.0,1.0,32.0,67108864.0,25165824.0,2.6666666666666665,1.0,1.0,1.0,0.0,0.0,0.0,51.2,3.8,1.0,1.9173961142857143,0.2696745142857143,7.110038259878999,1
1.0,2097152.0,1.0,32.0,67108864.0,25165824.0,2.6666666666666665,1.0,1.0,1.0,1.0,0.0,0.0,51.2,3.8,1.0,1.9173961142857143,0.2696745142857143,7.110038259878999,1
1.0,2097152.0,1.0,32.0,67108864.0,25165824.0,2.6666666666666665,1.0,0.5,0.5,0.0,0.0,0.0,51.2,3.8,1.0,2e-05,0.0300025,0.0006666111157403,0
1.0,2097152.0,1.0,32.0,67108864.0,25165824.0,2.6666666666666665,1.0,0.5,0.5,1.0,0.0,0.0,51.2,3.8,1.0,2e-05,0.0300025,0.0006666111157403,0
1.0,2097152.0,1.0,32.0,67108864.0,25165824.0,2.6666666666666665,1.0,0.25,0.25,0.0,0.0,0.0,51.2,3.8,1.0,1.9173961142857143,0.2696745142857143,7.110038259878999,1
1.0,2097152.0,1.0,32.0,67108864.0,25165824.0,2.6666666666666665,1.0,0.25,0.25,1.0,0.0,0.0,51.2,3.8,1.0,1.9173961142857143,0.2696745142857143,7.110038259878999,1
1.0,32768.0,3.0,11.0,65536.0,12288.0,5.333333333333333,4000.0,0.4,0.5,0.0,1.0,1.0,16.0,12.7,0.0,0.024805,0.026752,0.927220394736842,0
1.0,262144.0,3.0,11.0,524288.0,49152.0,10.666666666666666,4000.0,0.4,0.5,0.0,1.0,1.0,16.0,12.7,0.0,0.222607,0.046784,4.758186559507524,1
1.0,884736.0,3.0,11.0,1769472.0,110592.0,16.0,4000.0,0.4,0.5,0.0,1.0,1.0,16.0,12.7,0.0,0.895996,0.099712,8.985839216944802,1
1.0,2097152.0,3.0,11.0,4194304.0,196608.0,21.33333333333333,4000.0,0.4,0.5,0.0,1.0,1.0,16.0,12.7,0.0,2.296826,0.2080959999999999,11.03733853606028,1
1.0,7077888.0,3.0,11.0,14155776.0,442368.0,32.0,4000.0,0.4,0.5,0.0,1.0,1.0,16.0,12.7,0.0,8.44502,0.60048,14.063782307487342,1
1.0,16777216.0,3.0,11.0,33554432.0,786432.0,42.66666666666666,4000.0,0.4,0.5,0.0,1.0,1.0,16.0,12.7,0.0,20.242627,1.412064,14.335488334806351,1
1.0,56623104.0,3.0,11.0,113246208.0,1769472.0,64.0,4000.0,0.4,0.5,0.0,1.0,1.0,16.0,12.7,0.0,71.91958,4.363327999999999,16.482735196620563,1
1.0,134217728.0,3.0,11.0,268435456.0,3145728.0,85.33333333333333,4000.0,0.4,0.5,0.0,1.0,1.0,16.0,12.7,0.0,185.445996,12.383679999999998,14.975031331558958,1
1.0,452984832.0,3.0,11.0,905969664.0,7077888.0,128.0,4000.0,0.4,0.5,0.0,1.0,1.0,16.0,12.7,0.0,799.177393,41.806368,19.11616414513693,1
1.0,1073741824.0,3.0,11.0,2147483648.0,12582912.0,170.66666666666666,4000.0,0.4,0.5,0.0,1.0,1.0,16.0,12.7,0.0,337.4617161142857,98.165312,3.437688010549854,1
1.0,32768.0,3.0,10.0,65536.0,12288.0,5.333333333333333,3000.0,0.4,0.5,0.0,1.0,1.0,16.0,12.7,0.0,0.0093622857142857,0.027648,0.3386243386243386,0
1.0,262144.0,3.0,10.0,524288.0,49152.0,10.666666666666666,3000.0,0.4,0.5,0.0,1.0,1.0,16.0,12.7,0.0,0.0748982857142857,0.051328,1.4592091200570003,1
1.0,884736.0,3.0,10.0,1769472.0,110592.0,16.0,3000.0,0.4,0.5,0.0,1.0,1.0,16.0,12.7,0.0,0.2527817142857143,0.100416,2.517344987708276,1
1.0,2097152.0,3.0,10.0,4194304.0,196608.0,21.33333333333333,3000.0,0.4,0.5,0.0,1.0,1.0,16.0,12.7,0.0,0.5991862857142857,0.211712,2.830195197788909,1
1.0,7077888.0,3.0,10.0,14155776.0,442368.0,32.0,3000.0,0.4,0.5,0.0,1.0,1.0,16.0,12.7,0.0,2.022253714285714,0.596672,3.389221740396255,1
1.0,16777216.0,3.0,10.0,33554432.0,786432.0,42.66666666666666,3000.0,0.4,0.5,0.0,1.0,1.0,16.0,12.7,0.0,4.793490285714285,1.413632,3.390903916800331,1
1.0,56623104.0,3.0,10.0,113246208.0,1769472.0,64.0,3000.0,0.4,0.5,0.0,1.0,1.0,16.0,12.7,0.0,16.178029714285714,4.365408,3.705960522884851,1
1.0,134217728.0,3.0,10.0,268435456.0,3145728.0,85.33333333333333,3000.0,0.4,0.5,0.0,1.0,1.0,16.0,12.7,0.0,38.34792228571428,10.11344,3.791778295586297,1
1.0,4096.0,2.0,7.0,28672.0,49152.0,0.5833333333333334,4.0,0.4,0.5,0.0,1.0,1.0,16.0,12.7,0.0,0.006201,0.051424,0.1205857187305538,0
1.0,16384.0,2.0,7.0,114688.0,196608.0,0.5833333333333334,4.0,0.4,0.5,0.0,1.0,1.0,16.0,12.7,0.0,0.026416,0.2104,0.125551330798479,0
1.0,65536.0,2.0,7.0,458752.0,786432.0,0.5833333333333334,4.0,0.4,0.5,0.0,1.0,1.0,16.0,12.7,0.0,0.12998,1.40608,0.0924413973600364,0
1.0,262144.0,2.0,7.0,1835008.0,3145728.0,0.5833333333333334,4.0,0.4,0.5,0.0,1.0,1.0,16.0,12.7,0.0,0.414209,10.083104,0.0410795128166882,0
1.0,1048576.0,2.0,7.0,7340032.0,12582912.0,0.5833333333333334,4.0,0.4,0.5,0.0,1.0,1.0,16.0,12.7,0.0,1.471777,80.37632,0.0183110771928846,0
1.0,4194304.0,2.0,7.0,29360128.0,50331648.0,0.5833333333333334,4.0,0.4,0.5,0.0,1.0,1.0,16.0,12.7,0.0,5.842041,449.6233600000001,0.0129931883432391,0
1.0,16777216.0,2.0,7.0,117440512.0,201326592.0,0.5833333333333334,4.0,0.4,0.5,0.0,1.0,1.0,16.0,12.7,0.0,22.386572,3325.05792,0.006732686328664,0
1.0,4096.0,2.0,4.0,16384.0,49152.0,0.3333333333333333,2.0,1.0,0.5,0.0,0.0,1.0,16.0,12.7,0.0,0.002393,0.008708,0.2748047772163527,0
1.0,16384.0,2.0,4.0,65536.0,196608.0,0.3333333333333333,2.0,1.0,0.5,0.0,0.0,1.0,16.0,12.7,0.0,0.037598,0.0242919999999999,1.5477523464515068,1
1.0,65536.0,2.0,4.0,262144.0,786432.0,0.3333333333333333,2.0,1.0,0.5,0.0,0.0,1.0,16.0,12.7,0.0,0.234814,0.068996,3.403298741956055,1
1.0,262144.0,2.0,4.0,1048576.0,3145728.0,0.3333333333333333,2.0,1.0,0.5,0.0,0.0,1.0,16.0,12.7,0.0,1.013623,0.25642,3.952979486779504,1
1.0,1048576.0,2.0,4.0,4194304.0,12582912.0,0.3333333333333333,2.0,1.0,0.5,0.0,0.0,1.0,16.0,12.7,0.0,5.370605,2.318724,2.316189852694845,1
1.0,4194304.0,2.0,4.0,16777216.0,50331648.0,0.3333333333333333,2.0,1.0,0.5,0.0,0.0,1.0,16.0,12.7,0.0,40.766211,11.792036,3.457096891495243,1
1.0,4096.0,2.0,12.0,49152.0,49152.0,1.0,12.0,0.4,0.5,0.0,1.0,1.0,16.0,12.7,0.0,0.091992,0.02896,3.176519337016575,1
1.0,16384.0,2.0,12.0,196608.0,196608.0,1.0,12.0,0.4,0.5,0.0,1.0,1.0,16.0,12.7,0.0,1.773242,0.056352,31.467241624077225,1
1.0,65536.0,2.0,12.0,786432.0,786432.0,1.0,12.0,0.4,0.5,0.0,1.0,1.0,16.0,12.7,0.0,1.691602,0.136928,12.353952442159384,1
1.0,262144.0,2.0,12.0,3145728.0,3145728.0,1.0,12.0,0.4,0.5,0.0,1.0,1.0,16.0,12.7,0.0,6.845996,0.491936,13.916436284394718,1
1.0,1048576.0,2.0,12.0,12582912.0,12582912.0,1.0,12.0,0.4,0.5,0.0,1.0,1.0,16.0,12.7,0.0,28.342041,3.268256,8.671915847473391,1
1.0,4194304.0,2.0,12.0,50331648.0,50331648.0,1.0,12.0,0.4,0.5,0.0,1.0,1.0,16.0,12.7,0.0,112.769971,21.670912,5.203748277875891,1
1.0,4096.0,2.0,75.0,307200.0,49152.0,6.25,13.0,1.0,0.5,0.0,0.0,1.0,16.0,12.7,0.0,0.0087771428571428,0.010436,0.841044735257077,0
1.0,16384.0,2.0,75.0,1228800.0,196608.0,6.25,13.0,1.0,0.5,0.0,0.0,1.0,16.0,12.7,0.0,0.0351085714285714,0.0265959999999999,1.3200696130460006,1
1.0,65536.0,2.0,75.0,4915200.0,786432.0,6.25,13.0,1.0,0.5,0.0,0.0,1.0,16.0,12.7,0.0,0.1404342857142857,0.071204,1.9722808509955296,1
1.0,262144.0,2.0,75.0,19660800.0,3145728.0,6.25,13.0,1.0,0.5,0.0,0.0,1.0,16.0,12.7,0.0,0.5617371428571428,0.25914,2.1676975490358217,1
1.0,1048576.0,2.0,75.0,78643200.0,12582912.0,6.25,13.0,1.0,0.5,0.0,0.0,1.0,16.0,12.7,0.0,2.246948571428572,2.33674,0.961574061054534,0
1.0,4194304.0,2.0,75.0,314572800.0,50331648.0,6.25,13.0,1.0,0.5,0.0,0.0,1.0,16.0,12.7,0.0,8.987794285714285,11.302692,0.7951905869605476,0
1.0,4096.0,2.0,21.0,86016.0,49152.0,1.75,6.0,1.0,0.5,0.0,0.0,1.0,16.0,12.7,0.0,0.004785,0.011588,0.4129271660338281,0
1.0,16384.0,2.0,21.0,344064.0,196608.0,1.75,6.0,1.0,0.5,0.0,0.0,1.0,16.0,12.7,0.0,0.022998,0.02682,0.8574944071588367,0
1.0,65536.0,2.0,21.0,1376256.0,786432.0,1.75,6.0,1.0,0.5,0.0,0.0,1.0,16.0,12.7,0.0,0.075781,0.070564,1.0739328836233772,0
1.0,262144.0,2.0,21.0,5505024.0,3145728.0,1.75,6.0,1.0,0.5,0.0,0.0,1.0,16.0,12.7,0.0,0.335791,0.260036,1.291325047301143,1
1.0,1048576.0,2.0,21.0,22020096.0,12582912.0,1.75,6.0,1.0,0.5,0.0,0.0,1.0,16.0,12.7,0.0,1.893018,2.36042,0.80198354530126,0
1.0,4194304.0,2.0,21.0,88080384.0,50331648.0,1.75,6.0,1.0,0.5,0.0,0.0,1.0,16.0,12.7,0.0,5.405566,10.318948,0.5238485551046482,0
1.0,1024.0,1.0,1.0,1024.0,12288.0,0.0833333333333333,3.0,1.0,1.0,0.0,0.0,1.0,16.0,12.7,0.0,0.000586,0.02657325,0.0220522517945678,0
1.0,8192.0,1.0,1.0,8192.0,98304.0,0.0833333333333333,3.0,1.0,1.0,0.0,0.0,1.0,16.0,12.7,0.0,0.005176,0.037647,0.1374877148245544,0
1.0,65536.0,1.0,1.0,65536.0,786432.0,0.0833333333333333,3.0,1.0,1.0,0.0,0.0,1.0,16.0,12.7,0.0,0.042773,0.126346625,0.338536941528909,0
1.0,262144.0,1.0,1.0,262144.0,3145728.0,0.0833333333333333,3.0,1.0,1.0,0.0,0.0,1.0,16.0,12.7,0.0,0.183594,0.43194925,0.4250360430073672,0
1.0,1048576.0,1.0,1.0,1048576.0,12582912.0,0.0833333333333333,3.0,1.0,1.0,0.0,0.0,1.0,16.0,12.7,0.0,0.818018,1.66325225,0.4918183636907751,0
1.0,4194304.0,1.0,1.0,4194304.0,50331648.0,0.0833333333333333,3.0,1.0,1.0,0.0,0.0,1.0,16.0,12.7,0.0,6.110596,6.932824500000001,0.8814006470234461,0
1.0,1024.0,1.0,2.0,2048.0,12288.0,0.1666666666666666,3.0,1.0,1.0,0.0,0.0,1.0,16.0,12.7,0.0,0.001172,0.0261465,0.0448243550762052,0
1.0,8192.0,1.0,2.0,16384.0,98304.0,0.1666666666666666,3.0,1.0,1.0,0.0,0.0,1.0,16.0,12.7,0.0,0.010986,0.03437325,0.3196089982762758,0
1.0,65536.0,1.0,2.0,131072.0,786432.0,0.1666666666666666,3.0,1.0,1.0,0.0,0.0,1.0,16.0,12.7,0.0,0.080176,0.099022,0.8096786572680819,0
1.0,262144.0,1.0,2.0,524288.0,3145728.0,0.1666666666666666,3.0,1.0,1.0,0.0,0.0,1.0,16.0,12.7,0.0,0.195605,0.305450625,0.6403817310899265,0
1.0,1048576.0,1.0,2.0,2097152.0,12582912.0,0.1666666666666666,3.0,1.0,1.0,0.0,0.0,1.0,16.0,12.7,0.0,0.751807,1.142975875,0.6577627896126855,0
1.0,4194304.0,1.0,2.0,8388608.0,50331648.0,0.1666666666666666,3.0,1.0,1.0,0.0,0.0,1.0,16.0,12.7,0.0,3.417383,4.548172875000001,0.7513749133821127,0
1.0,1024.0,1.0,4.0,4096.0,12288.0,0.3333333333333333,7.0,1.0,1.0,1.0,0.0,1.0,16.0,12.7,0.0,0.000781,0.026597625,0.0293635239988532,0
1.0,8192.0,1.0,4.0,32768.0,98304.0,0.3333333333333333,7.0,1.0,1.0,1.0,0.0,1.0,16.0,12.7,0.0,0.007617,0.037952125,0.200700224295741,0
1.0,65536.0,1.0,4.0,262144.0,786432.0,0.3333333333333333,7.0,1.0,1.0,1.0,0.0,1.0,16.0,12.7,0.0,0.089014,0.13212675,0.673701578219399,0
1.0,262144.0,1.0,4.0,1048576.0,3145728.0,0.3333333333333333,7.0,1.0,1.0,1.0,0.0,1.0,16.0,12.7,0.0,0.289795,0.445224375,0.6508965282954241,0
1.0,1048576.0,1.0,4.0,4194304.0,12582912.0,0.3333333333333333,7.0,1.0,1.0,1.0,0.0,1.0,16.0,12.7,0.0,1.837207,1.790650875,1.0259995544916036,0
1.0,2097152.0,1.0,4.0,8388608.0,25165824.0,0.3333333333333333,7.0,1.0,1.0,1.0,0.0,1.0,16.0,12.7,0.0,2.31499,3.38637375,0.6836191663722883,0
1.0,1024.0,1.0,6.0,6144.0,12288.0,0.5,3.0,1.0,0.5,0.0,0.0,1.0,16.0,12.7,0.0,0.000781,0.026097625,0.0299260948074776,0
1.0,8192.0,1.0,6.0,49152.0,98304.0,0.5,3.0,1.0,0.5,0.0,0.0,1.0,16.0,12.7,0.0,0.005762,0.03372025,0.1708765504407589,0
1.0,65536.0,1.0,6.0,393216.0,786432.0,0.5,3.0,1.0,0.5,0.0,0.0,1.0,16.0,12.7,0.0,0.068408,0.097551,0.7012537031911513,0
1.0,262144.0,1.0,6.0,1572864.0,3145728.0,0.5,3.0,1.0,0.5,0.0,0.0,1.0,16.0,12.7,0.0,0.456641,0.338080125,1.350688686594635,1
1.0,1048576.0,1.0,6.0,6291456.0,12582912.0,0.5,3.0,1.0,0.5,0.0,0.0,1.0,16.0,12.7,0.0,1.465381,1.232172625,1.189265992660728,1
1.0,1024.0,1.0,12.0,12288.0,12288.0,1.0,3.0,1.0,1.0,0.0,0.0,1.0,16.0,12.7,0.0,0.001,0.026125,0.0382775119617224,0
1.0,8192.0,1.0,12.0,98304.0,98304.0,1.0,3.0,1.0,1.0,0.0,0.0,1.0,16.0,12.7,0.0,0.0028086857142857,0.0333510857142857,0.0842157205419742,0
1.0,65536.0,1.0,12.0,786432.0,786432.0,1.0,3.0,1.0,1.0,0.0,0.0,1.0,16.0,12.7,0.0,0.0224694857142857,0.0918086857142857,0.2447424831264019,0
1.0,262144.0,1.0,12.0,3145728.0,3145728.0,1.0,3.0,1.0,1.0,0.0,0.0,1.0,16.0,12.7,0.0,0.0898779428571428,0.2922347428571429,0.3075539272928925,0
1.0,1048576.0,1.0,12.0,12582912.0,12582912.0,1.0,3.0,1.0,1.0,0.0,0.0,1.0,16.0,12.7,0.0,0.3595117714285714,1.0939389714285714,0.3286396963800331,0
1.0,256.0,2.0,5.0,1280.0,3072.0,0.4166666666666667,4.0,0.4,0.5,1.0,0.0,1.0,16.0,12.7,0.0,0.000244,0.003972,0.0614300100704934,0
1.0,1024.0,2.0,5.0,5120.0,12288.0,0.4166666666666667,4.0,0.4,0.5,1.0,0.0,1.0,16.0,12.7,0.0,0.000781,0.006724,0.1161511005353956,0
1.0,4096.0,2.0,5.0,20480.0,49152.0,0.4166666666666667,4.0,0.4,0.5,1.0,0.0,1.0,16.0,12.7,0.0,0.005176,0.008228,0.6290714632960621,0
1.0,16384.0,2.0,5.0,81920.0,196608.0,0.4166666666666667,4.0,0.4,0.5,1.0,0.0,1.0,16.0,12.7,0.0,0.017822,0.027012,0.6597808381460092,0
1.0,65536.0,2.0,5.0,327680.0,786432.0,0.4166666666666667,4.0,0.4,0.5,1.0,0.0,1.0,16.0,12.7,0.0,0.085791,0.0713,1.2032398316970547,1
1.0,262144.0,2.0,5.0,1310720.0,3145728.0,0.4166666666666667,4.0,0.4,0.5,1.0,0.0,1.0,16.0,12.7,0.0,0.531641,0.257412,2.065331064596833,1
1.0,1048576.0,2.0,5.0,5242880.0,12582912.0,0.4166666666666667,4.0,0.4,0.5,1.0,0.0,1.0,16.0,12.7,0.0,3.362012,2.378404,1.4135579993979157,1
1.0,256.0,2.0,5.0,1280.0,3072.0,0.4166666666666667,4.0,0.4,0.5,0.0,1.0,1.0,16.0,12.7,0.0,0.000195,0.004708,0.0414188615123194,0
1.0,1024.0,2.0,5.0,5120.0,12288.0,0.4166666666666667,4.0,0.4,0.5,0.0,1.0,1.0,16.0,12.7,0.0,0.001221,0.006148,0.1986011711125569,0
1.0,4096.0,2.0,5.0,20480.0,49152.0,0.4166666666666667,4.0,0.4,0.5,0.0,1.0,1.0,16.0,12.7,0.0,0.003369,0.010212,0.3299059929494712,0
1.0,16384.0,2.0,5.0,81920.0,196608.0,0.4166666666666667,4.0,0.4,0.5,0.0,1.0,1.0,16.0,12.7,0.0,0.017383,0.025796,0.6738641649868197,0
1.0,65536.0,2.0,5.0,327680.0,786432.0,0.4166666666666667,4.0,0.4,0.5,0.0,1.0,1.0,16.0,12.7,0.0,0.077197,0.0713,1.0827068723702664,0
1.0,262144.0,2.0,5.0,1310720.0,3145728.0,0.4166666666666667,4.0,0.4,0.5,0.0,1.0,1.0,16.0,12.7,0.0,0.45,0.257476,1.747735711289596,1
1.0,1048576.0,2.0,5.0,5242880.0,12582912.0,0.4166666666666667,4.0,0.4,0.5,0.0,1.0,1.0,16.0,12.7,0.0,3.721777,2.43514,1.5283626403410069,1
1.0,256.0,2.0,10.0,2560.0,3072.0,0.8333333333333334,3.0,1.0,0.5,0.0,0.0,1.0,16.0,12.7,0.0,0.000195,0.024352,0.0080075558475689,0
1.0,1024.0,2.0,10.0,10240.0,12288.0,0.8333333333333334,3.0,1.0,0.5,0.0,0.0,1.0,16.0,12.7,0.0,0.001172,0.017952,0.0652852049910873,0
1.0,4096.0,2.0,10.0,40960.0,49152.0,0.8333333333333334,3.0,1.0,0.5,0.0,0.0,1.0,16.0,12.7,0.0,0.003809,0.024608,0.1547870611183354,0
1.0,16384.0,2.0,10.0,163840.0,196608.0,0.8333333333333334,3.0,1.0,0.5,0.0,0.0,1.0,16.0,12.7,0.0,0.016211,0.041696,0.3887902916346891,0
1.0,65536.0,2.0,10.0,655360.0,786432.0,0.8333333333333334,3.0,1.0,0.5,0.0,0.0,1.0,16.0,12.7,0.0,0.06499,0.1017599999999999,0.6386595911949687,0
1.0,262144.0,2.0,10.0,2621440.0,3145728.0,0.8333333333333334,3.0,1.0,0.5,0.0,0.0,1.0,16.0,12.7,0.0,0.272998,0.335936,0.8126488378738808,0
1.0,1024.0,1.0,1.0,1024.0,12288.0,0.0833333333333333,1.0,1.0,1.0,0.0,0.0,1.0,16.0,12.7,0.0,0.000586,0.02084125,0.0281173154201403,0
1.0,1024.0,1.0,1.0,1024.0,12288.0,0.0833333333333333,1.0,1.0,1.0,1.0,0.0,1.0,16.0,12.7,0.0,0.00083,0.02087175,0.0397666702600404,0
1.0,1024.0,1.0,1.0,1024.0,12288.0,0.0833333333333333,1.0,0.5,0.5,0.0,0.0,1.0,16.0,12.7,0.0,0.000781,0.020865625,0.0374299835255354,0
1.0,1024.0,1.0,1.0,1024.0,12288.0,0.0833333333333333,1.0,0.5,0.5,1.0,0.0,1.0,16.0,12.7,0.0,0.000586,0.02084125,0.0281173154201403,0
1.0,1024.0,1.0,1.0,1024.0,12288.0,0.0833333333333333,1.0,0.25,0.25,0.0,0.0,1.0,16.0,12.7,0.0,0.001172,0.0209145,0.0560376772095914,0
1.0,1024.0,1.0,1.0,1024.0,12288.0,0.0833333333333333,1.0,0.25,0.25,1.0,0.0,1.0,16.0,12.7,0.0,0.00083,0.02087175,0.0397666702600404,0
1.0,1024.0,1.0,2.0,2048.0,12288.0,0.1666666666666666,1.0,1.0,1.0,0.0,0.0,1.0,16.0,12.7,0.0,0.000781,0.020865625,0.0374299835255354,0
1.0,1024.0,1.0,2.0,2048.0,12288.0,0.1666666666666666,1.0,1.0,1.0,1.0,0.0,1.0,16.0,12.7,0.0,0.00083,0.02087175,0.0397666702600404,0
1.0,1024.0,1.0,2.0,2048.0,12288.0,0.1666666666666666,1.0,0.5,0.5,0.0,0.0,1.0,16.0,12.7,0.0,0.000635,0.020847375,0.0304594703170063,0
1.0,1024.0,1.0,2.0,2048.0,12288.0,0.1666666666666666,1.0,0.5,0.5,1.0,0.0,1.0,16.0,12.7,0.0,0.000781,0.020865625,0.0374299835255354,0
1.0,1024.0,1.0,2.0,2048.0,12288.0,0.1666666666666666,1.0,0.25,0.25,0.0,0.0,1.0,16.0,12.7,0.0,0.000586,0.02084125,0.0281173154201403,0
1.0,1024.0,1.0,2.0,2048.0,12288.0,0.1666666666666666,1.0,0.25,0.25,1.0,0.0,1.0,16.0,12.7,0.0,0.000586,0.02084125,0.0281173154201403,0
1.0,1024.0,1.0,4.0,4096.0,12288.0,0.3333333333333333,1.0,1.0,1.0,0.0,0.0,1.0,16.0,12.7,0.0,0.000781,0.020865625,0.0374299835255354,0
1.0,1024.0,1.0,4.0,4096.0,12288.0,0.3333333333333333,1.0,1.0,1.0,1.0,0.0,1.0,16.0,12.7,0.0,0.001758,0.02098775,0.0837631475503567,0
1.0,1024.0,1.0,4.0,4096.0,12288.0,0.3333333333333333,1.0,0.5,0.5,0.0,0.0,1.0,16.0,12.7,0.0,0.000781,0.020865625,0.0374299835255354,0
1.0,1024.0,1.0,4.0,4096.0,12288.0,0.3333333333333333,1.0,0.5,0.5,1.0,0.0,1.0,16.0,12.7,0.0,0.000781,0.020865625,0.0374299835255354,0
1.0,1024.0,1.0,4.0,4096.0,12288.0,0.3333333333333333,1.0,0.25,0.25,0.0,0.0,1.0,16.0,12.7,0.0,0.001221,0.020920625,0.0583634571146894,0
1.0,1024.0,1.0,4.0,4096.0,12288.0,0.3333333333333333,1.0,0.25,0.25,1.0,0.0,1.0,16.0,12.7,0.0,0.00083,0.02087175,0.0397666702600404,0
1.0,1024.0,1.0,8.0,8192.0,12288.0,0.6666666666666666,1.0,1.0,1.0,0.0,0.0,1.0,16.0,12.7,0.0,0.001221,0.020920625,0.0583634571146894,0
1.0,1024.0,1.0,8.0,8192.0,12288.0,0.6666666666666666,1.0,1.0,1.0,1.0,0.0,1.0,16.0,12.7,0.0,0.001611,0.020969375,0.0768263241036034,0
1.0,1024.0,1.0,8.0,8192.0,12288.0,0.6666666666666666,1.0,0.5,0.5,0.0,0.0,1.0,16.0,12.7,0.0,0.001221,0.020920625,0.0583634571146894,0
1.0,1024.0,1.0,8.0,8192.0,12288.0,0.6666666666666666,1.0,0.5,0.5,1.0,0.0,1.0,16.0,12.7,0.0,0.001611,0.020969375,0.0768263241036034,0
1.0,1024.0,1.0,8.0,8192.0,12288.0,0.6666666666666666,1.0,0.25,0.25,0.0,0.0,1.0,16.0,12.7,0.0,0.001172,0.0209145,0.0560376772095914,0
1.0,1024.0,1.0,8.0,8192.0,12288.0,0.6666666666666666,1.0,0.25,0.25,1.0,0.0,1.0,16.0,12.7,0.0,0.001416,0.020945,0.0676056338028169,0
1.0,1024.0,1.0,16.0,16384.0,12288.0,1.3333333333333333,1.0,1.0,1.0,0.0,0.0,1.0,16.0,12.7,0.0,0.001367,0.020938875,0.0652852648482786,0
1.0,1024.0,1.0,16.0,16384.0,12288.0,1.3333333333333333,1.0,1.0,1.0,1.0,0.0,1.0,16.0,12.7,0.0,0.001416,0.020945,0.0676056338028169,0
1.0,1024.0,1.0,16.0,16384.0,12288.0,1.3333333333333333,1.0,0.5,0.5,0.0,0.0,1.0,16.0,12.7,0.0,0.001172,0.0209145,0.0560376772095914,0
1.0,1024.0,1.0,16.0,16384.0,12288.0,1.3333333333333333,1.0,0.5,0.5,1.0,0.0,1.0,16.0,12.7,0.0,0.001416,0.020945,0.0676056338028169,0
1.0,1024.0,1.0,16.0,16384.0,12288.0,1.3333333333333333,1.0,0.25,0.25,0.0,0.0,1.0,16.0,12.7,0.0,0.001221,0.020920625,0.0583634571146894,0
1.0,1024.0,1.0,16.0,16384.0,12288.0,1.3333333333333333,1.0,0.25,0.25,1.0,0.0,1.0,16.0,12.7,0.0,0.001416,0.020945,0.0676056338028169,0
1.0,1024.0,1.0,32.0,32768.0,12288.0,2.6666666666666665,1.0,1.0,1.0,0.0,0.0,1.0,16.0,12.7,0.0,0.001172,0.0209145,0.0560376772095914,0
1.0,1024.0,1.0,32.0,32768.0,12288.0,2.6666666666666665,1.0,1.0,1.0,1.0,0.0,1.0,16.0,12.7,0.0,0.003418,0.02119525,0.1612625470329437,0
1.0,1024.0,1.0,32.0,32768.0,12288.0,2.6666666666666665,1.0,0.5,0.5,0.0,0.0,1.0,16.0,12.7,0.0,0.001172,0.0209145,0.0560376772095914,0
1.0,1024.0,1.0,32.0,32768.0,12288.0,2.6666666666666665,1.0,0.5,0.5,1.0,0.0,1.0,16.0,12.7,0.0,0.000781,0.020865625,0.0374299835255354,0
1.0,1024.0,1.0,32.0,32768.0,12288.0,2.6666666666666665,1.0,0.25,0.25,0.0,0.0,1.0,16.0,12.7,0.0,0.000586,0.02084125,0.0281173154201403,0
1.0,1024.0,1.0,32.0,32768.0,12288.0,2.6666666666666665,1.0,0.25,0.25,1.0,0.0,1.0,16.0,12.7,0.0,0.000781,0.020865625,0.0374299835255354,0
1.0,4096.0,1.0,1.0,4096.0,49152.0,0.0833333333333333,1.0,1.0,1.0,0.0,0.0,1.0,16.0,12.7,0.0,0.002588,0.0233955,0.1106195635912889,0
1.0,4096.0,1.0,1.0,4096.0,49152.0,0.0833333333333333,1.0,1.0,1.0,1.0,0.0,1.0,16.0,12.7,0.0,0.002588,0.0233955,0.1106195635912889,0
1.0,4096.0,1.0,1.0,4096.0,49152.0,0.0833333333333333,1.0,0.5,0.5,0.0,0.0,1.0,16.0,12.7,0.0,0.002637,0.023401625,0.1126844823810312,0
1.0,4096.0,1.0,1.0,4096.0,49152.0,0.0833333333333333,1.0,0.5,0.5,1.0,0.0,1.0,16.0,12.7,0.0,0.002588,0.0233955,0.1106195635912889,0
1.0,4096.0,1.0,1.0,4096.0,49152.0,0.0833333333333333,1.0,0.25,0.25,0.0,0.0,1.0,16.0,12.7,0.0,0.003223,0.023474875,0.1372957257493384,0
1.0,4096.0,1.0,1.0,4096.0,49152.0,0.0833333333333333,1.0,0.25,0.25,1.0,0.0,1.0,16.0,12.7,0.0,0.002783,0.023419875,0.1188306940152327,0
1.0,4096.0,1.0,2.0,8192.0,49152.0,0.1666666666666666,1.0,1.0,1.0,0.0,0.0,1.0,16.0,12.7,0.0,0.002637,0.023401625,0.1126844823810312,0
1.0,4096.0,1.0,2.0,8192.0,49152.0,0.1666666666666666,1.0,1.0,1.0,1.0,0.0,1.0,16.0,12.7,0.0,0.003027,0.023450375,0.1290810914537614,0
1.0,4096.0,1.0,2.0,8192.0,49152.0,0.1666666666666666,1.0,0.5,0.5,0.0,0.0,1.0,16.0,12.7,0.0,0.002637,0.023401625,0.1126844823810312,0
1.0,4096.0,1.0,2.0,8192.0,49152.0,0.1666666666666666,1.0,0.5,0.5,1.0,0.0,1.0,16.0,12.7,0.0,0.003027,0.023450375,0.1290810914537614,0
1.0,4096.0,1.0,2.0,8192.0,49152.0,0.1666666666666666,1.0,0.25,0.25,0.0,0.0,1.0,16.0,12.7,0.0,0.002783,0.023419875,0.1188306940152327,0
1.0,4096.0,1.0,2.0,8192.0,49152.0,0.1666666666666666,1.0,0.25,0.25,1.0,0.0,1.0,16.0,12.7,0.0,0.003174,0.02346875,0.1352436750998668,0
1.0,4096.0,1.0,4.0,16384.0,49152.0,0.3333333333333333,1.0,1.0,1.0,0.0,0.0,1.0,16.0,12.7,0.0,0.002588,0.0233955,0.1106195635912889,0
1.0,4096.0,1.0,4.0,16384.0,49152.0,0.3333333333333333,1.0,1.0,1.0,1.0,0.0,1.0,16.0,12.7,0.0,0.002979,0.023444375,0.1270667270933859,0
1.0,4096.0,1.0,4.0,16384.0,49152.0,0.3333333333333333,1.0,0.5,0.5,0.0,0.0,1.0,16.0,12.7,0.0,0.002588,0.0233955,0.1106195635912889,0
1.0,4096.0,1.0,4.0,16384.0,49152.0,0.3333333333333333,1.0,0.5,0.5,1.0,0.0,1.0,16.0,12.7,0.0,0.002783,0.023419875,0.1188306940152327,0
1.0,4096.0,1.0,4.0,16384.0,49152.0,0.3333333333333333,1.0,0.25,0.25,0.0,0.0,1.0,16.0,12.7,0.0,0.003027,0.023450375,0.1290810914537614,0
1.0,4096.0,1.0,4.0,16384.0,49152.0,0.3333333333333333,1.0,0.25,0.25,1.0,0.0,1.0,16.0,12.7,0.0,0.005029,0.023700625,0.2121884971387885,0
1.0,4096.0,1.0,8.0,32768.0,49152.0,0.6666666666666666,1.0,1.0,1.0,0.0,0.0,1.0,16.0,12.7,0.0,0.003027,0.023450375,0.1290810914537614,0
1.0,4096.0,1.0,8.0,32768.0,49152.0,0.6666666666666666,1.0,1.0,1.0,1.0,0.0,1.0,16.0,12.7,0.0,0.003027,0.023450375,0.1290810914537614,0
1.0,4096.0,1.0,8.0,32768.0,49152.0,0.6666666666666666,1.0,0.5,0.5,0.0,0.0,1.0,16.0,12.7,0.0,0.002588,0.0233955,0.1106195635912889,0
1.0,4096.0,1.0,8.0,32768.0,49152.0,0.6666666666666666,1.0,0.5,0.5,1.0,0.0,1.0,16.0,12.7,0.0,0.002783,0.023419875,0.1188306940152327,0
1.0,4096.0,1.0,8.0,32768.0,49152.0,0.6666666666666666,1.0,0.25,0.25,0.0,0.0,1.0,16.0,12.7,0.0,0.002832,0.023426,0.120891317339708,0
1.0,4096.0,1.0,8.0,32768.0,49152.0,0.6666666666666666,1.0,0.25,0.25,1.0,0.0,1.0,16.0,12.7,0.0,0.002979,0.023444375,0.1270667270933859,0
1.0,4096.0,1.0,16.0,65536.0,49152.0,1.3333333333333333,1.0,1.0,1.0,0.0,0.0,1.0,16.0,12.7,0.0,0.002588,0.0233955,0.1106195635912889,0
1.0,4096.0,1.0,16.0,65536.0,49152.0,1.3333333333333333,1.0,1.0,1.0,1.0,0.0,1.0,16.0,12.7,0.0,0.002832,0.023426,0.120891317339708,0
1.0,4096.0,1.0,16.0,65536.0,49152.0,1.3333333333333333,1.0,0.5,0.5,0.0,0.0,1.0,16.0,12.7,0.0,0.003174,0.02346875,0.1352436750998668,0
1.0,4096.0,1.0,16.0,65536.0,49152.0,1.3333333333333333,1.0,0.5,0.5,1.0,0.0,1.0,16.0,12.7,0.0,0.00542,0.0237495,0.2282153308490705,0
1.0,4096.0,1.0,16.0,65536.0,49152.0,1.3333333333333333,1.0,0.25,0.25,0.0,0.0,1.0,16.0,12.7,0.0,0.002832,0.023426,0.120891317339708,0
1.0,4096.0,1.0,16.0,65536.0,49152.0,1.3333333333333333,1.0,0.25,0.25,1.0,0.0,1.0,16.0,12.7,0.0,0.003027,0.023450375,0.1290810914537614,0
1.0,4096.0,1.0,32.0,131072.0,49152.0,2.6666666666666665,1.0,1.0,1.0,0.0,0.0,1.0,16.0,12.7,0.0,0.003027,0.023450375,0.1290810914537614,0
1.0,4096.0,1.0,32.0,131072.0,49152.0,2.6666666666666665,1.0,1.0,1.0,1.0,0.0,1.0,16.0,12.7,0.0,0.003027,0.023450375,0.1290810914537614,0
1.0,4096.0,1.0,32.0,131072.0,49152.0,2.6666666666666665,1.0,0.5,0.5,0.0,0.0,1.0,16.0,12.7,0.0,0.002588,0.0233955,0.1106195635912889,0
1.0,4096.0,1.0,32.0,131072.0,49152.0,2.6666666666666665,1.0,0.5,0.5,1.0,0.0,1.0,16.0,12.7,0.0,0.002832,0.023426,0.120891317339708,0
1.0,4096.0,1.0,32.0,131072.0,49152.0,2.6666666666666665,1.0,0.25,0.25,0.0,0.0,1.0,16.0,12.7,0.0,0.002979,0.023444375,0.1270667270933859,0
1.0,4096.0,1.0,32.0,131072.0,49152.0,2.6666666666666665,1.0,0.25,0.25,1.0,0.0,1.0,16.0,12.7,0.0,0.003223,0.023474875,0.1372957257493384,0
1.0,16384.0,1.0,1.0,16384.0,196608.0,0.0833333333333333,1.0,1.0,1.0,0.0,0.0,1.0,16.0,12.7,0.0,0.010986,0.03366125,0.3263693416019904,0
1.0,16384.0,1.0,1.0,16384.0,196608.0,0.0833333333333333,1.0,1.0,1.0,1.0,0.0,1.0,16.0,12.7,0.0,0.011621,0.0337406249999999,0.3444215985922015,0
1.0,16384.0,1.0,1.0,16384.0,196608.0,0.0833333333333333,1.0,0.5,0.5,0.0,0.0,1.0,16.0,12.7,0.0,0.0104,0.033588,0.3096343932356794,0
1.0,16384.0,1.0,1.0,16384.0,196608.0,0.0833333333333333,1.0,0.5,0.5,1.0,0.0,1.0,16.0,12.7,0.0,0.010791,0.033636875,0.3208086363551906,0
1.0,16384.0,1.0,1.0,16384.0,196608.0,0.0833333333333333,1.0,0.25,0.25,0.0,0.0,1.0,16.0,12.7,0.0,0.010986,0.03366125,0.3263693416019904,0
1.0,16384.0,1.0,1.0,16384.0,196608.0,0.0833333333333333,1.0,0.25,0.25,1.0,0.0,1.0,16.0,12.7,0.0,0.011816,0.033765,0.3499481711831778,0
1.0,16384.0,1.0,2.0,32768.0,196608.0,0.1666666666666666,1.0,1.0,1.0,0.0,0.0,1.0,16.0,12.7,0.0,0.010205,0.033563625,0.3040493987166165,0
1.0,16384.0,1.0,2.0,32768.0,196608.0,0.1666666666666666,1.0,1.0,1.0,1.0,0.0,1.0,16.0,12.7,0.0,0.029004,0.0359135,0.8076071672212398,0
1.0,16384.0,1.0,2.0,32768.0,196608.0,0.1666666666666666,1.0,0.5,0.5,0.0,0.0,1.0,16.0,12.7,0.0,0.020605,0.034863625,0.5910171417917671,0
1.0,16384.0,1.0,2.0,32768.0,196608.0,0.1666666666666666,1.0,0.5,0.5,1.0,0.0,1.0,16.0,12.7,0.0,0.032617,0.036365125,0.8969307818961162,0
1.0,16384.0,1.0,2.0,32768.0,196608.0,0.1666666666666666,1.0,0.25,0.25,0.0,0.0,1.0,16.0,12.7,0.0,0.020996,0.0349125,0.6013891872538489,0
1.0,16384.0,1.0,2.0,32768.0,196608.0,0.1666666666666666,1.0,0.25,0.25,1.0,0.0,1.0,16.0,12.7,0.0,0.01582,0.0342655,0.4616888707300345,0
1.0,16384.0,1.0,4.0,65536.0,196608.0,0.3333333333333333,1.0,1.0,1.0,0.0,0.0,1.0,16.0,12.7,0.0,0.022021,0.035040625,0.6284419869793989,0
1.0,16384.0,1.0,4.0,65536.0,196608.0,0.3333333333333333,1.0,1.0,1.0,1.0,0.0,1.0,16.0,12.7,0.0,0.015381,0.034210625,0.4495971646235636,0
1.0,16384.0,1.0,4.0,65536.0,196608.0,0.3333333333333333,1.0,0.5,0.5,0.0,0.0,1.0,16.0,12.7,0.0,0.0104,0.033588,0.3096343932356794,0
1.0,16384.0,1.0,4.0,65536.0,196608.0,0.3333333333333333,1.0,0.5,0.5,1.0,0.0,1.0,16.0,12.7,0.0,0.015576,0.034235,0.4549729808675332,0
1.0,16384.0,1.0,4.0,65536.0,196608.0,0.3333333333333333,1.0,0.25,0.25,0.0,0.0,1.0,16.0,12.7,0.0,0.012012,0.0337895,0.3554950502374998,0
1.0,16384.0,1.0,4.0,65536.0,196608.0,0.3333333333333333,1.0,0.25,0.25,1.0,0.0,1.0,16.0,12.7,0.0,0.016162,0.03430825,0.4710820283750992,0
1.0,16384.0,1.0,8.0,131072.0,196608.0,0.6666666666666666,1.0,1.0,1.0,0.0,0.0,1.0,16.0,12.7,0.0,0.0104,0.033588,0.3096343932356794,0
1.0,16384.0,1.0,8.0,131072.0,196608.0,0.6666666666666666,1.0,1.0,1.0,1.0,0.0,1.0,16.0,12.7,0.0,0.017627,0.034491375,0.5110553000568983,0
1.0,16384.0,1.0,8.0,131072.0,196608.0,0.6666666666666666,1.0,0.5,0.5,0.0,0.0,1.0,16.0,12.7,0.0,0.013428,0.0339665,0.3953306934773969,0
1.0,16384.0,1.0,8.0,131072.0,196608.0,0.6666666666666666,1.0,0.5,0.5,1.0,0.0,1.0,16.0,12.7,0.0,0.021777,0.035010125,0.6220200584830816,0
1.0,16384.0,1.0,8.0,131072.0,196608.0,0.6666666666666666,1.0,0.25,0.25,0.0,0.0,1.0,16.0,12.7,0.0,0.012207,0.033813875,0.3610056522655271,0
1.0,16384.0,1.0,8.0,131072.0,196608.0,0.6666666666666666,1.0,0.25,0.25,1.0,0.0,1.0,16.0,12.7,0.0,0.016016,0.03429,0.4670749489647127,0
1.0,16384.0,1.0,16.0,262144.0,196608.0,1.3333333333333333,1.0,1.0,1.0,0.0,0.0,1.0,16.0,12.7,0.0,0.011768,0.033759,0.3485885245416038,0
1.0,16384.0,1.0,16.0,262144.0,196608.0,1.3333333333333333,1.0,1.0,1.0,1.0,0.0,1.0,16.0,12.7,0.0,0.016211,0.034314375,0.4724259147951842,0
1.0,16384.0,1.0,16.0,262144.0,196608.0,1.3333333333333333,1.0,0.5,0.5,0.0,0.0,1.0,16.0,12.7,0.0,0.011572,0.0337345,0.3430316145192607,0
1.0,16384.0,1.0,16.0,262144.0,196608.0,1.3333333333333333,1.0,0.5,0.5,1.0,0.0,1.0,16.0,12.7,0.0,0.015381,0.034210625,0.4495971646235636,0
1.0,16384.0,1.0,16.0,262144.0,196608.0,1.3333333333333333,1.0,0.25,0.25,0.0,0.0,1.0,16.0,12.7,0.0,0.012402,0.03383825,0.3665083152940829,0
1.0,16384.0,1.0,16.0,262144.0,196608.0,1.3333333333333333,1.0,0.25,0.25,1.0,0.0,1.0,16.0,12.7,0.0,0.024219,0.035315375,0.6857919532215075,0
1.0,16384.0,1.0,32.0,524288.0,196608.0,2.6666666666666665,1.0,1.0,1.0,0.0,0.0,1.0,16.0,12.7,0.0,0.012207,0.033813875,0.3610056522655271,0
1.0,16384.0,1.0,32.0,524288.0,196608.0,2.6666666666666665,1.0,1.0,1.0,1.0,0.0,1.0,16.0,12.7,0.0,0.027393,0.035712125,0.7670504065495963,0
1.0,16384.0,1.0,32.0,524288.0,196608.0,2.6666666666666665,1.0,0.5,0.5,0.0,0.0,1.0,16.0,12.7,0.0,0.02041,0.03483925,0.5858335067488537,0
1.0,16384.0,1.0,32.0,524288.0,196608.0,2.6666666666666665,1.0,0.5,0.5,1.0,0.0,1.0,16.0,12.7,0.0,0.029395,0.035962375,0.8173820555511141,0
1.0,16384.0,1.0,32.0,524288.0,196608.0,2.6666666666666665,1.0,0.25,0.25,0.0,0.0,1.0,16.0,12.7,0.0,0.011816,0.033765,0.3499481711831778,0
1.0,16384.0,1.0,32.0,524288.0,196608.0,2.6666666666666665,1.0,0.25,0.25,1.0,0.0,1.0,16.0,12.7,0.0,0.018799,0.034637875,0.5427295987412623,0
1.0,65536.0,1.0,1.0,65536.0,786432.0,0.0833333333333333,1.0,1.0,1.0,0.0,0.0,1.0,16.0,12.7,0.0,0.044189,0.074675625,0.5917459679781722,0
1.0,65536.0,1.0,1.0,65536.0,786432.0,0.0833333333333333,1.0,1.0,1.0,1.0,0.0,1.0,16.0,12.7,0.0,0.045361,0.074822125,0.6062511589987587,0
1.0,65536.0,1.0,1.0,65536.0,786432.0,0.0833333333333333,1.0,0.5,0.5,0.0,0.0,1.0,16.0,12.7,0.0,0.04502,0.0747795,0.6020366544306929,0
1.0,65536.0,1.0,1.0,65536.0,786432.0,0.0833333333333333,1.0,0.5,0.5,1.0,0.0,1.0,16.0,12.7,0.0,0.049414,0.07532875,0.6559779632610391,0
1.0,65536.0,1.0,1.0,65536.0,786432.0,0.0833333333333333,1.0,0.25,0.25,0.0,0.0,1.0,16.0,12.7,0.0,0.063184,0.07705,0.8200389357560026,0
1.0,65536.0,1.0,1.0,65536.0,786432.0,0.0833333333333333,1.0,0.25,0.25,1.0,0.0,1.0,16.0,12.7,0.0,0.067773,0.077623625,0.8730975911006474,0
1.0,65536.0,1.0,2.0,131072.0,786432.0,0.1666666666666666,1.0,1.0,1.0,0.0,0.0,1.0,16.0,12.7,0.0,0.043604,0.0746025,0.5844844341677558,0
1.0,65536.0,1.0,2.0,131072.0,786432.0,0.1666666666666666,1.0,1.0,1.0,1.0,0.0,1.0,16.0,12.7,0.0,0.063623,0.077104875,0.8251488638040072,0
1.0,65536.0,1.0,2.0,131072.0,786432.0,0.1666666666666666,1.0,0.5,0.5,0.0,0.0,1.0,16.0,12.7,0.0,0.049023,0.075279875,0.6512099017167603,0
1.0,65536.0,1.0,2.0,131072.0,786432.0,0.1666666666666666,1.0,0.5,0.5,1.0,0.0,1.0,16.0,12.7,0.0,0.063379,0.077074375,0.8223096197666215,0
1.0,65536.0,1.0,2.0,131072.0,786432.0,0.1666666666666666,1.0,0.25,0.25,0.0,0.0,1.0,16.0,12.7,0.0,0.07002,0.0779045,0.898792752665122,0
1.0,65536.0,1.0,2.0,131072.0,786432.0,0.1666666666666666,1.0,0.25,0.25,1.0,0.0,1.0,16.0,12.7,0.0,0.074609,0.078478125,0.9506980448373352,0
1.0,65536.0,1.0,4.0,262144.0,786432.0,0.3333333333333333,1.0,1.0,1.0,0.0,0.0,1.0,16.0,12.7,0.0,0.058594,0.07647625,0.7661725045357219,0
1.0,65536.0,1.0,4.0,262144.0,786432.0,0.3333333333333333,1.0,1.0,1.0,1.0,0.0,1.0,16.0,12.7,0.0,0.062207,0.076927875,0.8086405610450047,0
1.0,65536.0,1.0,4.0,262144.0,786432.0,0.3333333333333333,1.0,0.5,0.5,0.0,0.0,1.0,16.0,12.7,0.0,0.04624,0.074932,0.6170928308332889,0
1.0,65536.0,1.0,4.0,262144.0,786432.0,0.3333333333333333,1.0,0.5,0.5,1.0,0.0,1.0,16.0,12.7,0.0,0.066016,0.077404,0.8528758203710404,0
1.0,65536.0,1.0,4.0,262144.0,786432.0,0.3333333333333333,1.0,0.25,0.25,0.0,0.0,1.0,16.0,12.7,0.0,0.070996,0.0780265,0.9098959968728574,0
1.0,65536.0,1.0,4.0,262144.0,786432.0,0.3333333333333333,1.0,0.25,0.25,1.0,0.0,1.0,16.0,12.7,0.0,0.075781,0.078624625,0.9638328958643682,0
1.0,65536.0,1.0,8.0,524288.0,786432.0,0.6666666666666666,1.0,1.0,1.0,0.0,0.0,1.0,16.0,12.7,0.0,0.045215,0.074803875,0.604447296346613,0
1.0,65536.0,1.0,8.0,524288.0,786432.0,0.6666666666666666,1.0,1.0,1.0,1.0,0.0,1.0,16.0,12.7,0.0,0.123389,0.084575625,1.4589191625837823,1
1.0,65536.0,1.0,8.0,524288.0,786432.0,0.6666666666666666,1.0,0.5,0.5,0.0,0.0,1.0,16.0,12.7,0.0,0.087793,0.080126125,1.09568508398478,0
1.0,65536.0,1.0,8.0,524288.0,786432.0,0.6666666666666666,1.0,0.5,0.5,1.0,0.0,1.0,16.0,12.7,0.0,0.13999,0.08665075,1.6155659356670309,1
1.0,65536.0,1.0,8.0,524288.0,786432.0,0.6666666666666666,1.0,0.25,0.25,0.0,0.0,1.0,16.0,12.7,0.0,0.094238,0.08093175,1.1644132247233008,1
1.0,65536.0,1.0,8.0,524288.0,786432.0,0.6666666666666666,1.0,0.25,0.25,1.0,0.0,1.0,16.0,12.7,0.0,0.082422,0.07945475,1.0373451555759725,0
1.0,65536.0,1.0,16.0,1048576.0,786432.0,1.3333333333333333,1.0,1.0,1.0,0.0,0.0,1.0,16.0,12.7,0.0,0.048438,0.07520675,0.6440645287823233,0
1.0,65536.0,1.0,16.0,1048576.0,786432.0,1.3333333333333333,1.0,1.0,1.0,1.0,0.0,1.0,16.0,12.7,0.0,0.063379,0.077074375,0.8223096197666215,0
1.0,65536.0,1.0,16.0,1048576.0,786432.0,1.3333333333333333,1.0,0.5,0.5,0.0,0.0,1.0,16.0,12.7,0.0,0.047217,0.075054125,0.6291059951734832,0
1.0,65536.0,1.0,16.0,1048576.0,786432.0,1.3333333333333333,1.0,0.5,0.5,1.0,0.0,1.0,16.0,12.7,0.0,0.075,0.078527,0.9550855119895068,0
1.0,65536.0,1.0,16.0,1048576.0,786432.0,1.3333333333333333,1.0,0.25,0.25,0.0,0.0,1.0,16.0,12.7,0.0,0.069629,0.077855625,0.8943348666201061,0
1.0,65536.0,1.0,16.0,1048576.0,786432.0,1.3333333333333333,1.0,0.25,0.25,1.0,0.0,1.0,16.0,12.7,0.0,0.09541,0.08107825,1.1767644220244022,1
1.0,65536.0,1.0,32.0,2097152.0,786432.0,2.6666666666666665,1.0,1.0,1.0,0.0,0.0,1.0,16.0,12.7,0.0,0.042822,0.07450475,0.5747553008365238,0
1.0,65536.0,1.0,32.0,2097152.0,786432.0,2.6666666666666665,1.0,1.0,1.0,1.0,0.0,1.0,16.0,12.7,0.0,0.063232,0.077056,0.8205980066445182,0
1.0,65536.0,1.0,32.0,2097152.0,786432.0,2.6666666666666665,1.0,0.5,0.5,0.0,0.0,1.0,16.0,12.7,0.0,0.044629,0.074730625,0.5971982704547165,0
1.0,65536.0,1.0,32.0,2097152.0,786432.0,2.6666666666666665,1.0,0.5,0.5,1.0,0.0,1.0,16.0,12.7,0.0,0.092383,0.080699875,1.1447725290776474,1
1.0,65536.0,1.0,32.0,2097152.0,786432.0,2.6666666666666665,1.0,0.25,0.25,0.0,0.0,1.0,16.0,12.7,0.0,0.068408,0.077703,0.8803778489890994,0
1.0,65536.0,1.0,32.0,2097152.0,786432.0,2.6666666666666665,1.0,0.25,0.25,1.0,0.0,1.0,16.0,12.7,0.0,0.077588,0.0788505,0.983988687452838,0
1.0,131072.0,1.0,1.0,131072.0,1572864.0,0.0833333333333333,1.0,1.0,1.0,0.0,0.0,1.0,16.0,12.7,0.0,0.096387,0.130352375,0.7394341683456094,0
1.0,131072.0,1.0,1.0,131072.0,1572864.0,0.0833333333333333,1.0,1.0,1.0,1.0,0.0,1.0,16.0,12.7,0.0,0.099414,0.13073075,0.7604484790303735,0
1.0,131072.0,1.0,1.0,131072.0,1572864.0,0.0833333333333333,1.0,0.5,0.5,0.0,0.0,1.0,16.0,12.7,0.0,0.115625,0.132757125,0.8709513707833008,0
1.0,131072.0,1.0,1.0,131072.0,1572864.0,0.0833333333333333,1.0,0.5,0.5,1.0,0.0,1.0,16.0,12.7,0.0,0.103809,0.131280125,0.790744219660059,0
1.0,131072.0,1.0,1.0,131072.0,1572864.0,0.0833333333333333,1.0,0.25,0.25,0.0,0.0,1.0,16.0,12.7,0.0,0.178418,0.14060625,1.268919411477086,1
1.0,131072.0,1.0,1.0,131072.0,1572864.0,0.0833333333333333,1.0,0.25,0.25,1.0,0.0,1.0,16.0,12.7,0.0,0.137793,0.135528125,1.0167114759390348,0
1.0,131072.0,1.0,2.0,262144.0,1572864.0,0.1666666666666666,1.0,1.0,1.0,0.0,0.0,1.0,16.0,12.7,0.0,0.091602,0.12975425,0.7059653152016216,0
1.0,131072.0,1.0,2.0,262144.0,1572864.0,0.1666666666666666,1.0,1.0,1.0,1.0,0.0,1.0,16.0,12.7,0.0,0.128418,0.13435625,0.9558022049588314,0
1.0,131072.0,1.0,2.0,262144.0,1572864.0,0.1666666666666666,1.0,0.5,0.5,0.0,0.0,1.0,16.0,12.7,0.0,0.178613,0.140630625,1.270086085445471,1
1.0,131072.0,1.0,2.0,262144.0,1572864.0,0.1666666666666666,1.0,0.5,0.5,1.0,0.0,1.0,16.0,12.7,0.0,0.241797,0.148528625,1.6279488213130635,1
1.0,131072.0,1.0,2.0,262144.0,1572864.0,0.1666666666666666,1.0,0.25,0.25,0.0,0.0,1.0,16.0,12.7,0.0,0.186621,0.141631625,1.317650630641285,1
1.0,131072.0,1.0,2.0,262144.0,1572864.0,0.1666666666666666,1.0,0.25,0.25,1.0,0.0,1.0,16.0,12.7,0.0,0.166602,0.13912925,1.197462072137958,1
1.0,131072.0,1.0,4.0,524288.0,1572864.0,0.3333333333333333,1.0,1.0,1.0,0.0,0.0,1.0,16.0,12.7,0.0,0.09458,0.1301265,0.726831198871867,0
1.0,131072.0,1.0,4.0,524288.0,1572864.0,0.3333333333333333,1.0,1.0,1.0,1.0,0.0,1.0,16.0,12.7,0.0,0.126416,0.134106,0.9426573009410466,0
1.0,131072.0,1.0,4.0,524288.0,1572864.0,0.3333333333333333,1.0,0.5,0.5,0.0,0.0,1.0,16.0,12.7,0.0,0.113574,0.13250075,0.857157412316534,0
1.0,131072.0,1.0,4.0,524288.0,1572864.0,0.3333333333333333,1.0,0.5,0.5,1.0,0.0,1.0,16.0,12.7,0.0,0.133789,0.1350276249999999,0.9908268770927432,0
1.0,131072.0,1.0,4.0,524288.0,1572864.0,0.3333333333333333,1.0,0.25,0.25,0.0,0.0,1.0,16.0,12.7,0.0,0.194971,0.142675375,1.3665357459197147,1
1.0,131072.0,1.0,4.0,524288.0,1572864.0,0.3333333333333333,1.0,0.25,0.25,1.0,0.0,1.0,16.0,12.7,0.0,0.163428,0.1387325,1.178008037049718,1
1.0,131072.0,1.0,8.0,1048576.0,1572864.0,0.6666666666666666,1.0,1.0,1.0,0.0,0.0,1.0,16.0,12.7,0.0,0.105811,0.131530375,0.8044605666181671,0
1.0,131072.0,1.0,8.0,1048576.0,1572864.0,0.6666666666666666,1.0,1.0,1.0,1.0,0.0,1.0,16.0,12.7,0.0,0.144189,0.136327625,1.057665311781086,0
1.0,131072.0,1.0,8.0,1048576.0,1572864.0,0.6666666666666666,1.0,0.5,0.5,0.0,0.0,1.0,16.0,12.7,0.0,0.100781,0.130901625,0.7698987694003034,0
1.0,131072.0,1.0,8.0,1048576.0,1572864.0,0.6666666666666666,1.0,0.5,0.5,1.0,0.0,1.0,16.0,12.7,0.0,0.224805,0.1464046249999999,1.5355047697434423,1
1.0,131072.0,1.0,8.0,1048576.0,1572864.0,0.6666666666666666,1.0,0.25,0.25,0.0,0.0,1.0,16.0,12.7,0.0,0.166992,0.139178,1.1998448030579547,1
1.0,131072.0,1.0,8.0,1048576.0,1572864.0,0.6666666666666666,1.0,0.25,0.25,1.0,0.0,1.0,16.0,12.7,0.0,0.164014,0.13880575,1.181608110615014,1
1.0,131072.0,1.0,16.0,2097152.0,1572864.0,1.3333333333333333,1.0,1.0,1.0,0.0,0.0,1.0,16.0,12.7,0.0,0.091406,0.12972975,0.7045878065748219,0
1.0,131072.0,1.0,16.0,2097152.0,1572864.0,1.3333333333333333,1.0,1.0,1.0,1.0,0.0,1.0,16.0,12.7,0.0,0.125635,0.1340083749999999,0.9375160321136646,0
1.0,131072.0,1.0,16.0,2097152.0,1572864.0,1.3333333333333333,1.0,0.5,0.5,0.0,0.0,1.0,16.0,12.7,0.0,0.100635,0.130883375,0.7688906249552321,0
1.0,131072.0,1.0,16.0,2097152.0,1572864.0,1.3333333333333333,1.0,0.5,0.5,1.0,0.0,1.0,16.0,12.7,0.0,0.131592,0.1347529999999999,0.976542266220418,0
1.0,131072.0,1.0,16.0,2097152.0,1572864.0,1.3333333333333333,1.0,0.25,0.25,0.0,0.0,1.0,16.0,12.7,0.0,0.147021,0.136681625,1.0756456839022803,0
1.0,131072.0,1.0,16.0,2097152.0,1572864.0,1.3333333333333333,1.0,0.25,0.25,1.0,0.0,1.0,16.0,12.7,0.0,0.163574,0.13875075,1.1789053392504183,1
1.0,131072.0,1.0,32.0,4194304.0,1572864.0,2.6666666666666665,1.0,1.0,1.0,0.0,0.0,1.0,16.0,12.7,0.0,0.107031,0.131682875,0.8127936149632213,0
1.0,131072.0,1.0,32.0,4194304.0,1572864.0,2.6666666666666665,1.0,1.0,1.0,1.0,0.0,1.0,16.0,12.7,0.0,0.134814,0.13515575,0.997471435732479,0
1.0,131072.0,1.0,32.0,4194304.0,1572864.0,2.6666666666666665,1.0,0.5,0.5,0.0,0.0,1.0,16.0,12.7,0.0,0.1,0.130804,0.764502614598942,0
1.0,131072.0,1.0,32.0,4194304.0,1572864.0,2.6666666666666665,1.0,0.5,0.5,1.0,0.0,1.0,16.0,12.7,0.0,0.230566,0.14712475,1.5671462483368706,1
1.0,131072.0,1.0,32.0,4194304.0,1572864.0,2.6666666666666665,1.0,0.25,0.25,0.0,0.0,1.0,16.0,12.7,0.0,0.187402,0.14172925,1.322253522120522,1
1.0,131072.0,1.0,32.0,4194304.0,1572864.0,2.6666666666666665,1.0,0.25,0.25,1.0,0.0,1.0,16.0,12.7,0.0,0.253613,0.150005625,1.690689932460866,1
1.0,262144.0,1.0,1.0,262144.0,3145728.0,0.0833333333333333,1.0,1.0,1.0,0.0,0.0,1.0,16.0,12.7,0.0,0.186182,0.23988075,0.7761439798733328,0
1.0,262144.0,1.0,1.0,262144.0,3145728.0,0.0833333333333333,1.0,1.0,1.0,1.0,0.0,1.0,16.0,12.7,0.0,0.196191,0.241131875,0.8136253243168288,0
1.0,262144.0,1.0,1.0,262144.0,3145728.0,0.0833333333333333,1.0,0.5,0.5,0.0,0.0,1.0,16.0,12.7,0.0,0.226807,0.244958875,0.9258982757820065,0
1.0,262144.0,1.0,1.0,262144.0,3145728.0,0.0833333333333333,1.0,0.5,0.5,1.0,0.0,1.0,16.0,12.7,0.0,0.356396,0.2611575,1.3646784028794885,1
1.0,262144.0,1.0,1.0,262144.0,3145728.0,0.0833333333333333,1.0,0.25,0.25,0.0,0.0,1.0,16.0,12.7,0.0,0.329395,0.257782375,1.2778026426360607,1
1.0,262144.0,1.0,1.0,262144.0,3145728.0,0.0833333333333333,1.0,0.25,0.25,1.0,0.0,1.0,16.0,12.7,0.0,0.339795,0.259082375,1.3115326737297357,1
1.0,262144.0,1.0,2.0,524288.0,3145728.0,0.1666666666666666,1.0,1.0,1.0,0.0,0.0,1.0,16.0,12.7,0.0,0.196777,0.241205125,0.8158077072367348,0
1.0,262144.0,1.0,2.0,524288.0,3145728.0,0.1666666666666666,1.0,1.0,1.0,1.0,0.0,1.0,16.0,12.7,0.0,0.25542,0.2485355,1.0277002681709453,0
1.0,262144.0,1.0,2.0,524288.0,3145728.0,0.1666666666666666,1.0,0.5,0.5,0.0,0.0,1.0,16.0,12.7,0.0,0.217627,0.243811375,0.8926039648478254,0
1.0,262144.0,1.0,2.0,524288.0,3145728.0,0.1666666666666666,1.0,0.5,0.5,1.0,0.0,1.0,16.0,12.7,0.0,0.269775,0.250329875,1.0776780038738882,0
1.0,262144.0,1.0,2.0,524288.0,3145728.0,0.1666666666666666,1.0,0.25,0.25,0.0,0.0,1.0,16.0,12.7,0.0,0.30957,0.25530425,1.2125532575348823,1
1.0,262144.0,1.0,2.0,524288.0,3145728.0,0.1666666666666666,1.0,0.25,0.25,1.0,0.0,1.0,16.0,12.7,0.0,0.347998,0.26010775,1.337899389772123,1
1.0,262144.0,1.0,4.0,1048576.0,3145728.0,0.3333333333333333,1.0,1.0,1.0,0.0,0.0,1.0,16.0,12.7,0.0,0.202002,0.24185825,0.835208226306111,0
1.0,262144.0,1.0,4.0,1048576.0,3145728.0,0.3333333333333333,1.0,1.0,1.0,1.0,0.0,1.0,16.0,12.7,0.0,0.270166,0.25037875,1.0790292706549576,0
1.0,262144.0,1.0,4.0,1048576.0,3145728.0,0.3333333333333333,1.0,0.5,0.5,0.0,0.0,1.0,16.0,12.7,0.0,0.218994,0.2439822499999999,0.8975816888318721,0
1.0,262144.0,1.0,4.0,1048576.0,3145728.0,0.3333333333333333,1.0,0.5,0.5,1.0,0.0,1.0,16.0,12.7,0.0,0.276807,0.251208875,1.1018997636926642,1
1.0,262144.0,1.0,4.0,1048576.0,3145728.0,0.3333333333333333,1.0,0.25,0.25,0.0,0.0,1.0,16.0,12.7,0.0,0.401807,0.266833875,1.50583204624975,1
1.0,262144.0,1.0,4.0,1048576.0,3145728.0,0.3333333333333333,1.0,0.25,0.25,1.0,0.0,1.0,16.0,12.7,0.0,0.344189,0.259631625,1.3256821082562649,1
1.0,262144.0,1.0,8.0,2097152.0,3145728.0,0.6666666666666666,1.0,1.0,1.0,0.0,0.0,1.0,16.0,12.7,0.0,0.241406,0.24678375,0.9782086543380591,0
1.0,262144.0,1.0,8.0,2097152.0,3145728.0,0.6666666666666666,1.0,1.0,1.0,1.0,0.0,1.0,16.0,12.7,0.0,0.254834,0.24846225,1.025644740800665,0
1.0,262144.0,1.0,8.0,2097152.0,3145728.0,0.6666666666666666,1.0,0.5,0.5,0.0,0.0,1.0,16.0,12.7,0.0,0.217432,0.243787,0.8918933331145631,0
1.0,262144.0,1.0,8.0,2097152.0,3145728.0,0.6666666666666666,1.0,0.5,0.5,1.0,0.0,1.0,16.0,12.7,0.0,0.471973,0.275604625,1.7125002891370198,1
1.0,262144.0,1.0,8.0,2097152.0,3145728.0,0.6666666666666666,1.0,0.25,0.25,0.0,0.0,1.0,16.0,12.7,0.0,0.434961,0.270978125,1.6051517073564516,1
1.0,262144.0,1.0,8.0,2097152.0,3145728.0,0.6666666666666666,1.0,0.25,0.25,1.0,0.0,1.0,16.0,12.7,0.0,0.501025,0.279236125,1.7942699928241732,1
1.0,262144.0,1.0,16.0,4194304.0,3145728.0,1.3333333333333333,1.0,1.0,1.0,0.0,0.0,1.0,16.0,12.7,0.0,0.3896,0.265308,1.468481915358753,1
1.0,262144.0,1.0,16.0,4194304.0,3145728.0,1.3333333333333333,1.0,1.0,1.0,1.0,0.0,1.0,16.0,12.7,0.0,0.256787,0.248706375,1.0324906227273023,0
1.0,262144.0,1.0,16.0,4194304.0,3145728.0,1.3333333333333333,1.0,0.5,0.5,0.0,0.0,1.0,16.0,12.7,0.0,0.218408,0.243909,0.8954487124296356,0
1.0,262144.0,1.0,16.0,4194304.0,3145728.0,1.3333333333333333,1.0,0.5,0.5,1.0,0.0,1.0,16.0,12.7,0.0,0.268164,0.2501285,1.0721049380618362,0
1.0,262144.0,1.0,16.0,4194304.0,3145728.0,1.3333333333333333,1.0,0.25,0.25,0.0,0.0,1.0,16.0,12.7,0.0,0.32998,0.2578555,1.2797089842954676,1
1.0,262144.0,1.0,16.0,4194304.0,3145728.0,1.3333333333333333,1.0,0.25,0.25,1.0,0.0,1.0,16.0,12.7,0.0,0.358008,0.261359,1.3697940380855451,1
1.0,262144.0,1.0,32.0,8388608.0,3145728.0,2.6666666666666665,1.0,1.0,1.0,0.0,0.0,1.0,16.0,12.7,0.0,0.19043,0.24041175,0.7920993878211027,0
1.0,262144.0,1.0,32.0,8388608.0,3145728.0,2.6666666666666665,1.0,1.0,1.0,1.0,0.0,1.0,16.0,12.7,0.0,0.261572,0.2493045,1.049206893577934,0
1.0,262144.0,1.0,32.0,8388608.0,3145728.0,2.6666666666666665,1.0,0.5,0.5,0.0,0.0,1.0,16.0,12.7,0.0,0.227637,0.245062625,0.9288931757749678,0
1.0,262144.0,1.0,32.0,8388608.0,3145728.0,2.6666666666666665,1.0,0.5,0.5,1.0,0.0,1.0,16.0,12.7,0.0,0.342187,0.259381375,1.3192427559611788,1
1.0,262144.0,1.0,32.0,8388608.0,3145728.0,2.6666666666666665,1.0,0.25,0.25,0.0,0.0,1.0,16.0,12.7,0.0,0.3104,0.255408,1.2153104053122843,1
1.0,262144.0,1.0,32.0,8388608.0,3145728.0,2.6666666666666665,1.0,0.25,0.25,1.0,0.0,1.0,16.0,12.7,0.0,0.330811,0.257959375,1.2824151089682243,1
1.0,524288.0,1.0,1.0,524288.0,6291456.0,0.0833333333333333,1.0,1.0,1.0,0.0,0.0,1.0,16.0,12.7,0.0,0.421582,0.46591375,0.904849878330485,0
1.0,524288.0,1.0,1.0,524288.0,6291456.0,0.0833333333333333,1.0,1.0,1.0,1.0,0.0,1.0,16.0,12.7,0.0,0.40083,0.46331975,0.865126081933697,0
1.0,524288.0,1.0,1.0,524288.0,6291456.0,0.0833333333333333,1.0,0.5,0.5,0.0,0.0,1.0,16.0,12.7,0.0,0.640381,0.493263625,1.2982530386261504,1
1.0,524288.0,1.0,1.0,524288.0,6291456.0,0.0833333333333333,1.0,0.5,0.5,1.0,0.0,1.0,16.0,12.7,0.0,0.51377,0.47743725,1.0760995293098723,0
1.0,524288.0,1.0,1.0,524288.0,6291456.0,0.0833333333333333,1.0,0.25,0.25,0.0,0.0,1.0,16.0,12.7,0.0,0.763428,0.5086445,1.5009068219552162,1
1.0,524288.0,1.0,1.0,524288.0,6291456.0,0.0833333333333333,1.0,0.25,0.25,1.0,0.0,1.0,16.0,12.7,0.0,0.716406,0.50276675,1.424927165529542,1
1.0,524288.0,1.0,2.0,1048576.0,6291456.0,0.1666666666666666,1.0,1.0,1.0,0.0,0.0,1.0,16.0,12.7,0.0,0.434961,0.467586125,0.9302264903604656,0
1.0,524288.0,1.0,2.0,1048576.0,6291456.0,0.1666666666666666,1.0,1.0,1.0,1.0,0.0,1.0,16.0,12.7,0.0,0.547412,0.4816425,1.1365525259917886,1
1.0,524288.0,1.0,2.0,1048576.0,6291456.0,0.1666666666666666,1.0,0.5,0.5,0.0,0.0,1.0,16.0,12.7,0.0,0.444189,0.468739625,0.9476241740817196,0
1.0,524288.0,1.0,2.0,1048576.0,6291456.0,0.1666666666666666,1.0,0.5,0.5,1.0,0.0,1.0,16.0,12.7,0.0,0.557178,0.48286325,1.153904340411079,1
1.0,524288.0,1.0,2.0,1048576.0,6291456.0,0.1666666666666666,1.0,0.25,0.25,0.0,0.0,1.0,16.0,12.7,0.0,0.829395,0.516890375,1.6045858853533497,1
1.0,524288.0,1.0,2.0,1048576.0,6291456.0,0.1666666666666666,1.0,0.25,0.25,1.0,0.0,1.0,16.0,12.7,0.0,1.06001,0.54571725,1.942416150488188,1
1.0,524288.0,1.0,4.0,2097152.0,6291456.0,0.3333333333333333,1.0,1.0,1.0,0.0,0.0,1.0,16.0,12.7,0.0,0.924219,0.528743375,1.7479538159697985,1
1.0,524288.0,1.0,4.0,2097152.0,6291456.0,0.3333333333333333,1.0,1.0,1.0,1.0,0.0,1.0,16.0,12.7,0.0,0.526367,0.479011875,1.0988600230422263,0
1.0,524288.0,1.0,4.0,2097152.0,6291456.0,0.3333333333333333,1.0,0.5,0.5,0.0,0.0,1.0,16.0,12.7,0.0,0.450781,0.469563625,0.9599998296290516,0
1.0,524288.0,1.0,4.0,2097152.0,6291456.0,0.3333333333333333,1.0,0.5,0.5,1.0,0.0,1.0,16.0,12.7,0.0,0.557422,0.48289375,1.1543367459197804,1
1.0,524288.0,1.0,4.0,2097152.0,6291456.0,0.3333333333333333,1.0,0.25,0.25,0.0,0.0,1.0,16.0,12.7,0.0,0.717432,0.502895,1.4266039630539178,1
1.0,524288.0,1.0,4.0,2097152.0,6291456.0,0.3333333333333333,1.0,0.25,0.25,1.0,0.0,1.0,16.0,12.7,0.0,0.751807,0.507191875,1.4822930670961558,1
1.0,524288.0,1.0,8.0,4194304.0,6291456.0,0.6666666666666666,1.0,1.0,1.0,0.0,0.0,1.0,16.0,12.7,0.0,0.391797,0.462190625,0.8476956883320599,0
1.0,524288.0,1.0,8.0,4194304.0,6291456.0,0.6666666666666666,1.0,1.0,1.0,1.0,0.0,1.0,16.0,12.7,0.0,0.516406,0.47776675,1.0808747155384923,0
1.0,524288.0,1.0,8.0,4194304.0,6291456.0,0.6666666666666666,1.0,0.5,0.5,0.0,0.0,1.0,16.0,12.7,0.0,0.471191,0.472114875,0.998043113977292,0
1.0,524288.0,1.0,8.0,4194304.0,6291456.0,0.6666666666666666,1.0,0.5,0.5,1.0,0.0,1.0,16.0,12.7,0.0,0.579199,0.485615875,1.1927101847730988,1
1.0,524288.0,1.0,8.0,4194304.0,6291456.0,0.6666666666666666,1.0,0.25,0.25,0.0,0.0,1.0,16.0,12.7,0.0,0.727246,0.50412175,1.4425999274976726,1
1.0,524288.0,1.0,8.0,4194304.0,6291456.0,0.6666666666666666,1.0,0.25,0.25,1.0,0.0,1.0,16.0,12.7,0.0,0.760791,0.508314875,1.4966923798954337,1
1.0,524288.0,1.0,16.0,8388608.0,6291456.0,1.3333333333333333,1.0,1.0,1.0,0.0,0.0,1.0,16.0,12.7,0.0,0.529443,0.479396375,1.1043950843391337,1
1.0,524288.0,1.0,16.0,8388608.0,6291456.0,1.3333333333333333,1.0,1.0,1.0,1.0,0.0,1.0,16.0,12.7,0.0,0.5146,0.477541,1.0776038078405832,0
1.0,524288.0,1.0,16.0,8388608.0,6291456.0,1.3333333333333333,1.0,0.5,0.5,0.0,0.0,1.0,16.0,12.7,0.0,0.461182,0.47086375,0.9794383194713968,0
1.0,524288.0,1.0,16.0,8388608.0,6291456.0,1.3333333333333333,1.0,0.5,0.5,1.0,0.0,1.0,16.0,12.7,0.0,0.557617,0.482918125,1.154682276628155,1
1.0,524288.0,1.0,16.0,8388608.0,6291456.0,1.3333333333333333,1.0,0.25,0.25,0.0,0.0,1.0,16.0,12.7,0.0,0.652197,0.494740625,1.3182604521308514,1
1.0,524288.0,1.0,16.0,8388608.0,6291456.0,1.3333333333333333,1.0,0.25,0.25,1.0,0.0,1.0,16.0,12.7,0.0,0.781982,0.51096375,1.530406021953612,1
1.0,524288.0,1.0,32.0,16777216.0,6291456.0,2.6666666666666665,1.0,1.0,1.0,0.0,0.0,1.0,16.0,12.7,0.0,0.454395,0.470015375,0.9667662467424604,0
1.0,524288.0,1.0,32.0,16777216.0,6291456.0,2.6666666666666665,1.0,1.0,1.0,1.0,0.0,1.0,16.0,12.7,0.0,0.540039,0.480720875,1.1233941109796823,1
1.0,524288.0,1.0,32.0,16777216.0,6291456.0,2.6666666666666665,1.0,0.5,0.5,0.0,0.0,1.0,16.0,12.7,0.0,0.454004,0.4699665,0.9660348131196586,0
1.0,524288.0,1.0,32.0,16777216.0,6291456.0,2.6666666666666665,1.0,0.5,0.5,1.0,0.0,1.0,16.0,12.7,0.0,0.556592,0.48279,1.1528656351622857,1
1.0,524288.0,1.0,32.0,16777216.0,6291456.0,2.6666666666666665,1.0,0.25,0.25,0.0,0.0,1.0,16.0,12.7,0.0,0.947412,0.5316425,1.7820471463436425,1
1.0,524288.0,1.0,32.0,16777216.0,6291456.0,2.6666666666666665,1.0,0.25,0.25,1.0,0.0,1.0,16.0,12.7,0.0,1.125439,0.553895875,2.03186023004775,1
1.0,1048576.0,1.0,1.0,1048576.0,12582912.0,0.0833333333333333,1.0,1.0,1.0,0.0,0.0,1.0,16.0,12.7,0.0,1.774805,1.028282625,1.7259894865966443,1
1.0,1048576.0,1.0,1.0,1048576.0,12582912.0,0.0833333333333333,1.0,1.0,1.0,1.0,0.0,1.0,16.0,12.7,0.0,1.247803,0.962407375,1.2965434725601517,1
1.0,1048576.0,1.0,1.0,1048576.0,12582912.0,0.0833333333333333,1.0,0.5,0.5,0.0,0.0,1.0,16.0,12.7,0.0,1.103223,0.944334875,1.1682540052330483,1
1.0,1048576.0,1.0,1.0,1048576.0,12582912.0,0.0833333333333333,1.0,0.5,0.5,1.0,0.0,1.0,16.0,12.7,0.0,1.042188,0.9367055,1.1126100999727235,1
1.0,1048576.0,1.0,1.0,1048576.0,12582912.0,0.0833333333333333,1.0,0.25,0.25,0.0,0.0,1.0,16.0,12.7,0.0,1.736768,1.023528,1.696844639325939,1
1.0,1048576.0,1.0,1.0,1048576.0,12582912.0,0.0833333333333333,1.0,0.25,0.25,1.0,0.0,1.0,16.0,12.7,0.0,1.819971,1.033928375,1.7602486245722773,1
1.0,1048576.0,1.0,2.0,2097152.0,12582912.0,0.1666666666666666,1.0,1.0,1.0,0.0,0.0,1.0,16.0,12.7,0.0,0.785791,0.904655875,0.8686076349197422,0
1.0,1048576.0,1.0,2.0,2097152.0,12582912.0,0.1666666666666666,1.0,1.0,1.0,1.0,0.0,1.0,16.0,12.7,0.0,5.352979,1.4755543750000002,3.62777481514363,1
1.0,1048576.0,1.0,2.0,2097152.0,12582912.0,0.1666666666666666,1.0,0.5,0.5,0.0,0.0,1.0,16.0,12.7,0.0,1.028418,0.93498425,1.0999308277118036,0
1.0,1048576.0,1.0,2.0,2097152.0,12582912.0,0.1666666666666666,1.0,0.5,0.5,1.0,0.0,1.0,16.0,12.7,0.0,1.11499,0.94580575,1.1788784324899697,1
1.0,1048576.0,1.0,2.0,2097152.0,12582912.0,0.1666666666666666,1.0,0.25,0.25,0.0,0.0,1.0,16.0,12.7,0.0,1.577588,1.0036305,1.571881284994826,1
1.0,1048576.0,1.0,2.0,2097152.0,12582912.0,0.1666666666666666,1.0,0.25,0.25,1.0,0.0,1.0,16.0,12.7,0.0,1.759814,1.02640875,1.7145352667735927,1
1.0,1048576.0,1.0,4.0,4194304.0,12582912.0,0.3333333333333333,1.0,1.0,1.0,0.0,0.0,1.0,16.0,12.7,0.0,0.854199,0.913206875,0.9353838909721304,0
1.0,1048576.0,1.0,4.0,4194304.0,12582912.0,0.3333333333333333,1.0,1.0,1.0,1.0,0.0,1.0,16.0,12.7,0.0,1.084229,0.941960625,1.1510343120764734,1
1.0,1048576.0,1.0,4.0,4194304.0,12582912.0,0.3333333333333333,1.0,0.5,0.5,0.0,0.0,1.0,16.0,12.7,0.0,1.005176,0.932079,1.0784236100158893,0
1.0,1048576.0,1.0,4.0,4194304.0,12582912.0,0.3333333333333333,1.0,0.5,0.5,1.0,0.0,1.0,16.0,12.7,0.0,1.318994,0.97130625,1.3579589341672618,1
1.0,1048576.0,1.0,4.0,4194304.0,12582912.0,0.3333333333333333,1.0,0.25,0.25,0.0,0.0,1.0,16.0,12.7,0.0,1.473584,0.99063,1.487522081907473,1
1.0,1048576.0,1.0,4.0,4194304.0,12582912.0,0.3333333333333333,1.0,0.25,0.25,1.0,0.0,1.0,16.0,12.7,0.0,1.597217,1.006084125,1.5875580980864796,1
1.0,1048576.0,1.0,8.0,8388608.0,12582912.0,0.6666666666666666,1.0,1.0,1.0,0.0,0.0,1.0,16.0,12.7,0.0,0.836768,0.911028,0.9184876864377384,0
1.0,1048576.0,1.0,8.0,8388608.0,12582912.0,0.6666666666666666,1.0,1.0,1.0,1.0,0.0,1.0,16.0,12.7,0.0,2.242627,1.086760375,2.063589224993596,1
1.0,1048576.0,1.0,8.0,8388608.0,12582912.0,0.6666666666666666,1.0,0.5,0.5,0.0,0.0,1.0,16.0,12.7,0.0,1.45542,0.9883595,1.4725613503993231,1
1.0,1048576.0,1.0,8.0,8388608.0,12582912.0,0.6666666666666666,1.0,0.5,0.5,1.0,0.0,1.0,16.0,12.7,0.0,2.066016,1.064684,1.940496898610292,1
1.0,1048576.0,1.0,8.0,8388608.0,12582912.0,0.6666666666666666,1.0,0.25,0.25,0.0,0.0,1.0,16.0,12.7,0.0,1.752832,1.025536,1.7091862206689965,1
1.0,1048576.0,1.0,8.0,8388608.0,12582912.0,0.6666666666666666,1.0,0.25,0.25,1.0,0.0,1.0,16.0,12.7,0.0,1.786377,1.029729125,1.7348028298218718,1
1.0,1048576.0,1.0,16.0,16777216.0,12582912.0,1.3333333333333333,1.0,1.0,1.0,0.0,0.0,1.0,16.0,12.7,0.0,0.807813,0.907408625,0.8902417034001632,0
1.0,1048576.0,1.0,16.0,16777216.0,12582912.0,1.3333333333333333,1.0,1.0,1.0,1.0,0.0,1.0,16.0,12.7,0.0,1.099414,0.94385875,1.1648077638735668,1
1.0,1048576.0,1.0,16.0,16777216.0,12582912.0,1.3333333333333333,1.0,0.5,0.5,0.0,0.0,1.0,16.0,12.7,0.0,0.964014,0.92693375,1.0400031285946811,0
1.0,1048576.0,1.0,16.0,16777216.0,12582912.0,1.3333333333333333,1.0,0.5,0.5,1.0,0.0,1.0,16.0,12.7,0.0,1.377588,0.9786305,1.407669186684862,1
1.0,1048576.0,1.0,16.0,16777216.0,12582912.0,1.3333333333333333,1.0,0.25,0.25,0.0,0.0,1.0,16.0,12.7,0.0,1.731396,1.0228565,1.6927066504441235,1
1.0,1048576.0,1.0,16.0,16777216.0,12582912.0,1.3333333333333333,1.0,0.25,0.25,1.0,0.0,1.0,16.0,12.7,0.0,1.75083,1.02528575,1.707650769553756,1
1.0,1048576.0,1.0,32.0,33554432.0,12582912.0,2.6666666666666665,1.0,1.0,1.0,0.0,0.0,1.0,16.0,12.7,0.0,0.843604,0.9118825,0.9251235767766132,0
1.0,1048576.0,1.0,32.0,33554432.0,12582912.0,2.6666666666666665,1.0,1.0,1.0,1.0,0.0,1.0,16.0,12.7,0.0,1.040967,0.936552875,1.111487698972682,1
1.0,1048576.0,1.0,32.0,33554432.0,12582912.0,2.6666666666666665,1.0,0.5,0.5,0.0,0.0,1.0,16.0,12.7,0.0,1.497998,0.99368175,1.5075229066046547,1
1.0,1048576.0,1.0,32.0,33554432.0,12582912.0,2.6666666666666665,1.0,0.5,0.5,1.0,0.0,1.0,16.0,12.7,0.0,1.21123,0.95783575,1.2645487496159962,1
1.0,1048576.0,1.0,32.0,33554432.0,12582912.0,2.6666666666666665,1.0,0.25,0.25,0.0,0.0,1.0,16.0,12.7,0.0,1.643994,1.01193125,1.6246103675521435,1
1.0,1048576.0,1.0,32.0,33554432.0,12582912.0,2.6666666666666665,1.0,0.25,0.25,1.0,0.0,1.0,16.0,12.7,0.0,2.331201,1.097832125,2.123458538799819,1
1.0,2097152.0,1.0,1.0,2097152.0,25165824.0,0.0833333333333333,1.0,1.0,1.0,0.0,0.0,1.0,16.0,12.7,0.0,1.9146,1.832189,1.0449795299502398,0
1.0,2097152.0,1.0,1.0,2097152.0,25165824.0,0.0833333333333333,1.0,1.0,1.0,1.0,0.0,1.0,16.0,12.7,0.0,1.807813,1.818840625,0.9939370031390188,0
1.0,2097152.0,1.0,1.0,2097152.0,25165824.0,0.0833333333333333,1.0,0.5,0.5,0.0,0.0,1.0,16.0,12.7,0.0,2.397607,1.892564875,1.2668559116104274,1
1.0,2097152.0,1.0,1.0,2097152.0,25165824.0,0.0833333333333333,1.0,0.5,0.5,1.0,0.0,1.0,16.0,12.7,0.0,2.538623,1.910191875,1.3289884818508089,1
1.0,2097152.0,1.0,1.0,2097152.0,25165824.0,0.0833333333333333,1.0,0.25,0.25,0.0,0.0,1.0,16.0,12.7,0.0,3.859814,2.07534075,1.8598459072323423,1
1.0,2097152.0,1.0,1.0,2097152.0,25165824.0,0.0833333333333333,1.0,0.25,0.25,1.0,0.0,1.0,16.0,12.7,0.0,4.198242,2.11764425,1.9825057962403267,1
1.0,2097152.0,1.0,2.0,4194304.0,25165824.0,0.1666666666666666,1.0,1.0,1.0,0.0,0.0,1.0,16.0,12.7,0.0,3.337402,2.01003925,1.6603665823938512,1
1.0,2097152.0,1.0,2.0,4194304.0,25165824.0,0.1666666666666666,1.0,1.0,1.0,1.0,0.0,1.0,16.0,12.7,0.0,4.024414,2.09591575,1.9201220278057456,1
1.0,2097152.0,1.0,2.0,4194304.0,25165824.0,0.1666666666666666,1.0,0.5,0.5,0.0,0.0,1.0,16.0,12.7,0.0,4.255615,2.124815875,2.0028158910475007,1
1.0,2097152.0,1.0,2.0,4194304.0,25165824.0,0.1666666666666666,1.0,0.5,0.5,1.0,0.0,1.0,16.0,12.7,0.0,4.288818,2.12896625,2.0145072755380693,1
1.0,2097152.0,1.0,2.0,4194304.0,25165824.0,0.1666666666666666,1.0,0.25,0.25,0.0,0.0,1.0,16.0,12.7,0.0,4.100391,2.1054128750000003,1.947547223961951,1
1.0,2097152.0,1.0,2.0,4194304.0,25165824.0,0.1666666666666666,1.0,0.25,0.25,1.0,0.0,1.0,16.0,12.7,0.0,4.100781,2.105461625,1.9476873628603888,1
1.0,2097152.0,1.0,4.0,8388608.0,25165824.0,0.3333333333333333,1.0,1.0,1.0,0.0,0.0,1.0,16.0,12.7,0.0,1.781787,1.815587375,0.9813832286644976,0
1.0,2097152.0,1.0,4.0,8388608.0,25165824.0,0.3333333333333333,1.0,1.0,1.0,1.0,0.0,1.0,16.0,12.7,0.0,2.208398,1.86891375,1.1816478957362264,1
1.0,2097152.0,1.0,4.0,8388608.0,25165824.0,0.3333333333333333,1.0,0.5,0.5,0.0,0.0,1.0,16.0,12.7,0.0,2.423389,1.895787625,1.2783019405984355,1
1.0,2097152.0,1.0,4.0,8388608.0,25165824.0,0.3333333333333333,1.0,0.5,0.5,1.0,0.0,1.0,16.0,12.7,0.0,2.627002,1.92123925,1.3673476637540063,1
1.0,2097152.0,1.0,4.0,8388608.0,25165824.0,0.3333333333333333,1.0,0.25,0.25,0.0,0.0,1.0,16.0,12.7,0.0,4.099414,2.10529075,1.9471961295607272,1
1.0,2097152.0,1.0,4.0,8388608.0,25165824.0,0.3333333333333333,1.0,0.25,0.25,1.0,0.0,1.0,16.0,12.7,0.0,4.2396,2.122814,1.9971603729766243,1
1.0,2097152.0,1.0,8.0,16777216.0,25165824.0,0.6666666666666666,1.0,1.0,1.0,0.0,0.0,1.0,16.0,12.7,0.0,1.762793,1.813213125,0.9721929406395622,0
1.0,2097152.0,1.0,8.0,16777216.0,25165824.0,0.6666666666666666,1.0,1.0,1.0,1.0,0.0,1.0,16.0,12.7,0.0,2.25,1.874114,1.2005673080719743,1
1.0,2097152.0,1.0,8.0,16777216.0,25165824.0,0.6666666666666666,1.0,0.5,0.5,0.0,0.0,1.0,16.0,12.7,0.0,2.375,1.889739,1.2567873129569744,1
1.0,2097152.0,1.0,8.0,16777216.0,25165824.0,0.6666666666666666,1.0,0.5,0.5,1.0,0.0,1.0,16.0,12.7,0.0,2.669385,1.926537125,1.3855871061918934,1
1.0,2097152.0,1.0,8.0,16777216.0,25165824.0,0.6666666666666666,1.0,0.25,0.25,0.0,0.0,1.0,16.0,12.7,0.0,4.114209,2.107140125,1.952508497744069,1
1.0,2097152.0,1.0,8.0,16777216.0,25165824.0,0.6666666666666666,1.0,0.25,0.25,1.0,0.0,1.0,16.0,12.7,0.0,4.18042,2.1154165,1.9761687592017927,1
1.0,2097152.0,1.0,16.0,33554432.0,25165824.0,1.3333333333333333,1.0,1.0,1.0,0.0,0.0,1.0,16.0,12.7,0.0,2.469189,1.901512625,1.298539366784378,1
1.0,2097152.0,1.0,16.0,33554432.0,25165824.0,1.3333333333333333,1.0,1.0,1.0,1.0,0.0,1.0,16.0,12.7,0.0,2.208203,1.868889375,1.1815589673412317,1
1.0,2097152.0,1.0,16.0,33554432.0,25165824.0,1.3333333333333333,1.0,0.5,0.5,0.0,0.0,1.0,16.0,12.7,0.0,2.385986,1.89111225,1.26168396402699,1
1.0,2097152.0,1.0,16.0,33554432.0,25165824.0,1.3333333333333333,1.0,0.5,0.5,1.0,0.0,1.0,16.0,12.7,0.0,2.793799,1.942088875,1.4385536295294414,1
1.0,2097152.0,1.0,16.0,33554432.0,25165824.0,1.3333333333333333,1.0,0.25,0.25,0.0,0.0,1.0,16.0,12.7,0.0,4.040576,2.097936,1.925976769548737,1
1.0,2097152.0,1.0,16.0,33554432.0,25165824.0,1.3333333333333333,1.0,0.25,0.25,1.0,0.0,1.0,16.0,12.7,0.0,5.628613,2.296440625,2.451016124137761,1
1.0,2097152.0,1.0,32.0,67108864.0,25165824.0,2.6666666666666665,1.0,1.0,1.0,0.0,0.0,1.0,16.0,12.7,0.0,3.204199,1.993388875,1.6074129038168732,1
1.0,2097152.0,1.0,32.0,67108864.0,25165824.0,2.6666666666666665,1.0,1.0,1.0,1.0,0.0,1.0,16.0,12.7,0.0,4.132422,2.10941675,1.9590353589446,1
1.0,2097152.0,1.0,32.0,67108864.0,25165824.0,2.6666666666666665,1.0,0.5,0.5,0.0,0.0,1.0,16.0,12.7,0.0,3.376025,2.014867125,1.6755571412680623,1
1.0,2097152.0,1.0,32.0,67108864.0,25165824.0,2.6666666666666665,1.0,0.5,0.5,1.0,0.0,1.0,16.0,12.7,0.0,2.555615,1.912315875,1.3363979421025305,1
1.0,2097152.0,1.0,32.0,67108864.0,25165824.0,2.6666666666666665,1.0,0.25,0.25,0.0,0.0,1.0,16.0,12.7,0.0,3.984814,2.09096575,1.90572896758352,1
1.0,2097152.0,1.0,32.0,67108864.0,25165824.0,2.6666666666666665,1.0,0.25,0.25,1.0,0.0,1.0,16.0,12.7,0.0,4.105371,2.106035375,1.949336202389288,1
1.0,32768.0,3.0,2.0,65536.0,12288.0,5.333333333333333,10000.0,0.15,0.5,0.0,0.0,1.0,15.75,6.03,0.0,1.872457142857143,0.034912,53.63362576928114,1
1.0,262144.0,3.0,2.0,524288.0,49152.0,10.666666666666666,10000.0,0.15,0.5,0.0,0.0,1.0,15.75,6.03,0.0,14.979657142857144,0.040768,367.43664498766543,1
1.0,884736.0,3.0,2.0,1769472.0,110592.0,16.0,10000.0,0.15,0.5,0.0,0.0,1.0,15.75,6.03,0.0,50.55634285714286,0.065824,768.0533370372943,1
1.0,2097152.0,3.0,2.0,4194304.0,196608.0,21.33333333333333,10000.0,0.15,0.5,0.0,0.0,1.0,15.75,6.03,0.0,119.83725714285715,0.133664,896.5559697664079,1
1.0,7077888.0,3.0,2.0,14155776.0,442368.0,32.0,10000.0,0.15,0.5,0.0,0.0,1.0,15.75,6.03,0.0,404.45074285714287,0.40064,1009.5116385212232,1
1.0,16777216.0,3.0,2.0,33554432.0,786432.0,42.66666666666666,10000.0,0.15,0.5,0.0,0.0,1.0,15.75,6.03,0.0,958.6980571428572,0.86144,1112.9017193801742,1
1.0,56623104.0,3.0,2.0,113246208.0,1769472.0,64.0,10000.0,0.15,0.5,0.0,0.0,1.0,15.75,6.03,0.0,3235.605942857143,2.8045759999999995,1153.68809504793,1
1.0,134217728.0,3.0,2.0,268435456.0,3145728.0,85.33333333333333,10000.0,0.15,0.5,0.0,0.0,1.0,15.75,6.03,0.0,7669.584457142858,6.457728,1187.659879317131,1
1.0,452984832.0,3.0,2.0,905969664.0,7077888.0,128.0,10000.0,0.15,0.5,0.0,0.0,1.0,15.75,6.03,0.0,25884.847542857144,21.587584000000003,1199.0618099207925,1
1.0,1073741824.0,3.0,2.0,2147483648.0,12582912.0,170.66666666666666,10000.0,0.15,0.5,0.0,0.0,1.0,15.75,6.03,0.0,61356.67565714286,48.576064,1263.1051304844889,1
1.0,32768.0,3.0,2.0,65536.0,12288.0,5.333333333333333,10000.0,0.15,0.5,0.0,0.0,1.0,15.75,6.03,0.0,1.872457142857143,0.0243199999999999,76.99248120300753,1
1.0,262144.0,3.0,2.0,524288.0,49152.0,10.666666666666666,10000.0,0.15,0.5,0.0,0.0,1.0,15.75,6.03,0.0,14.979657142857144,0.0282559999999999,530.1407539233135,1
1.0,884736.0,3.0,2.0,1769472.0,110592.0,16.0,10000.0,0.15,0.5,0.0,0.0,1.0,15.75,6.03,0.0,50.55634285714286,0.063808,792.319816592635,1
1.0,2097152.0,3.0,2.0,4194304.0,196608.0,21.33333333333333,10000.0,0.15,0.5,0.0,0.0,1.0,15.75,6.03,0.0,119.83725714285715,0.132576,903.913658149719,1
1.0,7077888.0,3.0,2.0,14155776.0,442368.0,32.0,10000.0,0.15,0.5,0.0,0.0,1.0,15.75,6.03,0.0,404.45074285714287,0.402912,1003.8190544266312,1
1.0,16777216.0,3.0,2.0,33554432.0,786432.0,42.66666666666666,10000.0,0.15,0.5,0.0,0.0,1.0,15.75,6.03,0.0,958.6980571428572,0.8606079999999999,1113.9776264488098,1
1.0,56623104.0,3.0,2.0,113246208.0,1769472.0,64.0,10000.0,0.15,0.5,0.0,0.0,1.0,15.75,6.03,0.0,3235.605942857143,2.793984,1158.061729364643,1
1.0,134217728.0,3.0,2.0,268435456.0,3145728.0,85.33333333333333,10000.0,0.15,0.5,0.0,0.0,1.0,15.75,6.03,0.0,7669.584457142858,6.448512,1189.3572435226697,1
1.0,4096.0,2.0,7.0,28672.0,49152.0,0.5833333333333334,4.0,0.8,0.5,0.0,0.0,1.0,15.75,6.03,0.0,0.08192,0.0347839999999999,2.3551057957681696,1
1.0,16384.0,2.0,7.0,114688.0,196608.0,0.5833333333333334,4.0,0.8,0.5,0.0,0.0,1.0,15.75,6.03,0.0,0.32768,0.139616,2.347008938803576,1
1.0,65536.0,2.0,7.0,458752.0,786432.0,0.5833333333333334,4.0,0.8,0.5,0.0,0.0,1.0,15.75,6.03,0.0,1.31072,0.855872,1.5314439542361475,1
1.0,262144.0,2.0,7.0,1835008.0,3145728.0,0.5833333333333334,4.0,0.8,0.5,0.0,0.0,1.0,15.75,6.03,0.0,5.24288,6.404832,0.8185819706121878,0
1.0,1048576.0,2.0,7.0,7340032.0,12582912.0,0.5833333333333334,4.0,0.8,0.5,0.0,0.0,1.0,15.75,6.03,0.0,20.97152,70.117664,0.2990903975352059,0
1.0,4194304.0,2.0,7.0,29360128.0,50331648.0,0.5833333333333334,4.0,0.8,0.5,0.0,0.0,1.0,15.75,6.03,0.0,83.88608,3212.845376,0.0261095914003923,0
1.0,16777216.0,2.0,7.0,117440512.0,201326592.0,0.5833333333333334,4.0,0.8,0.5,0.0,0.0,1.0,15.75,6.03,0.0,335.54432,40877.680064,0.0082084971425642,0
1.0,4096.0,2.0,4.0,16384.0,49152.0,0.3333333333333333,2.0,0.35,0.5,0.0,0.0,1.0,15.75,6.03,0.0,0.0468114285714285,0.006948,6.737396167447981,1
1.0,16384.0,2.0,4.0,65536.0,196608.0,0.3333333333333333,2.0,0.35,0.5,0.0,0.0,1.0,15.75,6.03,0.0,0.1872457142857143,0.0177319999999999,10.559762817827336,1
1.0,65536.0,2.0,4.0,262144.0,786432.0,0.3333333333333333,2.0,0.35,0.5,0.0,0.0,1.0,15.75,6.03,0.0,0.7489828571428572,0.075716,9.892002445227655,1
1.0,262144.0,2.0,4.0,1048576.0,3145728.0,0.3333333333333333,2.0,0.35,0.5,0.0,0.0,1.0,15.75,6.03,0.0,2.9959314285714287,0.281732,10.633976362541098,1
1.0,1048576.0,2.0,4.0,4194304.0,12582912.0,0.3333333333333333,2.0,0.35,0.5,0.0,0.0,1.0,15.75,6.03,0.0,11.983725714285717,1.480964,8.091841337321984,1
1.0,4194304.0,2.0,4.0,16777216.0,50331648.0,0.3333333333333333,2.0,0.35,0.5,0.0,0.0,1.0,15.75,6.03,0.0,47.93490285714286,6.042756000000001,7.932622607489505,1
1.0,4096.0,2.0,2.0,8192.0,49152.0,0.1666666666666666,9996.0,0.15,0.5,0.0,0.0,1.0,15.75,6.03,0.0,0.0935479738368,0.0281279999999999,3.325795429351536,1
1.0,16384.0,2.0,2.0,32768.0,196608.0,0.1666666666666666,9996.0,0.15,0.5,0.0,0.0,1.0,15.75,6.03,0.0,0.3741918953472,0.0533759999999999,7.010489646043166,1
1.0,65536.0,2.0,2.0,131072.0,786432.0,0.1666666666666666,9996.0,0.15,0.5,0.0,0.0,1.0,15.75,6.03,0.0,1.4967675813888,0.152608,9.807923446928076,1
1.0,262144.0,2.0,2.0,524288.0,3145728.0,0.1666666666666666,9996.0,0.15,0.5,0.0,0.0,1.0,15.75,6.03,0.0,5.9870703255552,0.496352,12.062146068828572,1
1.0,1048576.0,2.0,2.0,2097152.0,12582912.0,0.1666666666666666,9996.0,0.15,0.5,0.0,0.0,1.0,15.75,6.03,0.0,23.9482813022208,2.437568,9.824661835986031,1
1.0,4194304.0,2.0,2.0,8388608.0,50331648.0,0.1666666666666666,9996.0,0.15,0.5,0.0,0.0,1.0,15.75,6.03,0.0,95.7931252088832,22.536736,4.25053234012606,1
1.0,4096.0,2.0,75.0,307200.0,49152.0,6.25,13.0,0.8,0.5,0.0,0.0,1.0,15.75,6.03,0.0,0.8773632351085714,0.009924,88.40822602867506,1
1.0,16384.0,2.0,75.0,1228800.0,196608.0,6.25,13.0,0.8,0.5,0.0,0.0,1.0,15.75,6.03,0.0,3.5094529404342856,0.022244,157.77076696791428,1
1.0,65536.0,2.0,75.0,4915200.0,786432.0,6.25,13.0,0.8,0.5,0.0,0.0,1.0,15.75,6.03,0.0,14.037811761737142,0.071876,195.3059680802652,1
1.0,262144.0,2.0,75.0,19660800.0,3145728.0,6.25,13.0,0.8,0.5,0.0,0.0,1.0,15.75,6.03,0.0,56.15124704694857,0.2496999999999999,224.8748379933864,1
1.0,1048576.0,2.0,75.0,78643200.0,12582912.0,6.25,13.0,0.8,0.5,0.0,0.0,1.0,15.75,6.03,0.0,224.60498818779428,1.535236,146.2999748493354,1
1.0,4194304.0,2.0,75.0,314572800.0,50331648.0,6.25,13.0,0.8,0.5,0.0,0.0,1.0,15.75,6.03,0.0,898.4199527511771,6.375044,140.9276473623048,1
1.0,4096.0,2.0,21.0,86016.0,49152.0,1.75,6.0,0.8,0.5,0.0,0.0,1.0,15.75,6.03,0.0,0.2456617058304,0.008708,28.21103649866789,1
1.0,16384.0,2.0,21.0,344064.0,196608.0,1.75,6.0,0.8,0.5,0.0,0.0,1.0,15.75,6.03,0.0,0.9826468233216,0.023652,41.54603514804668,1
1.0,65536.0,2.0,21.0,1376256.0,786432.0,1.75,6.0,0.8,0.5,0.0,0.0,1.0,15.75,6.03,0.0,3.9305872932864,0.071908,54.66133522398621,1
1.0,262144.0,2.0,21.0,5505024.0,3145728.0,1.75,6.0,0.8,0.5,0.0,0.0,1.0,15.75,6.03,0.0,15.7223491731456,0.272132,57.77471658292888,1
1.0,1048576.0,2.0,21.0,22020096.0,12582912.0,1.75,6.0,0.8,0.5,0.0,0.0,1.0,15.75,6.03,0.0,62.8893966925824,2.344932,26.81928375431885,1
1.0,4194304.0,2.0,21.0,88080384.0,50331648.0,1.75,6.0,0.8,0.5,0.0,0.0,1.0,15.75,6.03,0.0,251.5575867703296,9.29162,27.07359822833151,1
1.0,1024.0,1.0,1.0,1024.0,12288.0,0.0833333333333333,3.0,1.0,1.0,0.0,0.0,1.0,15.75,6.03,0.0,0.001,0.0237439999999999,0.0421159029649595,0
1.0,8192.0,1.0,1.0,8192.0,98304.0,0.0833333333333333,3.0,1.0,1.0,0.0,0.0,1.0,15.75,6.03,0.0,0.0023405714285714,0.06624,0.0353347135955831,0
1.0,65536.0,1.0,1.0,65536.0,786432.0,0.0833333333333333,3.0,1.0,1.0,0.0,0.0,1.0,15.75,6.03,0.0,0.0187245714285714,0.267328,0.0700434351380006,0
1.0,262144.0,1.0,1.0,262144.0,3145728.0,0.0833333333333333,3.0,1.0,1.0,0.0,0.0,1.0,15.75,6.03,0.0,0.0748982857142857,1.7306559999999998,0.0432773963828084,0
1.0,1048576.0,1.0,1.0,1048576.0,12582912.0,0.0833333333333333,3.0,1.0,1.0,0.0,0.0,1.0,15.75,6.03,0.0,0.2995931428571428,8.115488,0.0369162203008793,0
1.0,4194304.0,1.0,1.0,4194304.0,50331648.0,0.0833333333333333,3.0,1.0,1.0,0.0,0.0,1.0,15.75,6.03,0.0,1.1983725714285711,67.293568,0.0178081294697967,0
1.0,1024.0,1.0,2.0,2048.0,12288.0,0.1666666666666666,3.0,1.0,1.0,0.0,0.0,1.0,15.75,6.03,0.0,0.001,0.0181799999999999,0.055005500550055,0
1.0,8192.0,1.0,2.0,16384.0,98304.0,0.1666666666666666,3.0,1.0,1.0,0.0,0.0,1.0,15.75,6.03,0.0,0.0046811428571428,0.125508,0.0372975655507446,0
1.0,65536.0,1.0,2.0,131072.0,786432.0,0.1666666666666666,3.0,1.0,1.0,0.0,0.0,1.0,15.75,6.03,0.0,0.0374491428571428,0.934372,0.0400794788982791,0
1.0,262144.0,1.0,2.0,524288.0,3145728.0,0.1666666666666666,3.0,1.0,1.0,0.0,0.0,1.0,15.75,6.03,0.0,0.1497965714285714,3.915172,0.0382605340017172,0
1.0,1048576.0,1.0,2.0,2097152.0,12582912.0,0.1666666666666666,3.0,1.0,1.0,0.0,0.0,1.0,15.75,6.03,0.0,0.5991862857142857,15.094371999999998,0.0396960062806379,0
1.0,4194304.0,1.0,2.0,8388608.0,50331648.0,0.1666666666666666,3.0,1.0,1.0,0.0,0.0,1.0,15.75,6.03,0.0,2.3967451428571427,60.862724000000014,0.0393795246965473,0
1.0,1024.0,1.0,4.0,4096.0,12288.0,0.3333333333333333,7.0,1.0,1.0,1.0,0.0,1.0,15.75,6.03,0.0,0.0011702857142857,0.044576,0.0262537175674289,0
1.0,8192.0,1.0,4.0,32768.0,98304.0,0.3333333333333333,7.0,1.0,1.0,1.0,0.0,1.0,15.75,6.03,0.0,0.0093622857142857,0.151136,0.0619460996340098,0
1.0,65536.0,1.0,4.0,262144.0,786432.0,0.3333333333333333,7.0,1.0,1.0,1.0,0.0,1.0,15.75,6.03,0.0,0.0748982857142857,0.981888,0.0762798666592174,0
1.0,262144.0,1.0,4.0,1048576.0,3145728.0,0.3333333333333333,7.0,1.0,1.0,1.0,0.0,1.0,15.75,6.03,0.0,0.2995931428571428,7.922943999999999,0.0378133611517565,0
1.0,1048576.0,1.0,4.0,4194304.0,12582912.0,0.3333333333333333,7.0,1.0,1.0,1.0,0.0,1.0,15.75,6.03,0.0,1.1983725714285711,32.055712,0.037384057213534,0
1.0,2097152.0,1.0,4.0,8388608.0,25165824.0,0.3333333333333333,7.0,1.0,1.0,1.0,0.0,1.0,15.75,6.03,0.0,2.3967451428571427,64.161216,0.0373550454975345,0
1.0,1024.0,1.0,6.0,6144.0,12288.0,0.5,3.0,0.35,0.5,0.0,0.0,1.0,15.75,6.03,0.0,0.0017554285714285,0.032708,0.0536697007285242,0
1.0,8192.0,1.0,6.0,49152.0,98304.0,0.5,3.0,0.35,0.5,0.0,0.0,1.0,15.75,6.03,0.0,0.0140434285714285,0.246692,0.0569269719789396,0
1.0,65536.0,1.0,6.0,393216.0,786432.0,0.5,3.0,0.35,0.5,0.0,0.0,1.0,15.75,6.03,0.0,0.1123474285714285,1.874948,0.0599202903608145,0
1.0,262144.0,1.0,6.0,1572864.0,3145728.0,0.5,3.0,0.35,0.5,0.0,0.0,1.0,15.75,6.03,0.0,0.4493897142857143,7.518116,0.0597742458729972,0
1.0,1048576.0,1.0,6.0,6291456.0,12582912.0,0.5,3.0,0.35,0.5,0.0,0.0,1.0,15.75,6.03,0.0,1.7975588571428571,30.780068,0.0584000937601196,0
1.0,1024.0,1.0,12.0,12288.0,12288.0,1.0,3.0,1.0,1.0,0.0,0.0,1.0,15.75,6.03,0.0,0.0035108571428571,0.028644,0.1225686755640672,0
1.0,8192.0,1.0,12.0,98304.0,98304.0,1.0,3.0,1.0,1.0,0.0,0.0,1.0,15.75,6.03,0.0,0.0280868571428571,0.2410919999999999,0.1164985032388347,0
1.0,65536.0,1.0,12.0,786432.0,786432.0,1.0,3.0,1.0,1.0,0.0,0.0,1.0,15.75,6.03,0.0,0.2246948571428571,1.897604,0.1184097720825088,0
1.0,262144.0,1.0,12.0,3145728.0,3145728.0,1.0,3.0,1.0,1.0,0.0,0.0,1.0,15.75,6.03,0.0,0.8987794285714286,7.532484,0.1193204563821746,0
1.0,1048576.0,1.0,12.0,12582912.0,12582912.0,1.0,3.0,1.0,1.0,0.0,0.0,1.0,15.75,6.03,0.0,3.5951177142857142,30.106692,0.1194125782495703,0
1.0,256.0,2.0,5.0,1280.0,3072.0,0.4166666666666667,4.0,0.35,0.5,1.0,0.0,1.0,15.75,6.03,0.0,0.0036571428571428,0.011844,0.3087759926665701,0
1.0,1024.0,2.0,5.0,5120.0,12288.0,0.4166666666666667,4.0,0.35,0.5,1.0,0.0,1.0,15.75,6.03,0.0,0.0146285714285714,0.012132,1.2057839951015024,1
1.0,4096.0,2.0,5.0,20480.0,49152.0,0.4166666666666667,4.0,0.35,0.5,1.0,0.0,1.0,15.75,6.03,0.0,0.0585142857142857,0.029604,1.976566873202463,1
1.0,16384.0,2.0,5.0,81920.0,196608.0,0.4166666666666667,4.0,0.35,0.5,1.0,0.0,1.0,15.75,6.03,0.0,0.2340571428571428,0.115684,2.023245590203856,1
1.0,65536.0,2.0,5.0,327680.0,786432.0,0.4166666666666667,4.0,0.35,0.5,1.0,0.0,1.0,15.75,6.03,0.0,0.9362285714285714,0.4731879999999999,1.9785551861597748,1
1.0,262144.0,2.0,5.0,1310720.0,3145728.0,0.4166666666666667,4.0,0.35,0.5,1.0,0.0,1.0,15.75,6.03,0.0,3.7449142857142856,1.90698,1.9637931628618472,1
1.0,1048576.0,2.0,5.0,5242880.0,12582912.0,0.4166666666666667,4.0,0.35,0.5,1.0,0.0,1.0,15.75,6.03,0.0,14.979657142857144,7.520836,1.9917542601457,1
1.0,256.0,2.0,5.0,1280.0,3072.0,0.4166666666666667,4.0,0.35,0.5,0.0,0.0,1.0,15.75,6.03,0.0,0.0036571428571428,0.01098,0.3330731199583658,0
1.0,1024.0,2.0,5.0,5120.0,12288.0,0.4166666666666667,4.0,0.35,0.5,0.0,0.0,1.0,15.75,6.03,0.0,0.0146285714285714,0.011652,1.255455838360061,1
1.0,4096.0,2.0,5.0,20480.0,49152.0,0.4166666666666667,4.0,0.35,0.5,0.0,0.0,1.0,15.75,6.03,0.0,0.0585142857142857,0.02762,2.118547636288404,1
1.0,16384.0,2.0,5.0,81920.0,196608.0,0.4166666666666667,4.0,0.35,0.5,0.0,0.0,1.0,15.75,6.03,0.0,0.2340571428571428,0.1155559999999999,2.025486715160986,1
1.0,65536.0,2.0,5.0,327680.0,786432.0,0.4166666666666667,4.0,0.35,0.5,0.0,0.0,1.0,15.75,6.03,0.0,0.9362285714285714,0.4789799999999999,1.9546297787560472,1
1.0,262144.0,2.0,5.0,1310720.0,3145728.0,0.4166666666666667,4.0,0.35,0.5,0.0,0.0,1.0,15.75,6.03,0.0,3.7449142857142856,1.877508,1.994619615849459,1
1.0,1048576.0,2.0,5.0,5242880.0,12582912.0,0.4166666666666667,4.0,0.35,0.5,0.0,0.0,1.0,15.75,6.03,0.0,14.979657142857144,7.502659999999999,1.9965794988520265,1
1.0,256.0,2.0,10.0,2560.0,3072.0,0.8333333333333334,3.0,0.8,0.5,0.0,0.0,1.0,15.75,6.03,0.0,0.0073142857142857,0.025568,0.2860718755587341,0
1.0,1024.0,2.0,10.0,10240.0,12288.0,0.8333333333333334,3.0,0.8,0.5,0.0,0.0,1.0,15.75,6.03,0.0,0.0292571428571428,0.0768,0.3809523809523809,0
1.0,4096.0,2.0,10.0,40960.0,49152.0,0.8333333333333334,3.0,0.8,0.5,0.0,0.0,1.0,15.75,6.03,0.0,0.1170285714285714,0.1010559999999999,1.1580566362073643,1
1.0,16384.0,2.0,10.0,163840.0,196608.0,0.8333333333333334,3.0,0.8,0.5,0.0,0.0,1.0,15.75,6.03,0.0,0.4681142857142857,0.149248,3.13648615535408,1
1.0,65536.0,2.0,10.0,655360.0,786432.0,0.8333333333333334,3.0,0.8,0.5,0.0,0.0,1.0,15.75,6.03,0.0,1.8724571428571428,0.573248,3.26639978309064,1
1.0,262144.0,2.0,10.0,2621440.0,3145728.0,0.8333333333333334,3.0,0.8,0.5,0.0,0.0,1.0,15.75,6.03,0.0,7.489828571428571,2.288416,3.272931395091002,1
1.0,1024.0,1.0,1.0,1024.0,12288.0,0.0833333333333333,1.0,1.0,1.0,0.0,0.0,1.0,15.75,6.03,0.0,0.001,0.056864,0.0175858187957231,0
1.0,1024.0,1.0,1.0,1024.0,12288.0,0.0833333333333333,1.0,1.0,1.0,1.0,0.0,1.0,15.75,6.03,0.0,0.001,0.041504,0.0240940632228219,0
1.0,1024.0,1.0,1.0,1024.0,12288.0,0.0833333333333333,1.0,0.5,0.5,0.0,0.0,1.0,15.75,6.03,0.0,0.001,0.052832,0.0189279224712295,0
1.0,1024.0,1.0,1.0,1024.0,12288.0,0.0833333333333333,1.0,0.5,0.5,1.0,0.0,1.0,15.75,6.03,0.0,0.001,0.0404159999999999,0.0247426761678543,0
1.0,1024.0,1.0,1.0,1024.0,12288.0,0.0833333333333333,1.0,0.25,0.25,0.0,0.0,1.0,15.75,6.03,0.0,0.001,0.041472,0.0241126543209876,0
1.0,1024.0,1.0,1.0,1024.0,12288.0,0.0833333333333333,1.0,0.25,0.25,1.0,0.0,1.0,15.75,6.03,0.0,0.001,0.0425279999999999,0.0235139202407825,0
1.0,1024.0,1.0,2.0,2048.0,12288.0,0.1666666666666666,1.0,1.0,1.0,0.0,0.0,1.0,15.75,6.03,0.0,0.001,0.093728,0.0106691703653123,0
1.0,1024.0,1.0,2.0,2048.0,12288.0,0.1666666666666666,1.0,1.0,1.0,1.0,0.0,1.0,15.75,6.03,0.0,0.001,0.052704,0.0189738919247116,0
1.0,1024.0,1.0,2.0,2048.0,12288.0,0.1666666666666666,1.0,0.5,0.5,0.0,0.0,1.0,15.75,6.03,0.0,0.001,0.059104,0.0169193286410395,0
1.0,1024.0,1.0,2.0,2048.0,12288.0,0.1666666666666666,1.0,0.5,0.5,1.0,0.0,1.0,15.75,6.03,0.0,0.001,0.052736,0.0189623786407766,0
1.0,1024.0,1.0,2.0,2048.0,12288.0,0.1666666666666666,1.0,0.25,0.25,0.0,0.0,1.0,15.75,6.03,0.0,0.001,0.040416,0.0247426761678543,0
1.0,1024.0,1.0,2.0,2048.0,12288.0,0.1666666666666666,1.0,0.25,0.25,1.0,0.0,1.0,15.75,6.03,0.0,0.001,0.059072,0.01692849404117,0
1.0,1024.0,1.0,4.0,4096.0,12288.0,0.3333333333333333,1.0,1.0,1.0,0.0,0.0,1.0,15.75,6.03,0.0,0.001,0.040544,0.0246645619573796,0
1.0,1024.0,1.0,4.0,4096.0,12288.0,0.3333333333333333,1.0,1.0,1.0,1.0,0.0,1.0,15.75,6.03,0.0,0.001,0.0568,0.0176056338028169,0
1.0,1024.0,1.0,4.0,4096.0,12288.0,0.3333333333333333,1.0,0.5,0.5,0.0,0.0,1.0,15.75,6.03,0.0,0.001,0.049824,0.0200706486833654,0
1.0,1024.0,1.0,4.0,4096.0,12288.0,0.3333333333333333,1.0,0.5,0.5,1.0,0.0,1.0,15.75,6.03,0.0,0.001,0.04272,0.0234082397003745,0
1.0,1024.0,1.0,4.0,4096.0,12288.0,0.3333333333333333,1.0,0.25,0.25,0.0,0.0,1.0,15.75,6.03,0.0,0.001,0.0528,0.0189393939393939,0
1.0,1024.0,1.0,4.0,4096.0,12288.0,0.3333333333333333,1.0,0.25,0.25,1.0,0.0,1.0,15.75,6.03,0.0,0.001,0.075232,0.0132922160782645,0
1.0,1024.0,1.0,8.0,8192.0,12288.0,0.6666666666666666,1.0,1.0,1.0,0.0,0.0,1.0,15.75,6.03,0.0,0.001,0.0999039999999999,0.0100096092248558,0
1.0,1024.0,1.0,8.0,8192.0,12288.0,0.6666666666666666,1.0,1.0,1.0,1.0,0.0,1.0,15.75,6.03,0.0,0.001,0.0507199999999999,0.0197160883280757,0
1.0,1024.0,1.0,8.0,8192.0,12288.0,0.6666666666666666,1.0,0.5,0.5,0.0,0.0,1.0,15.75,6.03,0.0,0.001,0.072128,0.0138642413487133,0
1.0,1024.0,1.0,8.0,8192.0,12288.0,0.6666666666666666,1.0,0.5,0.5,1.0,0.0,1.0,15.75,6.03,0.0,0.001,0.06,0.0166666666666666,0
1.0,1024.0,1.0,8.0,8192.0,12288.0,0.6666666666666666,1.0,0.25,0.25,0.0,0.0,1.0,15.75,6.03,0.0,0.001,0.036512,0.0273882559158632,0
1.0,1024.0,1.0,8.0,8192.0,12288.0,0.6666666666666666,1.0,0.25,0.25,1.0,0.0,1.0,15.75,6.03,0.0,0.001,0.051776,0.0193139678615574,0
1.0,1024.0,1.0,16.0,16384.0,12288.0,1.3333333333333333,1.0,1.0,1.0,0.0,0.0,1.0,15.75,6.03,0.0,0.001,0.052736,0.0189623786407766,0
1.0,1024.0,1.0,16.0,16384.0,12288.0,1.3333333333333333,1.0,1.0,1.0,1.0,0.0,1.0,15.75,6.03,0.0,0.001,0.051616,0.0193738375697458,0
1.0,1024.0,1.0,16.0,16384.0,12288.0,1.3333333333333333,1.0,0.5,0.5,0.0,0.0,1.0,15.75,6.03,0.0,0.001,0.095808,0.010437541750167,0
1.0,1024.0,1.0,16.0,16384.0,12288.0,1.3333333333333333,1.0,0.5,0.5,1.0,0.0,1.0,15.75,6.03,0.0,0.001,0.054912,0.0182109557109557,0
1.0,1024.0,1.0,16.0,16384.0,12288.0,1.3333333333333333,1.0,0.25,0.25,0.0,0.0,1.0,15.75,6.03,0.0,0.001,0.0508799999999999,0.0196540880503144,0
1.0,1024.0,1.0,16.0,16384.0,12288.0,1.3333333333333333,1.0,0.25,0.25,1.0,0.0,1.0,15.75,6.03,0.0,0.001,0.041536,0.024075500770416,0
1.0,1024.0,1.0,32.0,32768.0,12288.0,2.6666666666666665,1.0,1.0,1.0,0.0,0.0,1.0,15.75,6.03,0.0,0.001,0.051744,0.019325912183055,0
1.0,1024.0,1.0,32.0,32768.0,12288.0,2.6666666666666665,1.0,1.0,1.0,1.0,0.0,1.0,15.75,6.03,0.0,0.001,0.053888,0.0185570071258907,0
1.0,1024.0,1.0,32.0,32768.0,12288.0,2.6666666666666665,1.0,0.5,0.5,0.0,0.0,1.0,15.75,6.03,0.0,0.001,0.051744,0.019325912183055,0
1.0,1024.0,1.0,32.0,32768.0,12288.0,2.6666666666666665,1.0,0.5,0.5,1.0,0.0,1.0,15.75,6.03,0.0,0.001,0.05888,0.0169836956521739,0
1.0,1024.0,1.0,32.0,32768.0,12288.0,2.6666666666666665,1.0,0.25,0.25,0.0,0.0,1.0,15.75,6.03,0.0,0.001,0.060032,0.0166577825159914,0
1.0,1024.0,1.0,32.0,32768.0,12288.0,2.6666666666666665,1.0,0.25,0.25,1.0,0.0,1.0,15.75,6.03,0.0,0.001,0.09776,0.0102291325695581,0
1.0,4096.0,1.0,1.0,4096.0,49152.0,0.0833333333333333,1.0,1.0,1.0,0.0,0.0,1.0,15.75,6.03,0.0,0.001,0.179584,0.0055684248039914,0
1.0,4096.0,1.0,1.0,4096.0,49152.0,0.0833333333333333,1.0,1.0,1.0,1.0,0.0,1.0,15.75,6.03,0.0,0.001,0.179712,0.0055644586894586,0
1.0,4096.0,1.0,1.0,4096.0,49152.0,0.0833333333333333,1.0,0.5,0.5,0.0,0.0,1.0,15.75,6.03,0.0,0.001,0.128448,0.0077852516193323,0
1.0,4096.0,1.0,1.0,4096.0,49152.0,0.0833333333333333,1.0,0.5,0.5,1.0,0.0,1.0,15.75,6.03,0.0,0.001,0.130464,0.0076649497179298,0
1.0,4096.0,1.0,1.0,4096.0,49152.0,0.0833333333333333,1.0,0.25,0.25,0.0,0.0,1.0,15.75,6.03,0.0,0.001,0.129568,0.0077179550506297,0
1.0,4096.0,1.0,1.0,4096.0,49152.0,0.0833333333333333,1.0,0.25,0.25,1.0,0.0,1.0,15.75,6.03,0.0,0.001,0.14464,0.0069137168141592,0
1.0,4096.0,1.0,2.0,8192.0,49152.0,0.1666666666666666,1.0,1.0,1.0,0.0,0.0,1.0,15.75,6.03,0.0,0.001,0.129472,0.0077236777063766,0
1.0,4096.0,1.0,2.0,8192.0,49152.0,0.1666666666666666,1.0,1.0,1.0,1.0,0.0,1.0,15.75,6.03,0.0,0.001,0.186752,0.0053546949965729,0
1.0,4096.0,1.0,2.0,8192.0,49152.0,0.1666666666666666,1.0,0.5,0.5,0.0,0.0,1.0,15.75,6.03,0.0,0.001,0.138752,0.0072071033210332,0
1.0,4096.0,1.0,2.0,8192.0,49152.0,0.1666666666666666,1.0,0.5,0.5,1.0,0.0,1.0,15.75,6.03,0.0,0.001,0.1304,0.0076687116564417,0
1.0,4096.0,1.0,2.0,8192.0,49152.0,0.1666666666666666,1.0,0.25,0.25,0.0,0.0,1.0,15.75,6.03,0.0,0.001,0.146112,0.006844064826982,0
1.0,4096.0,1.0,2.0,8192.0,49152.0,0.1666666666666666,1.0,0.25,0.25,1.0,0.0,1.0,15.75,6.03,0.0,0.001,0.1304,0.0076687116564417,0
1.0,4096.0,1.0,4.0,16384.0,49152.0,0.3333333333333333,1.0,1.0,1.0,0.0,0.0,1.0,15.75,6.03,0.0,0.001,0.180608,0.005536853295535,0
1.0,4096.0,1.0,4.0,16384.0,49152.0,0.3333333333333333,1.0,1.0,1.0,1.0,0.0,1.0,15.75,6.03,0.0,0.001,0.139776,0.007154304029304,0
1.0,4096.0,1.0,4.0,16384.0,49152.0,0.3333333333333333,1.0,0.5,0.5,0.0,0.0,1.0,15.75,6.03,0.0,0.001,0.182688,0.0054738132772814,0
1.0,4096.0,1.0,4.0,16384.0,49152.0,0.3333333333333333,1.0,0.5,0.5,1.0,0.0,1.0,15.75,6.03,0.0,0.001,0.182656,0.0054747722494744,0
1.0,4096.0,1.0,4.0,16384.0,49152.0,0.3333333333333333,1.0,0.25,0.25,0.0,0.0,1.0,15.75,6.03,0.0,0.001,0.197024,0.0050755237940555,0
1.0,4096.0,1.0,4.0,16384.0,49152.0,0.3333333333333333,1.0,0.25,0.25,1.0,0.0,1.0,15.75,6.03,0.0,0.001,0.179552,0.0055694172161824,0
1.0,4096.0,1.0,8.0,32768.0,49152.0,0.6666666666666666,1.0,1.0,1.0,0.0,0.0,1.0,15.75,6.03,0.0,0.001,0.179616,0.0055674327454124,0
1.0,4096.0,1.0,8.0,32768.0,49152.0,0.6666666666666666,1.0,1.0,1.0,1.0,0.0,1.0,15.75,6.03,0.0,0.001,0.142816,0.0070020165807752,0
1.0,4096.0,1.0,8.0,32768.0,49152.0,0.6666666666666666,1.0,0.5,0.5,0.0,0.0,1.0,15.75,6.03,0.0,0.001,0.185728,0.0053842177808407,0
1.0,4096.0,1.0,8.0,32768.0,49152.0,0.6666666666666666,1.0,0.5,0.5,1.0,0.0,1.0,15.75,6.03,0.0,0.001,0.179552,0.0055694172161824,0
1.0,4096.0,1.0,8.0,32768.0,49152.0,0.6666666666666666,1.0,0.25,0.25,0.0,0.0,1.0,15.75,6.03,0.0,0.001,0.200064,0.0049984005118362,0
1.0,4096.0,1.0,8.0,32768.0,49152.0,0.6666666666666666,1.0,0.25,0.25,1.0,0.0,1.0,15.75,6.03,0.0,0.001,0.182688,0.0054738132772814,0
1.0,4096.0,1.0,16.0,65536.0,49152.0,1.3333333333333333,1.0,1.0,1.0,0.0,0.0,1.0,15.75,6.03,0.0,0.0018724571428571,0.18576,0.0100799803125384,0
1.0,4096.0,1.0,16.0,65536.0,49152.0,1.3333333333333333,1.0,1.0,1.0,1.0,0.0,1.0,15.75,6.03,0.0,0.0018724571428571,0.145888,0.0128348948704289,0
1.0,4096.0,1.0,16.0,65536.0,49152.0,1.3333333333333333,1.0,0.5,0.5,0.0,0.0,1.0,15.75,6.03,0.0,0.0018724571428571,0.142784,0.0131139143241339,0
1.0,4096.0,1.0,16.0,65536.0,49152.0,1.3333333333333333,1.0,0.5,0.5,1.0,0.0,1.0,15.75,6.03,0.0,0.0018724571428571,0.144704,0.0129399128072281,0
1.0,4096.0,1.0,16.0,65536.0,49152.0,1.3333333333333333,1.0,0.25,0.25,0.0,0.0,1.0,15.75,6.03,0.0,0.0018724571428571,0.139808,0.0133930615047575,0
1.0,4096.0,1.0,16.0,65536.0,49152.0,1.3333333333333333,1.0,0.25,0.25,1.0,0.0,1.0,15.75,6.03,0.0,0.0018724571428571,0.147872,0.0126626889665193,0
1.0,4096.0,1.0,32.0,131072.0,49152.0,2.6666666666666665,1.0,1.0,1.0,0.0,0.0,1.0,15.75,6.03,0.0,0.0037449142857142,0.142848,0.026216077828981,0
1.0,4096.0,1.0,32.0,131072.0,49152.0,2.6666666666666665,1.0,1.0,1.0,1.0,0.0,1.0,15.75,6.03,0.0,0.0037449142857142,0.128448,0.0291551000071179,0
1.0,4096.0,1.0,32.0,131072.0,49152.0,2.6666666666666665,1.0,0.5,0.5,0.0,0.0,1.0,15.75,6.03,0.0,0.0037449142857142,0.187808,0.019940121218022,0
1.0,4096.0,1.0,32.0,131072.0,49152.0,2.6666666666666665,1.0,0.5,0.5,1.0,0.0,1.0,15.75,6.03,0.0,0.0037449142857142,0.21136,0.0177181788688223,0
1.0,4096.0,1.0,32.0,131072.0,49152.0,2.6666666666666665,1.0,0.25,0.25,0.0,0.0,1.0,15.75,6.03,0.0,0.0037449142857142,0.129632,0.0288888105229749,0
1.0,4096.0,1.0,32.0,131072.0,49152.0,2.6666666666666665,1.0,0.25,0.25,1.0,0.0,1.0,15.75,6.03,0.0,0.0037449142857142,0.131456,0.028487967728474,0
1.0,16384.0,1.0,1.0,16384.0,196608.0,0.0833333333333333,1.0,1.0,1.0,0.0,0.0,1.0,15.75,6.03,0.0,0.001,0.50288,0.0019885459751829,0
1.0,16384.0,1.0,1.0,16384.0,196608.0,0.0833333333333333,1.0,1.0,1.0,1.0,0.0,1.0,15.75,6.03,0.0,0.001,0.540288,0.001850864723999,0
1.0,16384.0,1.0,1.0,16384.0,196608.0,0.0833333333333333,1.0,0.5,0.5,0.0,0.0,1.0,15.75,6.03,0.0,0.001,0.504224,0.001983245541664,0
1.0,16384.0,1.0,1.0,16384.0,196608.0,0.0833333333333333,1.0,0.5,0.5,1.0,0.0,1.0,15.75,6.03,0.0,0.001,0.510528,0.001958756424721,0
1.0,16384.0,1.0,1.0,16384.0,196608.0,0.0833333333333333,1.0,0.25,0.25,0.0,0.0,1.0,15.75,6.03,0.0,0.001,0.497952,0.0020082256924362,0
1.0,16384.0,1.0,1.0,16384.0,196608.0,0.0833333333333333,1.0,0.25,0.25,1.0,0.0,1.0,15.75,6.03,0.0,0.001,0.502144,0.0019914606168748,0
1.0,16384.0,1.0,2.0,32768.0,196608.0,0.1666666666666666,1.0,1.0,1.0,0.0,0.0,1.0,15.75,6.03,0.0,0.001,0.536352,0.0018644472286856,0
1.0,16384.0,1.0,2.0,32768.0,196608.0,0.1666666666666666,1.0,1.0,1.0,1.0,0.0,1.0,15.75,6.03,0.0,0.001,0.5001599999999999,0.0019993602047344,0
1.0,16384.0,1.0,2.0,32768.0,196608.0,0.1666666666666666,1.0,0.5,0.5,0.0,0.0,1.0,15.75,6.03,0.0,0.001,0.541088,0.001848128215743,0
1.0,16384.0,1.0,2.0,32768.0,196608.0,0.1666666666666666,1.0,0.5,0.5,1.0,0.0,1.0,15.75,6.03,0.0,0.001,0.503872,0.0019846310174012,0
1.0,16384.0,1.0,2.0,32768.0,196608.0,0.1666666666666666,1.0,0.25,0.25,0.0,0.0,1.0,15.75,6.03,0.0,0.001,0.607648,0.001645689609774,0
1.0,16384.0,1.0,2.0,32768.0,196608.0,0.1666666666666666,1.0,0.25,0.25,1.0,0.0,1.0,15.75,6.03,0.0,0.001,0.5035839999999999,0.0019857660291033,0
1.0,16384.0,1.0,4.0,65536.0,196608.0,0.3333333333333333,1.0,1.0,1.0,0.0,0.0,1.0,15.75,6.03,0.0,0.0018724571428571,0.539968,0.003467718721956,0
1.0,16384.0,1.0,4.0,65536.0,196608.0,0.3333333333333333,1.0,1.0,1.0,1.0,0.0,1.0,15.75,6.03,0.0,0.0018724571428571,0.4992,0.0037509157509157,0
1.0,16384.0,1.0,4.0,65536.0,196608.0,0.3333333333333333,1.0,0.5,0.5,0.0,0.0,1.0,15.75,6.03,0.0,0.0018724571428571,0.495168,0.003781458298713,0
1.0,16384.0,1.0,4.0,65536.0,196608.0,0.3333333333333333,1.0,0.5,0.5,1.0,0.0,1.0,15.75,6.03,0.0,0.0018724571428571,0.504448,0.0037118932830681,0
1.0,16384.0,1.0,4.0,65536.0,196608.0,0.3333333333333333,1.0,0.25,0.25,0.0,0.0,1.0,15.75,6.03,0.0,0.0018724571428571,0.489248,0.0038272147108565,0
1.0,16384.0,1.0,4.0,65536.0,196608.0,0.3333333333333333,1.0,0.25,0.25,1.0,0.0,1.0,15.75,6.03,0.0,0.0018724571428571,0.502048,0.0037296376897371,0
1.0,16384.0,1.0,8.0,131072.0,196608.0,0.6666666666666666,1.0,1.0,1.0,0.0,0.0,1.0,15.75,6.03,0.0,0.0037449142857142,0.524832,0.0071354534131194,0
1.0,16384.0,1.0,8.0,131072.0,196608.0,0.6666666666666666,1.0,1.0,1.0,1.0,0.0,1.0,15.75,6.03,0.0,0.0037449142857142,0.56608,0.006615521279173,0
1.0,16384.0,1.0,8.0,131072.0,196608.0,0.6666666666666666,1.0,0.5,0.5,0.0,0.0,1.0,15.75,6.03,0.0,0.0037449142857142,0.488608,0.007664455526136,0
1.0,16384.0,1.0,8.0,131072.0,196608.0,0.6666666666666666,1.0,0.5,0.5,1.0,0.0,1.0,15.75,6.03,0.0,0.0037449142857142,0.503584,0.0074365235704754,0
1.0,16384.0,1.0,8.0,131072.0,196608.0,0.6666666666666666,1.0,0.25,0.25,0.0,0.0,1.0,15.75,6.03,0.0,0.0037449142857142,0.4983999999999999,0.0075138729649163,0
1.0,16384.0,1.0,8.0,131072.0,196608.0,0.6666666666666666,1.0,0.25,0.25,1.0,0.0,1.0,15.75,6.03,0.0,0.0037449142857142,0.501952,0.0074607019908562,0
1.0,16384.0,1.0,16.0,262144.0,196608.0,1.3333333333333333,1.0,1.0,1.0,0.0,0.0,1.0,15.75,6.03,0.0,0.0074898285714285,0.556064,0.0134693642663948,0
1.0,16384.0,1.0,16.0,262144.0,196608.0,1.3333333333333333,1.0,1.0,1.0,1.0,0.0,1.0,15.75,6.03,0.0,0.0074898285714285,0.48896,0.015317875841436,0
1.0,16384.0,1.0,16.0,262144.0,196608.0,1.3333333333333333,1.0,0.5,0.5,0.0,0.0,1.0,15.75,6.03,0.0,0.0074898285714285,0.502176,0.0149147481588697,0
1.0,16384.0,1.0,16.0,262144.0,196608.0,1.3333333333333333,1.0,0.5,0.5,1.0,0.0,1.0,15.75,6.03,0.0,0.0074898285714285,0.5203199999999999,0.0143946582322966,0
1.0,16384.0,1.0,16.0,262144.0,196608.0,1.3333333333333333,1.0,0.25,0.25,0.0,0.0,1.0,15.75,6.03,0.0,0.0074898285714285,0.5015040000000001,0.0149347334645956,0
1.0,16384.0,1.0,16.0,262144.0,196608.0,1.3333333333333333,1.0,0.25,0.25,1.0,0.0,1.0,15.75,6.03,0.0,0.0074898285714285,0.505056,0.014829699224301,0
1.0,16384.0,1.0,32.0,524288.0,196608.0,2.6666666666666665,1.0,1.0,1.0,0.0,0.0,1.0,15.75,6.03,0.0,0.0149796571428571,0.4967359999999999,0.0301561737882036,0
1.0,16384.0,1.0,32.0,524288.0,196608.0,2.6666666666666665,1.0,1.0,1.0,1.0,0.0,1.0,15.75,6.03,0.0,0.0149796571428571,0.540416,0.0277187521147729,0
1.0,16384.0,1.0,32.0,524288.0,196608.0,2.6666666666666665,1.0,0.5,0.5,0.0,0.0,1.0,15.75,6.03,0.0,0.0149796571428571,0.49376,0.0303379316729932,0
1.0,16384.0,1.0,32.0,524288.0,196608.0,2.6666666666666665,1.0,0.5,0.5,1.0,0.0,1.0,15.75,6.03,0.0,0.0149796571428571,0.54816,0.0273271620381953,0
1.0,16384.0,1.0,32.0,524288.0,196608.0,2.6666666666666665,1.0,0.25,0.25,0.0,0.0,1.0,15.75,6.03,0.0,0.0149796571428571,0.508032,0.029485656696541,0
1.0,16384.0,1.0,32.0,524288.0,196608.0,2.6666666666666665,1.0,0.25,0.25,1.0,0.0,1.0,15.75,6.03,0.0,0.0149796571428571,0.489376,0.030609709390851,0
1.0,65536.0,1.0,1.0,65536.0,786432.0,0.0833333333333333,1.0,1.0,1.0,0.0,0.0,1.0,15.75,6.03,0.0,0.0018724571428571,1.956512,0.0009570384147182,0
1.0,65536.0,1.0,1.0,65536.0,786432.0,0.0833333333333333,1.0,1.0,1.0,1.0,0.0,1.0,15.75,6.03,0.0,0.0018724571428571,1.961888,0.0009544159212234,0
1.0,65536.0,1.0,1.0,65536.0,786432.0,0.0833333333333333,1.0,0.5,0.5,0.0,0.0,1.0,15.75,6.03,0.0,0.0018724571428571,1.995008,0.0009385712452567,0
1.0,65536.0,1.0,1.0,65536.0,786432.0,0.0833333333333333,1.0,0.5,0.5,1.0,0.0,1.0,15.75,6.03,0.0,0.0018724571428571,2.000096,0.0009361836346141,0
1.0,65536.0,1.0,1.0,65536.0,786432.0,0.0833333333333333,1.0,0.25,0.25,0.0,0.0,1.0,15.75,6.03,0.0,0.0018724571428571,2.077312,0.0009013846465322,0
1.0,65536.0,1.0,1.0,65536.0,786432.0,0.0833333333333333,1.0,0.25,0.25,1.0,0.0,1.0,15.75,6.03,0.0,0.0018724571428571,2.078592,0.0009008295725458,0
1.0,65536.0,1.0,2.0,131072.0,786432.0,0.1666666666666666,1.0,1.0,1.0,0.0,0.0,1.0,15.75,6.03,0.0,0.0037449142857142,1.966656,0.0019042040324867,0
1.0,65536.0,1.0,2.0,131072.0,786432.0,0.1666666666666666,1.0,1.0,1.0,1.0,0.0,1.0,15.75,6.03,0.0,0.0037449142857142,1.956256,0.0019143273097765,0
1.0,65536.0,1.0,2.0,131072.0,786432.0,0.1666666666666666,1.0,0.5,0.5,0.0,0.0,1.0,15.75,6.03,0.0,0.0037449142857142,1.994368,0.0018777448724178,0
1.0,65536.0,1.0,2.0,131072.0,786432.0,0.1666666666666666,1.0,0.5,0.5,1.0,0.0,1.0,15.75,6.03,0.0,0.0037449142857142,2.004192,0.0018685406815885,0
1.0,65536.0,1.0,2.0,131072.0,786432.0,0.1666666666666666,1.0,0.25,0.25,0.0,0.0,1.0,15.75,6.03,0.0,0.0037449142857142,2.07744,0.0018026582167062,0
1.0,65536.0,1.0,2.0,131072.0,786432.0,0.1666666666666666,1.0,0.25,0.25,1.0,0.0,1.0,15.75,6.03,0.0,0.0037449142857142,2.078048,0.001802130790874,0
1.0,65536.0,1.0,4.0,262144.0,786432.0,0.3333333333333333,1.0,1.0,1.0,0.0,0.0,1.0,15.75,6.03,0.0,0.0074898285714285,1.960992,0.0038194080197311,0
1.0,65536.0,1.0,4.0,262144.0,786432.0,0.3333333333333333,1.0,1.0,1.0,1.0,0.0,1.0,15.75,6.03,0.0,0.0074898285714285,1.975456,0.0037914428726474,0
1.0,65536.0,1.0,4.0,262144.0,786432.0,0.3333333333333333,1.0,0.5,0.5,0.0,0.0,1.0,15.75,6.03,0.0,0.0074898285714285,1.997696,0.003749233402594,0
1.0,65536.0,1.0,4.0,262144.0,786432.0,0.3333333333333333,1.0,0.5,0.5,1.0,0.0,1.0,15.75,6.03,0.0,0.0074898285714285,2.001792,0.0037415618463,0
1.0,65536.0,1.0,4.0,262144.0,786432.0,0.3333333333333333,1.0,0.25,0.25,0.0,0.0,1.0,15.75,6.03,0.0,0.0074898285714285,2.078368,0.003603706644554,0
1.0,65536.0,1.0,4.0,262144.0,786432.0,0.3333333333333333,1.0,0.25,0.25,1.0,0.0,1.0,15.75,6.03,0.0,0.0074898285714285,2.080224,0.003600491375654,0
1.0,65536.0,1.0,8.0,524288.0,786432.0,0.6666666666666666,1.0,1.0,1.0,0.0,0.0,1.0,15.75,6.03,0.0,0.0149796571428571,1.962112,0.0076344557002134,0
1.0,65536.0,1.0,8.0,524288.0,786432.0,0.6666666666666666,1.0,1.0,1.0,1.0,0.0,1.0,15.75,6.03,0.0,0.0149796571428571,1.980704,0.0075627944119147,0
1.0,65536.0,1.0,8.0,524288.0,786432.0,0.6666666666666666,1.0,0.5,0.5,0.0,0.0,1.0,15.75,6.03,0.0,0.0149796571428571,2.000256,0.007488869996069,0
1.0,65536.0,1.0,8.0,524288.0,786432.0,0.6666666666666666,1.0,0.5,0.5,1.0,0.0,1.0,15.75,6.03,0.0,0.0149796571428571,2.001536,0.0074840807973761,0
1.0,65536.0,1.0,8.0,524288.0,786432.0,0.6666666666666666,1.0,0.25,0.25,0.0,0.0,1.0,15.75,6.03,0.0,0.0149796571428571,2.077824,0.0072093002789731,0
1.0,65536.0,1.0,8.0,524288.0,786432.0,0.6666666666666666,1.0,0.25,0.25,1.0,0.0,1.0,15.75,6.03,0.0,0.0149796571428571,2.080864,0.0071987679842878,0
1.0,65536.0,1.0,16.0,1048576.0,786432.0,1.3333333333333333,1.0,1.0,1.0,0.0,0.0,1.0,15.75,6.03,0.0,0.0299593142857142,1.963168,0.0152606981601749,0
1.0,65536.0,1.0,16.0,1048576.0,786432.0,1.3333333333333333,1.0,1.0,1.0,1.0,0.0,1.0,15.75,6.03,0.0,0.0299593142857142,1.956736,0.0153108617032212,0
1.0,65536.0,1.0,16.0,1048576.0,786432.0,1.3333333333333333,1.0,0.5,0.5,0.0,0.0,1.0,15.75,6.03,0.0,0.0299593142857142,1.993824,0.0150260576087529,0
1.0,65536.0,1.0,16.0,1048576.0,786432.0,1.3333333333333333,1.0,0.5,0.5,1.0,0.0,1.0,15.75,6.03,0.0,0.0299593142857142,2.001984,0.0149648120493042,0
1.0,65536.0,1.0,16.0,1048576.0,786432.0,1.3333333333333333,1.0,0.25,0.25,0.0,0.0,1.0,15.75,6.03,0.0,0.0299593142857142,2.077184,0.0144230430648966,0
1.0,65536.0,1.0,16.0,1048576.0,786432.0,1.3333333333333333,1.0,0.25,0.25,1.0,0.0,1.0,15.75,6.03,0.0,0.0299593142857142,2.081024,0.0143964290107727,0
1.0,65536.0,1.0,32.0,2097152.0,786432.0,2.6666666666666665,1.0,1.0,1.0,0.0,0.0,1.0,15.75,6.03,0.0,0.0599186285714285,1.960896,0.0305567600583756,0
1.0,65536.0,1.0,32.0,2097152.0,786432.0,2.6666666666666665,1.0,1.0,1.0,1.0,0.0,1.0,15.75,6.03,0.0,0.0599186285714285,1.956608,0.0306237266593147,0
1.0,65536.0,1.0,32.0,2097152.0,786432.0,2.6666666666666665,1.0,0.5,0.5,0.0,0.0,1.0,15.75,6.03,0.0,0.0599186285714285,1.995008,0.0300342798482154,0
1.0,65536.0,1.0,32.0,2097152.0,786432.0,2.6666666666666665,1.0,0.5,0.5,1.0,0.0,1.0,15.75,6.03,0.0,0.0599186285714285,2.001312,0.0299396738596623,0
1.0,65536.0,1.0,32.0,2097152.0,786432.0,2.6666666666666665,1.0,0.25,0.25,0.0,0.0,1.0,15.75,6.03,0.0,0.0599186285714285,2.076256,0.028858979129466,0
1.0,65536.0,1.0,32.0,2097152.0,786432.0,2.6666666666666665,1.0,0.25,0.25,1.0,0.0,1.0,15.75,6.03,0.0,0.0599186285714285,2.076448,0.028856310666787,0
1.0,131072.0,1.0,1.0,131072.0,1572864.0,0.0833333333333333,1.0,1.0,1.0,0.0,0.0,1.0,15.75,6.03,0.0,0.0037449142857142,3.946272,0.0009489752064009,0
1.0,131072.0,1.0,1.0,131072.0,1572864.0,0.0833333333333333,1.0,1.0,1.0,1.0,0.0,1.0,15.75,6.03,0.0,0.0037449142857142,3.948992,0.0009483215680645,0
1.0,131072.0,1.0,1.0,131072.0,1572864.0,0.0833333333333333,1.0,0.5,0.5,0.0,0.0,1.0,15.75,6.03,0.0,0.0037449142857142,4.0544,0.0009236667042507,0
1.0,131072.0,1.0,1.0,131072.0,1572864.0,0.0833333333333333,1.0,0.5,0.5,1.0,0.0,1.0,15.75,6.03,0.0,0.0037449142857142,4.047456,0.00092525138895,0
1.0,131072.0,1.0,1.0,131072.0,1572864.0,0.0833333333333333,1.0,0.25,0.25,0.0,0.0,1.0,15.75,6.03,0.0,0.0037449142857142,4.224608,0.0008864524911457,0
1.0,131072.0,1.0,1.0,131072.0,1572864.0,0.0833333333333333,1.0,0.25,0.25,1.0,0.0,1.0,15.75,6.03,0.0,0.0037449142857142,4.221056000000001,0.0008871984370058,0
1.0,131072.0,1.0,2.0,262144.0,1572864.0,0.1666666666666666,1.0,1.0,1.0,0.0,0.0,1.0,15.75,6.03,0.0,0.0074898285714285,3.946400000000001,0.0018978888534939,0
1.0,131072.0,1.0,2.0,262144.0,1572864.0,0.1666666666666666,1.0,1.0,1.0,1.0,0.0,1.0,15.75,6.03,0.0,0.0074898285714285,3.966368,0.0018883342572924,0
1.0,131072.0,1.0,2.0,262144.0,1572864.0,0.1666666666666666,1.0,0.5,0.5,0.0,0.0,1.0,15.75,6.03,0.0,0.0074898285714285,4.042368,0.0018528319468758,0
1.0,131072.0,1.0,2.0,262144.0,1572864.0,0.1666666666666666,1.0,0.5,0.5,1.0,0.0,1.0,15.75,6.03,0.0,0.0074898285714285,4.131776,0.0018127382925474,0
1.0,131072.0,1.0,2.0,262144.0,1572864.0,0.1666666666666666,1.0,0.25,0.25,0.0,0.0,1.0,15.75,6.03,0.0,0.0074898285714285,4.22928,0.0017709464900476,0
1.0,131072.0,1.0,2.0,262144.0,1572864.0,0.1666666666666666,1.0,0.25,0.25,1.0,0.0,1.0,15.75,6.03,0.0,0.0074898285714285,4.20592,0.0017807824617274,0
1.0,131072.0,1.0,4.0,524288.0,1572864.0,0.3333333333333333,1.0,1.0,1.0,0.0,0.0,1.0,15.75,6.03,0.0,0.0149796571428571,3.934144,0.00380760265584,0
1.0,131072.0,1.0,4.0,524288.0,1572864.0,0.3333333333333333,1.0,1.0,1.0,1.0,0.0,1.0,15.75,6.03,0.0,0.0149796571428571,3.93488,0.0038068904624428,0
1.0,131072.0,1.0,4.0,524288.0,1572864.0,0.3333333333333333,1.0,0.5,0.5,0.0,0.0,1.0,15.75,6.03,0.0,0.0149796571428571,4.040032,0.0037078065576849,0
1.0,131072.0,1.0,4.0,524288.0,1572864.0,0.3333333333333333,1.0,0.5,0.5,1.0,0.0,1.0,15.75,6.03,0.0,0.0149796571428571,4.037888000000001,0.0037097752941283,0
1.0,131072.0,1.0,4.0,524288.0,1572864.0,0.3333333333333333,1.0,0.25,0.25,0.0,0.0,1.0,15.75,6.03,0.0,0.0149796571428571,4.210368,0.0035578023447967,0
1.0,131072.0,1.0,4.0,524288.0,1572864.0,0.3333333333333333,1.0,0.25,0.25,1.0,0.0,1.0,15.75,6.03,0.0,0.0149796571428571,4.219200000000001,0.0035503548404572,0
1.0,131072.0,1.0,8.0,1048576.0,1572864.0,0.6666666666666666,1.0,1.0,1.0,0.0,0.0,1.0,15.75,6.03,0.0,0.0299593142857142,3.931808,0.0076197297237592,0
1.0,131072.0,1.0,8.0,1048576.0,1572864.0,0.6666666666666666,1.0,1.0,1.0,1.0,0.0,1.0,15.75,6.03,0.0,0.0299593142857142,3.94208,0.0075998747579233,0
1.0,131072.0,1.0,8.0,1048576.0,1572864.0,0.6666666666666666,1.0,0.5,0.5,0.0,0.0,1.0,15.75,6.03,0.0,0.0299593142857142,4.036544,0.007422020987685,0
1.0,131072.0,1.0,8.0,1048576.0,1572864.0,0.6666666666666666,1.0,0.5,0.5,1.0,0.0,1.0,15.75,6.03,0.0,0.0299593142857142,4.042432,0.0074112104509647,0
1.0,131072.0,1.0,8.0,1048576.0,1572864.0,0.6666666666666666,1.0,0.25,0.25,0.0,0.0,1.0,15.75,6.03,0.0,0.0299593142857142,4.223072,0.007094199266722,0
1.0,131072.0,1.0,8.0,1048576.0,1572864.0,0.6666666666666666,1.0,0.25,0.25,1.0,0.0,1.0,15.75,6.03,0.0,0.0299593142857142,4.226336,0.0070887204154412,0
1.0,131072.0,1.0,16.0,2097152.0,1572864.0,1.3333333333333333,1.0,1.0,1.0,0.0,0.0,1.0,15.75,6.03,0.0,0.0599186285714285,3.918176,0.0152924801161123,0
1.0,131072.0,1.0,16.0,2097152.0,1572864.0,1.3333333333333333,1.0,1.0,1.0,1.0,0.0,1.0,15.75,6.03,0.0,0.0599186285714285,3.947616,0.0151784339133868,0
1.0,131072.0,1.0,16.0,2097152.0,1572864.0,1.3333333333333333,1.0,0.5,0.5,0.0,0.0,1.0,15.75,6.03,0.0,0.0599186285714285,4.042624,0.01482171692728,0
1.0,131072.0,1.0,16.0,2097152.0,1572864.0,1.3333333333333333,1.0,0.5,0.5,1.0,0.0,1.0,15.75,6.03,0.0,0.0599186285714285,4.04096,0.0148278202633603,0
1.0,131072.0,1.0,16.0,2097152.0,1572864.0,1.3333333333333333,1.0,0.25,0.25,0.0,0.0,1.0,15.75,6.03,0.0,0.0599186285714285,4.224064,0.0141850664600319,0
1.0,131072.0,1.0,16.0,2097152.0,1572864.0,1.3333333333333333,1.0,0.25,0.25,1.0,0.0,1.0,15.75,6.03,0.0,0.0599186285714285,4.2198720000000005,0.0141991578349837,0
1.0,131072.0,1.0,32.0,4194304.0,1572864.0,2.6666666666666665,1.0,1.0,1.0,0.0,0.0,1.0,15.75,6.03,0.0,0.1198372571428571,3.949888,0.0303394063687013,0
1.0,131072.0,1.0,32.0,4194304.0,1572864.0,2.6666666666666665,1.0,1.0,1.0,1.0,0.0,1.0,15.75,6.03,0.0,0.1198372571428571,3.944448,0.0303812490728378,0
1.0,131072.0,1.0,32.0,4194304.0,1572864.0,2.6666666666666665,1.0,0.5,0.5,0.0,0.0,1.0,15.75,6.03,0.0,0.1198372571428571,4.042783999999999,0.0296422606656346,0
1.0,131072.0,1.0,32.0,4194304.0,1572864.0,2.6666666666666665,1.0,0.5,0.5,1.0,0.0,1.0,15.75,6.03,0.0,0.1198372571428571,4.038816000000001,0.0296713831833035,0
1.0,131072.0,1.0,32.0,4194304.0,1572864.0,2.6666666666666665,1.0,0.25,0.25,0.0,0.0,1.0,15.75,6.03,0.0,0.1198372571428571,4.223167999999999,0.0283761520126258,0
1.0,131072.0,1.0,32.0,4194304.0,1572864.0,2.6666666666666665,1.0,0.25,0.25,1.0,0.0,1.0,15.75,6.03,0.0,0.1198372571428571,4.227872,0.0283445802386773,0
1.0,262144.0,1.0,1.0,262144.0,3145728.0,0.0833333333333333,1.0,1.0,1.0,0.0,0.0,1.0,15.75,6.03,0.0,0.0074898285714285,7.930368,0.0009444490560121,0
1.0,262144.0,1.0,1.0,262144.0,3145728.0,0.0833333333333333,1.0,1.0,1.0,1.0,0.0,1.0,15.75,6.03,0.0,0.0074898285714285,7.947903999999999,0.0009423652539623,0
1.0,262144.0,1.0,1.0,262144.0,3145728.0,0.0833333333333333,1.0,0.5,0.5,0.0,0.0,1.0,15.75,6.03,0.0,0.0074898285714285,8.129856,0.0009212744446431,0
1.0,262144.0,1.0,1.0,262144.0,3145728.0,0.0833333333333333,1.0,0.5,0.5,1.0,0.0,1.0,15.75,6.03,0.0,0.0074898285714285,8.137696,0.0009203868725777,0
1.0,262144.0,1.0,1.0,262144.0,3145728.0,0.0833333333333333,1.0,0.25,0.25,0.0,0.0,1.0,15.75,6.03,0.0,0.0074898285714285,8.490176,0.0008821758902793,0
1.0,262144.0,1.0,1.0,262144.0,3145728.0,0.0833333333333333,1.0,0.25,0.25,1.0,0.0,1.0,15.75,6.03,0.0,0.0074898285714285,8.468224,0.0008844627363929,0
1.0,262144.0,1.0,2.0,524288.0,3145728.0,0.1666666666666666,1.0,1.0,1.0,0.0,0.0,1.0,15.75,6.03,0.0,0.0149796571428571,7.959392,0.0018820102267682,0
1.0,262144.0,1.0,2.0,524288.0,3145728.0,0.1666666666666666,1.0,1.0,1.0,1.0,0.0,1.0,15.75,6.03,0.0,0.0149796571428571,7.932736,0.0018883342572924,0
1.0,262144.0,1.0,2.0,524288.0,3145728.0,0.1666666666666666,1.0,0.5,0.5,0.0,0.0,1.0,15.75,6.03,0.0,0.0149796571428571,8.132768,0.0018418891505151,0
1.0,262144.0,1.0,2.0,524288.0,3145728.0,0.1666666666666666,1.0,0.5,0.5,1.0,0.0,1.0,15.75,6.03,0.0,0.0149796571428571,8.127456,0.0018430929854135,0
1.0,262144.0,1.0,2.0,524288.0,3145728.0,0.1666666666666666,1.0,0.25,0.25,0.0,0.0,1.0,15.75,6.03,0.0,0.0149796571428571,8.486432,0.001765130168115,0
1.0,262144.0,1.0,2.0,524288.0,3145728.0,0.1666666666666666,1.0,0.25,0.25,1.0,0.0,1.0,15.75,6.03,0.0,0.0149796571428571,8.480864,0.0017662890411704,0
1.0,262144.0,1.0,4.0,1048576.0,3145728.0,0.3333333333333333,1.0,1.0,1.0,0.0,0.0,1.0,15.75,6.03,0.0,0.0299593142857142,7.946976,0.0037699011908069,0
1.0,262144.0,1.0,4.0,1048576.0,3145728.0,0.3333333333333333,1.0,1.0,1.0,1.0,0.0,1.0,15.75,6.03,0.0,0.0299593142857142,7.936608,0.0037748260069937,0
1.0,262144.0,1.0,4.0,1048576.0,3145728.0,0.3333333333333333,1.0,0.5,0.5,0.0,0.0,1.0,15.75,6.03,0.0,0.0299593142857142,8.128672,0.0036856345397765,0
1.0,262144.0,1.0,4.0,1048576.0,3145728.0,0.3333333333333333,1.0,0.5,0.5,1.0,0.0,1.0,15.75,6.03,0.0,0.0299593142857142,8.160128,0.0036714270028257,0
1.0,262144.0,1.0,4.0,1048576.0,3145728.0,0.3333333333333333,1.0,0.25,0.25,0.0,0.0,1.0,15.75,6.03,0.0,0.0299593142857142,8.48096,0.0035325380954177,0
1.0,262144.0,1.0,4.0,1048576.0,3145728.0,0.3333333333333333,1.0,0.25,0.25,1.0,0.0,1.0,15.75,6.03,0.0,0.0299593142857142,8.484639999999999,0.0035310059455338,0
1.0,262144.0,1.0,8.0,2097152.0,3145728.0,0.6666666666666666,1.0,1.0,1.0,0.0,0.0,1.0,15.75,6.03,0.0,0.0599186285714285,7.930752,0.0075552266129906,0
1.0,262144.0,1.0,8.0,2097152.0,3145728.0,0.6666666666666666,1.0,1.0,1.0,1.0,0.0,1.0,15.75,6.03,0.0,0.0599186285714285,7.951583999999999,0.0075354330120173,0
1.0,262144.0,1.0,8.0,2097152.0,3145728.0,0.6666666666666666,1.0,0.5,0.5,0.0,0.0,1.0,15.75,6.03,0.0,0.0599186285714285,8.12784,0.007372023633761,0
1.0,262144.0,1.0,8.0,2097152.0,3145728.0,0.6666666666666666,1.0,0.5,0.5,1.0,0.0,1.0,15.75,6.03,0.0,0.0599186285714285,8.117216,0.0073816723087606,0
1.0,262144.0,1.0,8.0,2097152.0,3145728.0,0.6666666666666666,1.0,0.25,0.25,0.0,0.0,1.0,15.75,6.03,0.0,0.0599186285714285,8.491776,0.0070560773825673,0
1.0,262144.0,1.0,8.0,2097152.0,3145728.0,0.6666666666666666,1.0,0.25,0.25,1.0,0.0,1.0,15.75,6.03,0.0,0.0599186285714285,8.469024,0.0070750335069812,0
1.0,262144.0,1.0,16.0,4194304.0,3145728.0,1.3333333333333333,1.0,1.0,1.0,0.0,0.0,1.0,15.75,6.03,0.0,0.1198372571428571,7.934368000000001,0.0151035668049247,0
1.0,262144.0,1.0,16.0,4194304.0,3145728.0,1.3333333333333333,1.0,1.0,1.0,1.0,0.0,1.0,15.75,6.03,0.0,0.1198372571428571,7.934400000000001,0.0151035058911646,0
1.0,262144.0,1.0,16.0,4194304.0,3145728.0,1.3333333333333333,1.0,0.5,0.5,0.0,0.0,1.0,15.75,6.03,0.0,0.1198372571428571,8.138592,0.014724568714448,0
1.0,262144.0,1.0,16.0,4194304.0,3145728.0,1.3333333333333333,1.0,0.5,0.5,1.0,0.0,1.0,15.75,6.03,0.0,0.1198372571428571,8.121120000000001,0.0147562475548763,0
1.0,262144.0,1.0,16.0,4194304.0,3145728.0,1.3333333333333333,1.0,0.25,0.25,0.0,0.0,1.0,15.75,6.03,0.0,0.1198372571428571,8.484864,0.0141236509085893,0
1.0,262144.0,1.0,16.0,4194304.0,3145728.0,1.3333333333333333,1.0,0.25,0.25,1.0,0.0,1.0,15.75,6.03,0.0,0.1198372571428571,8.473984,0.0141417846839051,0
1.0,262144.0,1.0,32.0,8388608.0,3145728.0,2.6666666666666665,1.0,1.0,1.0,0.0,0.0,1.0,15.75,6.03,0.0,0.2396745142857143,7.930432,0.0302221258924752,0
1.0,262144.0,1.0,32.0,8388608.0,3145728.0,2.6666666666666665,1.0,1.0,1.0,1.0,0.0,1.0,15.75,6.03,0.0,0.2396745142857143,7.931136,0.0302194432532381,0
1.0,262144.0,1.0,32.0,8388608.0,3145728.0,2.6666666666666665,1.0,0.5,0.5,0.0,0.0,1.0,15.75,6.03,0.0,0.2396745142857143,8.123999999999999,0.0295020327776605,0
1.0,262144.0,1.0,32.0,8388608.0,3145728.0,2.6666666666666665,1.0,0.5,0.5,1.0,0.0,1.0,15.75,6.03,0.0,0.2396745142857143,8.126048,0.029494597408939,0
1.0,262144.0,1.0,32.0,8388608.0,3145728.0,2.6666666666666665,1.0,0.25,0.25,0.0,0.0,1.0,15.75,6.03,0.0,0.2396745142857143,8.490207999999999,0.02822952209012,0
1.0,262144.0,1.0,32.0,8388608.0,3145728.0,2.6666666666666665,1.0,0.25,0.25,1.0,0.0,1.0,15.75,6.03,0.0,0.2396745142857143,8.496383999999999,0.0282090021220456,0
1.0,524288.0,1.0,1.0,524288.0,6291456.0,0.0833333333333333,1.0,1.0,1.0,0.0,0.0,1.0,15.75,6.03,0.0,0.0149796571428571,15.958816,0.0009386446427389,0
1.0,524288.0,1.0,1.0,524288.0,6291456.0,0.0833333333333333,1.0,1.0,1.0,1.0,0.0,1.0,15.75,6.03,0.0,0.0149796571428571,15.976480000000002,0.0009376068535032,0
1.0,524288.0,1.0,1.0,524288.0,6291456.0,0.0833333333333333,1.0,0.5,0.5,0.0,0.0,1.0,15.75,6.03,0.0,0.0149796571428571,16.32976,0.0009173225535988,0
1.0,524288.0,1.0,1.0,524288.0,6291456.0,0.0833333333333333,1.0,0.5,0.5,1.0,0.0,1.0,15.75,6.03,0.0,0.0149796571428571,16.334816000000004,0.0009170386212404,0
1.0,524288.0,1.0,1.0,524288.0,6291456.0,0.0833333333333333,1.0,0.25,0.25,0.0,0.0,1.0,15.75,6.03,0.0,0.0149796571428571,17.083936,0.0008768270463467,0
1.0,524288.0,1.0,1.0,524288.0,6291456.0,0.0833333333333333,1.0,0.25,0.25,1.0,0.0,1.0,15.75,6.03,0.0,0.0149796571428571,17.03088,0.0008795586101749,0
1.0,524288.0,1.0,2.0,1048576.0,6291456.0,0.1666666666666666,1.0,1.0,1.0,0.0,0.0,1.0,15.75,6.03,0.0,0.0299593142857142,15.952288,0.001878057510353,0
1.0,524288.0,1.0,2.0,1048576.0,6291456.0,0.1666666666666666,1.0,1.0,1.0,1.0,0.0,1.0,15.75,6.03,0.0,0.0299593142857142,15.984127999999998,0.0018743164647902,0
1.0,524288.0,1.0,2.0,1048576.0,6291456.0,0.1666666666666666,1.0,0.5,0.5,0.0,0.0,1.0,15.75,6.03,0.0,0.0299593142857142,16.321248,0.0018356019273596,0
1.0,524288.0,1.0,2.0,1048576.0,6291456.0,0.1666666666666666,1.0,0.5,0.5,1.0,0.0,1.0,15.75,6.03,0.0,0.0299593142857142,16.329152,0.0018347134184135,0
1.0,524288.0,1.0,2.0,1048576.0,6291456.0,0.1666666666666666,1.0,0.25,0.25,0.0,0.0,1.0,15.75,6.03,0.0,0.0299593142857142,17.05328,0.0017568065665792,0
1.0,524288.0,1.0,2.0,1048576.0,6291456.0,0.1666666666666666,1.0,0.25,0.25,1.0,0.0,1.0,15.75,6.03,0.0,0.0299593142857142,17.05104,0.0017570373587601,0
1.0,524288.0,1.0,4.0,2097152.0,6291456.0,0.3333333333333333,1.0,1.0,1.0,0.0,0.0,1.0,15.75,6.03,0.0,0.0599186285714285,15.970624,0.0037518025952792,0
1.0,524288.0,1.0,4.0,2097152.0,6291456.0,0.3333333333333333,1.0,1.0,1.0,1.0,0.0,1.0,15.75,6.03,0.0,0.0599186285714285,15.964,0.0037533593442388,0
1.0,524288.0,1.0,4.0,2097152.0,6291456.0,0.3333333333333333,1.0,0.5,0.5,0.0,0.0,1.0,15.75,6.03,0.0,0.0599186285714285,16.341344,0.0036666891396098,0
1.0,524288.0,1.0,4.0,2097152.0,6291456.0,0.3333333333333333,1.0,0.5,0.5,1.0,0.0,1.0,15.75,6.03,0.0,0.0599186285714285,16.316703999999998,0.003672226239529,0
1.0,524288.0,1.0,4.0,2097152.0,6291456.0,0.3333333333333333,1.0,0.25,0.25,0.0,0.0,1.0,15.75,6.03,0.0,0.0599186285714285,17.147712,0.0034942637578371,0
1.0,524288.0,1.0,4.0,2097152.0,6291456.0,0.3333333333333333,1.0,0.25,0.25,1.0,0.0,1.0,15.75,6.03,0.0,0.0599186285714285,17.036608,0.0035170515498994,0
1.0,524288.0,1.0,8.0,4194304.0,6291456.0,0.6666666666666666,1.0,1.0,1.0,0.0,0.0,1.0,15.75,6.03,0.0,0.1198372571428571,15.961024000000002,0.0075081183477236,0
1.0,524288.0,1.0,8.0,4194304.0,6291456.0,0.6666666666666666,1.0,1.0,1.0,1.0,0.0,1.0,15.75,6.03,0.0,0.1198372571428571,16.10864,0.0074393156183797,0
1.0,524288.0,1.0,8.0,4194304.0,6291456.0,0.6666666666666666,1.0,0.5,0.5,0.0,0.0,1.0,15.75,6.03,0.0,0.1198372571428571,16.441056000000003,0.0072889026801476,0
1.0,524288.0,1.0,8.0,4194304.0,6291456.0,0.6666666666666666,1.0,0.5,0.5,1.0,0.0,1.0,15.75,6.03,0.0,0.1198372571428571,16.459200000000003,0.0072808676693191,0
1.0,524288.0,1.0,8.0,4194304.0,6291456.0,0.6666666666666666,1.0,0.25,0.25,0.0,0.0,1.0,15.75,6.03,0.0,0.1198372571428571,17.077151999999998,0.0070174029687653,0
1.0,524288.0,1.0,8.0,4194304.0,6291456.0,0.6666666666666666,1.0,0.25,0.25,1.0,0.0,1.0,15.75,6.03,0.0,0.1198372571428571,17.053632,0.0070270812189952,0
1.0,524288.0,1.0,16.0,8388608.0,6291456.0,1.3333333333333333,1.0,1.0,1.0,0.0,0.0,1.0,15.75,6.03,0.0,0.2396745142857143,16.016768,0.0149639748971649,0
1.0,524288.0,1.0,16.0,8388608.0,6291456.0,1.3333333333333333,1.0,1.0,1.0,1.0,0.0,1.0,15.75,6.03,0.0,0.2396745142857143,15.978016,0.0150002675104164,0
1.0,524288.0,1.0,16.0,8388608.0,6291456.0,1.3333333333333333,1.0,0.5,0.5,0.0,0.0,1.0,15.75,6.03,0.0,0.2396745142857143,16.317536000000004,0.0146881559989029,0
1.0,524288.0,1.0,16.0,8388608.0,6291456.0,1.3333333333333333,1.0,0.5,0.5,1.0,0.0,1.0,15.75,6.03,0.0,0.2396745142857143,16.350624,0.0146584322583477,0
1.0,524288.0,1.0,16.0,8388608.0,6291456.0,1.3333333333333333,1.0,0.25,0.25,0.0,0.0,1.0,15.75,6.03,0.0,0.2396745142857143,17.051584,0.0140558504292454,0
1.0,524288.0,1.0,16.0,8388608.0,6291456.0,1.3333333333333333,1.0,0.25,0.25,1.0,0.0,1.0,15.75,6.03,0.0,0.2396745142857143,17.022656,0.0140797366924241,0
1.0,524288.0,1.0,32.0,16777216.0,6291456.0,2.6666666666666665,1.0,1.0,1.0,0.0,0.0,1.0,15.75,6.03,0.0,0.4793490285714286,16.127008,0.0297233701732788,0
1.0,524288.0,1.0,32.0,16777216.0,6291456.0,2.6666666666666665,1.0,1.0,1.0,1.0,0.0,1.0,15.75,6.03,0.0,0.4793490285714286,15.96928,0.0300169468236156,0
1.0,524288.0,1.0,32.0,16777216.0,6291456.0,2.6666666666666665,1.0,0.5,0.5,0.0,0.0,1.0,15.75,6.03,0.0,0.4793490285714286,16.331296000000002,0.0293515608664143,0
1.0,524288.0,1.0,32.0,16777216.0,6291456.0,2.6666666666666665,1.0,0.5,0.5,1.0,0.0,1.0,15.75,6.03,0.0,0.4793490285714286,16.331775999999998,0.0293506982076798,0
1.0,524288.0,1.0,32.0,16777216.0,6291456.0,2.6666666666666665,1.0,0.25,0.25,0.0,0.0,1.0,15.75,6.03,0.0,0.4793490285714286,17.041632,0.0281281175753254,0
1.0,524288.0,1.0,32.0,16777216.0,6291456.0,2.6666666666666665,1.0,0.25,0.25,1.0,0.0,1.0,15.75,6.03,0.0,0.4793490285714286,17.03104,0.028145611106041,0
1.0,1048576.0,1.0,1.0,1048576.0,12582912.0,0.0833333333333333,1.0,1.0,1.0,0.0,0.0,1.0,15.75,6.03,0.0,0.0299593142857142,32.054304,0.0009346424831346,0
1.0,1048576.0,1.0,1.0,1048576.0,12582912.0,0.0833333333333333,1.0,1.0,1.0,1.0,0.0,1.0,15.75,6.03,0.0,0.0299593142857142,32.084768000000004,0.0009337550542897,0
1.0,1048576.0,1.0,1.0,1048576.0,12582912.0,0.0833333333333333,1.0,0.5,0.5,0.0,0.0,1.0,15.75,6.03,0.0,0.0299593142857142,32.703136,0.0009160991253473,0
1.0,1048576.0,1.0,1.0,1048576.0,12582912.0,0.0833333333333333,1.0,0.5,0.5,1.0,0.0,1.0,15.75,6.03,0.0,0.0299593142857142,32.733376,0.0009152528075843,0
1.0,1048576.0,1.0,1.0,1048576.0,12582912.0,0.0833333333333333,1.0,0.25,0.25,0.0,0.0,1.0,15.75,6.03,0.0,0.0299593142857142,34.200448,0.0008759918667063,0
1.0,1048576.0,1.0,1.0,1048576.0,12582912.0,0.0833333333333333,1.0,0.25,0.25,1.0,0.0,1.0,15.75,6.03,0.0,0.0299593142857142,34.17632,0.0008766103046119,0
1.0,1048576.0,1.0,2.0,2097152.0,12582912.0,0.1666666666666666,1.0,1.0,1.0,0.0,0.0,1.0,15.75,6.03,0.0,0.0599186285714285,32.045024,0.0018698262972569,0
1.0,1048576.0,1.0,2.0,2097152.0,12582912.0,0.1666666666666666,1.0,1.0,1.0,1.0,0.0,1.0,15.75,6.03,0.0,0.0599186285714285,32.046496,0.0018697404100413,0
1.0,1048576.0,1.0,2.0,2097152.0,12582912.0,0.1666666666666666,1.0,0.5,0.5,0.0,0.0,1.0,15.75,6.03,0.0,0.0599186285714285,32.70784,0.0018319347462696,0
1.0,1048576.0,1.0,2.0,2097152.0,12582912.0,0.1666666666666666,1.0,0.5,0.5,1.0,0.0,1.0,15.75,6.03,0.0,0.0599186285714285,32.762336000000005,0.0018288875546428,0
1.0,1048576.0,1.0,2.0,2097152.0,12582912.0,0.1666666666666666,1.0,0.25,0.25,0.0,0.0,1.0,15.75,6.03,0.0,0.0599186285714285,34.169888,0.0017535506283025,0
1.0,1048576.0,1.0,2.0,2097152.0,12582912.0,0.1666666666666666,1.0,0.25,0.25,1.0,0.0,1.0,15.75,6.03,0.0,0.0599186285714285,34.592544000000004,0.0017321255288835,0
1.0,1048576.0,1.0,4.0,4194304.0,12582912.0,0.3333333333333333,1.0,1.0,1.0,0.0,0.0,1.0,15.75,6.03,0.0,0.1198372571428571,32.152576,0.003727143266619,0
1.0,1048576.0,1.0,4.0,4194304.0,12582912.0,0.3333333333333333,1.0,1.0,1.0,1.0,0.0,1.0,15.75,6.03,0.0,0.1198372571428571,32.125088,0.0037303324162989,0
1.0,1048576.0,1.0,4.0,4194304.0,12582912.0,0.3333333333333333,1.0,0.5,0.5,0.0,0.0,1.0,15.75,6.03,0.0,0.1198372571428571,32.787583999999995,0.0036549584483826,0
1.0,1048576.0,1.0,4.0,4194304.0,12582912.0,0.3333333333333333,1.0,0.5,0.5,1.0,0.0,1.0,15.75,6.03,0.0,0.1198372571428571,32.744512,0.0036597661660939,0
1.0,1048576.0,1.0,4.0,4194304.0,12582912.0,0.3333333333333333,1.0,0.25,0.25,0.0,0.0,1.0,15.75,6.03,0.0,0.1198372571428571,34.19888,0.0035041281218232,0
1.0,1048576.0,1.0,4.0,4194304.0,12582912.0,0.3333333333333333,1.0,0.25,0.25,1.0,0.0,1.0,15.75,6.03,0.0,0.1198372571428571,34.161472,0.0035079652639926,0
1.0,1048576.0,1.0,8.0,8388608.0,12582912.0,0.6666666666666666,1.0,1.0,1.0,0.0,0.0,1.0,15.75,6.03,0.0,0.2396745142857143,32.027392,0.0074834227615446,0
1.0,1048576.0,1.0,8.0,8388608.0,12582912.0,0.6666666666666666,1.0,1.0,1.0,1.0,0.0,1.0,15.75,6.03,0.0,0.2396745142857143,32.032384,0.0074822565278224,0
1.0,1048576.0,1.0,8.0,8388608.0,12582912.0,0.6666666666666666,1.0,0.5,0.5,0.0,0.0,1.0,15.75,6.03,0.0,0.2396745142857143,32.745760000000004,0.0073192533716033,0
1.0,1048576.0,1.0,8.0,8388608.0,12582912.0,0.6666666666666666,1.0,0.5,0.5,1.0,0.0,1.0,15.75,6.03,0.0,0.2396745142857143,32.733888,0.0073219079348507,0
1.0,1048576.0,1.0,8.0,8388608.0,12582912.0,0.6666666666666666,1.0,0.25,0.25,0.0,0.0,1.0,15.75,6.03,0.0,0.2396745142857143,34.162656,0.0070156873717814,0
1.0,1048576.0,1.0,8.0,8388608.0,12582912.0,0.6666666666666666,1.0,0.25,0.25,1.0,0.0,1.0,15.75,6.03,0.0,0.2396745142857143,34.133824,0.0070216133500223,0
1.0,1048576.0,1.0,16.0,16777216.0,12582912.0,1.3333333333333333,1.0,1.0,1.0,0.0,0.0,1.0,15.75,6.03,0.0,0.4793490285714286,32.121216000000004,0.0149231283327327,0
1.0,1048576.0,1.0,16.0,16777216.0,12582912.0,1.3333333333333333,1.0,1.0,1.0,1.0,0.0,1.0,15.75,6.03,0.0,0.4793490285714286,32.426432000000005,0.0147826633707781,0
1.0,1048576.0,1.0,16.0,16777216.0,12582912.0,1.3333333333333333,1.0,0.5,0.5,0.0,0.0,1.0,15.75,6.03,0.0,0.4793490285714286,33.37152,0.0143640154410535,0
1.0,1048576.0,1.0,16.0,16777216.0,12582912.0,1.3333333333333333,1.0,0.5,0.5,1.0,0.0,1.0,15.75,6.03,0.0,0.4793490285714286,32.719488,0.01465026068169,0
1.0,1048576.0,1.0,16.0,16777216.0,12582912.0,1.3333333333333333,1.0,0.25,0.25,0.0,0.0,1.0,15.75,6.03,0.0,0.4793490285714286,34.194047999999995,0.0140184931766905,0
1.0,1048576.0,1.0,16.0,16777216.0,12582912.0,1.3333333333333333,1.0,0.25,0.25,1.0,0.0,1.0,15.75,6.03,0.0,0.4793490285714286,34.201824,0.014015305984015,0
1.0,1048576.0,1.0,32.0,33554432.0,12582912.0,2.6666666666666665,1.0,1.0,1.0,0.0,0.0,1.0,15.75,6.03,0.0,0.9586980571428572,32.25472,0.0297227214231857,0
1.0,1048576.0,1.0,32.0,33554432.0,12582912.0,2.6666666666666665,1.0,1.0,1.0,1.0,0.0,1.0,15.75,6.03,0.0,0.9586980571428572,32.015552,0.0299447611318042,0
1.0,1048576.0,1.0,32.0,33554432.0,12582912.0,2.6666666666666665,1.0,0.5,0.5,0.0,0.0,1.0,15.75,6.03,0.0,0.9586980571428572,32.729312,0.0292917265460043,0
1.0,1048576.0,1.0,32.0,33554432.0,12582912.0,2.6666666666666665,1.0,0.5,0.5,1.0,0.0,1.0,15.75,6.03,0.0,0.9586980571428572,32.749984,0.0292732374202948,0
1.0,1048576.0,1.0,32.0,33554432.0,12582912.0,2.6666666666666665,1.0,0.25,0.25,0.0,0.0,1.0,15.75,6.03,0.0,0.9586980571428572,34.206912,0.028026442642436,0
1.0,1048576.0,1.0,32.0,33554432.0,12582912.0,2.6666666666666665,1.0,0.25,0.25,1.0,0.0,1.0,15.75,6.03,0.0,0.9586980571428572,34.191968,0.0280386919273806,0
1.0,2097152.0,1.0,1.0,2097152.0,25165824.0,0.0833333333333333,1.0,1.0,1.0,0.0,0.0,1.0,15.75,6.03,0.0,0.0599186285714285,65.152928,0.0009196613323568,0
1.0,2097152.0,1.0,1.0,2097152.0,25165824.0,0.0833333333333333,1.0,1.0,1.0,1.0,0.0,1.0,15.75,6.03,0.0,0.0599186285714285,64.227168,0.0009329171818914,0
1.0,2097152.0,1.0,1.0,2097152.0,25165824.0,0.0833333333333333,1.0,0.5,0.5,0.0,0.0,1.0,15.75,6.03,0.0,0.0599186285714285,65.57433599999999,0.0009137512055238,0
1.0,2097152.0,1.0,1.0,2097152.0,25165824.0,0.0833333333333333,1.0,0.5,0.5,1.0,0.0,1.0,15.75,6.03,0.0,0.0599186285714285,65.537344,0.0009142669646702,0
1.0,2097152.0,1.0,1.0,2097152.0,25165824.0,0.0833333333333333,1.0,0.25,0.25,0.0,0.0,1.0,15.75,6.03,0.0,0.0599186285714285,68.435168,0.0008755531742309,0
1.0,2097152.0,1.0,1.0,2097152.0,25165824.0,0.0833333333333333,1.0,0.25,0.25,1.0,0.0,1.0,15.75,6.03,0.0,0.0599186285714285,69.67238400000001,0.000860005430149,0
1.0,2097152.0,1.0,2.0,4194304.0,25165824.0,0.1666666666666666,1.0,1.0,1.0,0.0,0.0,1.0,15.75,6.03,0.0,0.1198372571428571,64.35904,0.0018620112596902,0
1.0,2097152.0,1.0,2.0,4194304.0,25165824.0,0.1666666666666666,1.0,1.0,1.0,1.0,0.0,1.0,15.75,6.03,0.0,0.1198372571428571,64.395072,0.0018609693788813,0
1.0,2097152.0,1.0,2.0,4194304.0,25165824.0,0.1666666666666666,1.0,0.5,0.5,0.0,0.0,1.0,15.75,6.03,0.0,0.1198372571428571,65.603744,0.0018266832018437,0
1.0,2097152.0,1.0,2.0,4194304.0,25165824.0,0.1666666666666666,1.0,0.5,0.5,1.0,0.0,1.0,15.75,6.03,0.0,0.1198372571428571,66.124576,0.0018122952825112,0
1.0,2097152.0,1.0,2.0,4194304.0,25165824.0,0.1666666666666666,1.0,0.25,0.25,0.0,0.0,1.0,15.75,6.03,0.0,0.1198372571428571,68.440448,0.0017509712552269,0
1.0,2097152.0,1.0,2.0,4194304.0,25165824.0,0.1666666666666666,1.0,0.25,0.25,1.0,0.0,1.0,15.75,6.03,0.0,0.1198372571428571,68.36707200000001,0.0017528505117618,0
1.0,2097152.0,1.0,4.0,8388608.0,25165824.0,0.3333333333333333,1.0,1.0,1.0,0.0,0.0,1.0,15.75,6.03,0.0,0.2396745142857143,65.354496,0.0036672995578714,0
1.0,2097152.0,1.0,4.0,8388608.0,25165824.0,0.3333333333333333,1.0,1.0,1.0,1.0,0.0,1.0,15.75,6.03,0.0,0.2396745142857143,65.20950400000001,0.0036754537235203,0
1.0,2097152.0,1.0,4.0,8388608.0,25165824.0,0.3333333333333333,1.0,0.5,0.5,0.0,0.0,1.0,15.75,6.03,0.0,0.2396745142857143,65.58992,0.003654136402144,0
1.0,2097152.0,1.0,4.0,8388608.0,25165824.0,0.3333333333333333,1.0,0.5,0.5,1.0,0.0,1.0,15.75,6.03,0.0,0.2396745142857143,65.67552,0.0036493736827011,0
1.0,2097152.0,1.0,4.0,8388608.0,25165824.0,0.3333333333333333,1.0,0.25,0.25,0.0,0.0,1.0,15.75,6.03,0.0,0.2396745142857143,68.465568,0.0035006576486112,0
1.0,2097152.0,1.0,4.0,8388608.0,25165824.0,0.3333333333333333,1.0,0.25,0.25,1.0,0.0,1.0,15.75,6.03,0.0,0.2396745142857143,68.428224,0.0035025680965461,0
1.0,2097152.0,1.0,8.0,16777216.0,25165824.0,0.6666666666666666,1.0,1.0,1.0,0.0,0.0,1.0,15.75,6.03,0.0,0.4793490285714286,64.53868800000001,0.0074273128789266,0
1.0,2097152.0,1.0,8.0,16777216.0,25165824.0,0.6666666666666666,1.0,1.0,1.0,1.0,0.0,1.0,15.75,6.03,0.0,0.4793490285714286,64.212352,0.0074650595039943,0
1.0,2097152.0,1.0,8.0,16777216.0,25165824.0,0.6666666666666666,1.0,0.5,0.5,0.0,0.0,1.0,15.75,6.03,0.0,0.4793490285714286,66.180384,0.0072430681056705,0
1.0,2097152.0,1.0,8.0,16777216.0,25165824.0,0.6666666666666666,1.0,0.5,0.5,1.0,0.0,1.0,15.75,6.03,0.0,0.4793490285714286,65.590848,0.0073081694045399,0
1.0,2097152.0,1.0,8.0,16777216.0,25165824.0,0.6666666666666666,1.0,0.25,0.25,0.0,0.0,1.0,15.75,6.03,0.0,0.4793490285714286,68.472,0.0070006576202159,0
1.0,2097152.0,1.0,8.0,16777216.0,25165824.0,0.6666666666666666,1.0,0.25,0.25,1.0,0.0,1.0,15.75,6.03,0.0,0.4793490285714286,69.108416,0.0069361889089084,0
1.0,2097152.0,1.0,16.0,33554432.0,25165824.0,1.3333333333333333,1.0,1.0,1.0,0.0,0.0,1.0,15.75,6.03,0.0,0.9586980571428572,64.204256,0.0149320016595606,0
1.0,2097152.0,1.0,16.0,33554432.0,25165824.0,1.3333333333333333,1.0,1.0,1.0,1.0,0.0,1.0,15.75,6.03,0.0,0.9586980571428572,64.25504,0.0149202001452782,0
1.0,2097152.0,1.0,16.0,33554432.0,25165824.0,1.3333333333333333,1.0,0.5,0.5,0.0,0.0,1.0,15.75,6.03,0.0,0.9586980571428572,65.642176,0.0146049097632421,0
1.0,2097152.0,1.0,16.0,33554432.0,25165824.0,1.3333333333333333,1.0,0.5,0.5,1.0,0.0,1.0,15.75,6.03,0.0,0.9586980571428572,65.522176,0.0146316577938873,0
1.0,2097152.0,1.0,16.0,33554432.0,25165824.0,1.3333333333333333,1.0,0.25,0.25,0.0,0.0,1.0,15.75,6.03,0.0,0.9586980571428572,68.46384,0.0140029840152532,0
1.0,2097152.0,1.0,16.0,33554432.0,25165824.0,1.3333333333333333,1.0,0.25,0.25,1.0,0.0,1.0,15.75,6.03,0.0,0.9586980571428572,68.414752,0.0140130312413155,0
1.0,2097152.0,1.0,32.0,67108864.0,25165824.0,2.6666666666666665,1.0,1.0,1.0,0.0,0.0,1.0,15.75,6.03,0.0,1.9173961142857143,65.07408,0.029464820928482,0
1.0,2097152.0,1.0,32.0,67108864.0,25165824.0,2.6666666666666665,1.0,1.0,1.0,1.0,0.0,1.0,15.75,6.03,0.0,1.9173961142857143,64.65599999999999,0.0296553469791777,0
1.0,2097152.0,1.0,32.0,67108864.0,25165824.0,2.6666666666666665,1.0,0.5,0.5,0.0,0.0,1.0,15.75,6.03,0.0,1.9173961142857143,66.140096,0.0289899203394823,0
1.0,2097152.0,1.0,32.0,67108864.0,25165824.0,2.6666666666666665,1.0,0.5,0.5,1.0,0.0,1.0,15.75,6.03,0.0,1.9173961142857143,65.548192,0.0292517010123744,0
1.0,2097152.0,1.0,32.0,67108864.0,25165824.0,2.6666666666666665,1.0,0.25,0.25,0.0,0.0,1.0,15.75,6.03,0.0,1.9173961142857143,68.432288,0.028018880711481,0
1.0,2097152.0,1.0,32.0,67108864.0,25165824.0,2.6666666666666665,1.0,0.25,0.25,1.0,0.0,1.0,15.75,6.03,0.0,1.9173961142857143,68.483616,0.0279978807527586,0
1.0,32768.0,3.0,2.0,65536.0,12288.0,5.333333333333333,10000.0,0.15,0.5,0.0,0.0,0.0,89.6,2.66,1.0,1.872457142857143,0.0350399999999999,53.43770384866277,1
1.0,262144.0,3.0,2.0,524288.0,49152.0,10.666666666666666,10000.0,0.15,0.5,0.0,0.0,0.0,89.6,2.66,1.0,14.979657142857144,0.05532,270.7819440140482,1
1.0,884736.0,3.0,2.0,1769472.0,110592.0,16.0,10000.0,0.15,0.5,0.0,0.0,0.0,89.6,2.66,1.0,50.55634285714286,0.103,490.83828016643554,1
1.0,2097152.0,3.0,2.0,4194304.0,196608.0,21.33333333333333,10000.0,0.15,0.5,0.0,0.0,0.0,89.6,2.66,1.0,119.83725714285715,0.2179999999999999,549.7121887287026,1
1.0,7077888.0,3.0,2.0,14155776.0,442368.0,32.0,10000.0,0.15,0.5,0.0,0.0,0.0,89.6,2.66,1.0,404.45074285714287,1.05232,384.3419709376833,1
1.0,16777216.0,3.0,2.0,33554432.0,786432.0,42.66666666666666,10000.0,0.15,0.5,0.0,0.0,0.0,89.6,2.66,1.0,958.6980571428572,1.9283,497.1726687459717,1
1.0,56623104.0,3.0,2.0,113246208.0,1769472.0,64.0,10000.0,0.15,0.5,0.0,0.0,0.0,89.6,2.66,1.0,3235.605942857143,9.4399,342.7584977443768,1
1.0,134217728.0,3.0,2.0,268435456.0,3145728.0,85.33333333333333,10000.0,0.15,0.5,0.0,0.0,0.0,89.6,2.66,1.0,7669.584457142858,46.27022,165.7563862273155,1
1.0,452984832.0,3.0,2.0,905969664.0,7077888.0,128.0,10000.0,0.15,0.5,0.0,0.0,0.0,89.6,2.66,1.0,25884.847542857144,183.32503,141.19647242308997,1
1.0,1073741824.0,3.0,2.0,2147483648.0,12582912.0,170.66666666666666,10000.0,0.15,0.5,0.0,0.0,0.0,89.6,2.66,1.0,61356.67565714286,343.61462,178.56247111122008,1
1.0,32768.0,3.0,2.0,65536.0,12288.0,5.333333333333333,10000.0,0.15,0.5,0.0,0.0,0.0,89.6,2.66,1.0,1.872457142857143,0.0308799999999999,60.63656550703184,1
1.0,262144.0,3.0,2.0,524288.0,49152.0,10.666666666666666,10000.0,0.15,0.5,0.0,0.0,0.0,89.6,2.66,1.0,14.979657142857144,0.06652,225.1902757495061,1
1.0,884736.0,3.0,2.0,1769472.0,110592.0,16.0,10000.0,0.15,0.5,0.0,0.0,0.0,89.6,2.66,1.0,50.55634285714286,0.1296,390.0952380952381,1
1.0,2097152.0,3.0,2.0,4194304.0,196608.0,21.33333333333333,10000.0,0.15,0.5,0.0,0.0,0.0,89.6,2.66,1.0,119.83725714285715,0.2217599999999999,540.3916718202433,1
1.0,7077888.0,3.0,2.0,14155776.0,442368.0,32.0,10000.0,0.15,0.5,0.0,0.0,0.0,89.6,2.66,1.0,404.45074285714287,1.27829,316.39983325938783,1
1.0,16777216.0,3.0,2.0,33554432.0,786432.0,42.66666666666666,10000.0,0.15,0.5,0.0,0.0,0.0,89.6,2.66,1.0,958.6980571428572,2.20794,434.2047597049093,1
1.0,56623104.0,3.0,2.0,113246208.0,1769472.0,64.0,10000.0,0.15,0.5,0.0,0.0,0.0,89.6,2.66,1.0,3235.605942857143,10.20785,316.97232452055454,1
1.0,134217728.0,3.0,2.0,268435456.0,3145728.0,85.33333333333333,10000.0,0.15,0.5,0.0,0.0,0.0,89.6,2.66,1.0,7669.584457142858,42.92727,178.6646217461035,1
1.0,4096.0,2.0,7.0,28672.0,49152.0,0.5833333333333334,4.0,0.8,0.5,0.0,0.0,0.0,89.6,2.66,1.0,0.08192,0.0422399999999999,1.93939393939394,1
1.0,16384.0,2.0,7.0,114688.0,196608.0,0.5833333333333334,4.0,0.8,0.5,0.0,0.0,0.0,89.6,2.66,1.0,0.32768,0.19412,1.6880280239027403,1
1.0,65536.0,2.0,7.0,458752.0,786432.0,0.5833333333333334,4.0,0.8,0.5,0.0,0.0,0.0,89.6,2.66,1.0,1.31072,2.13768,0.6131507054376708,0
1.0,262144.0,2.0,7.0,1835008.0,3145728.0,0.5833333333333334,4.0,0.8,0.5,0.0,0.0,0.0,89.6,2.66,1.0,5.24288,22.67167,0.2312524838267318,0
1.0,1048576.0,2.0,7.0,7340032.0,12582912.0,0.5833333333333334,4.0,0.8,0.5,0.0,0.0,0.0,89.6,2.66,1.0,20.97152,408.71887,0.0513103786962417,0
1.0,4194304.0,2.0,7.0,29360128.0,50331648.0,0.5833333333333334,4.0,0.8,0.5,0.0,0.0,0.0,89.6,2.66,1.0,83.88608,4204.47668,0.0199516102441552,0
1.0,16777216.0,2.0,7.0,117440512.0,201326592.0,0.5833333333333334,4.0,0.8,0.5,0.0,0.0,0.0,89.6,2.66,1.0,335.54432,67614.41282000001,0.0049626153064919,0
1.0,4096.0,2.0,4.0,16384.0,49152.0,0.3333333333333333,2.0,0.35,0.5,0.0,0.0,0.0,89.6,2.66,1.0,0.0468114285714285,0.0168199999999999,2.7830813657210807,1
1.0,16384.0,2.0,4.0,65536.0,196608.0,0.3333333333333333,2.0,0.35,0.5,0.0,0.0,0.0,89.6,2.66,1.0,0.1872457142857143,0.02498,7.495825231613862,1
1.0,65536.0,2.0,4.0,262144.0,786432.0,0.3333333333333333,2.0,0.35,0.5,0.0,0.0,0.0,89.6,2.66,1.0,0.7489828571428572,0.3867899999999999,1.9364069834867943,1
1.0,262144.0,2.0,4.0,1048576.0,3145728.0,0.3333333333333333,2.0,0.35,0.5,0.0,0.0,0.0,89.6,2.66,1.0,2.9959314285714287,0.69252,4.32612982812255,1
1.0,1048576.0,2.0,4.0,4194304.0,12582912.0,0.3333333333333333,2.0,0.35,0.5,0.0,0.0,0.0,89.6,2.66,1.0,11.983725714285717,1.93812,6.183170141315148,1
1.0,4194304.0,2.0,4.0,16777216.0,50331648.0,0.3333333333333333,2.0,0.35,0.5,0.0,0.0,0.0,89.6,2.66,1.0,47.93490285714286,10.18542,4.706227416949213,1
1.0,4096.0,2.0,2.0,8192.0,49152.0,0.1666666666666666,9996.0,0.15,0.5,0.0,0.0,0.0,89.6,2.66,1.0,0.0935479738368,0.04148,2.2552549140983604,1
1.0,16384.0,2.0,2.0,32768.0,196608.0,0.1666666666666666,9996.0,0.15,0.5,0.0,0.0,0.0,89.6,2.66,1.0,0.3741918953472,0.07952,4.705632486760563,1
1.0,65536.0,2.0,2.0,131072.0,786432.0,0.1666666666666666,9996.0,0.15,0.5,0.0,0.0,0.0,89.6,2.66,1.0,1.4967675813888,0.91837,1.6298088802865944,1
1.0,262144.0,2.0,2.0,524288.0,3145728.0,0.1666666666666666,9996.0,0.15,0.5,0.0,0.0,0.0,89.6,2.66,1.0,5.9870703255552,1.54429,3.876908045480577,1
1.0,1048576.0,2.0,2.0,2097152.0,12582912.0,0.1666666666666666,9996.0,0.15,0.5,0.0,0.0,0.0,89.6,2.66,1.0,23.9482813022208,11.07456,2.162458942135922,1
1.0,4194304.0,2.0,2.0,8388608.0,50331648.0,0.1666666666666666,9996.0,0.15,0.5,0.0,0.0,0.0,89.6,2.66,1.0,95.7931252088832,74.15838,1.29173702565891,1
1.0,4096.0,2.0,75.0,307200.0,49152.0,6.25,13.0,0.8,0.5,0.0,0.0,0.0,89.6,2.66,1.0,0.8773632351085714,0.0207,42.38469734824017,1
1.0,16384.0,2.0,75.0,1228800.0,196608.0,6.25,13.0,0.8,0.5,0.0,0.0,0.0,89.6,2.66,1.0,3.5094529404342856,0.0250999999999999,139.81884224837793,1
1.0,65536.0,2.0,75.0,4915200.0,786432.0,6.25,13.0,0.8,0.5,0.0,0.0,0.0,89.6,2.66,1.0,14.037811761737142,0.8061499999999999,17.41339919585331,1
1.0,262144.0,2.0,75.0,19660800.0,3145728.0,6.25,13.0,0.8,0.5,0.0,0.0,0.0,89.6,2.66,1.0,56.15124704694857,0.6848,81.99656402883845,1
1.0,1048576.0,2.0,75.0,78643200.0,12582912.0,6.25,13.0,0.8,0.5,0.0,0.0,0.0,89.6,2.66,1.0,224.60498818779428,1.68855,133.01648644564526,1
1.0,4194304.0,2.0,75.0,314572800.0,50331648.0,6.25,13.0,0.8,0.5,0.0,0.0,0.0,89.6,2.66,1.0,898.4199527511771,10.7866,83.2903744230042,1
1.0,4096.0,2.0,21.0,86016.0,49152.0,1.75,6.0,0.8,0.5,0.0,0.0,0.0,89.6,2.66,1.0,0.2456617058304,0.01718,14.299284390593714,1
1.0,16384.0,2.0,21.0,344064.0,196608.0,1.75,6.0,0.8,0.5,0.0,0.0,0.0,89.6,2.66,1.0,0.9826468233216,0.03938,24.9529411711935,1
1.0,65536.0,2.0,21.0,1376256.0,786432.0,1.75,6.0,0.8,0.5,0.0,0.0,0.0,89.6,2.66,1.0,3.9305872932864,0.7878999999999999,4.9886880229551975,1
1.0,262144.0,2.0,21.0,5505024.0,3145728.0,1.75,6.0,0.8,0.5,0.0,0.0,0.0,89.6,2.66,1.0,15.7223491731456,1.07245,14.660216488550144,1
1.0,1048576.0,2.0,21.0,22020096.0,12582912.0,1.75,6.0,0.8,0.5,0.0,0.0,0.0,89.6,2.66,1.0,62.8893966925824,1.56069,40.29589264529304,1
1.0,4194304.0,2.0,21.0,88080384.0,50331648.0,1.75,6.0,0.8,0.5,0.0,0.0,0.0,89.6,2.66,1.0,251.5575867703296,7.39048,34.03805798409976,1
1.0,1024.0,1.0,1.0,1024.0,12288.0,0.0833333333333333,3.0,1.0,1.0,0.0,0.0,0.0,89.6,2.66,1.0,0.001,0.02292,0.0436300174520069,0
1.0,8192.0,1.0,1.0,8192.0,98304.0,0.0833333333333333,3.0,1.0,1.0,0.0,0.0,0.0,89.6,2.66,1.0,0.0023405714285714,0.10528,0.022231871471993,0
1.0,65536.0,1.0,1.0,65536.0,786432.0,0.0833333333333333,3.0,1.0,1.0,0.0,0.0,0.0,89.6,2.66,1.0,0.0187245714285714,0.70729,0.0264736832537875,0
1.0,262144.0,1.0,1.0,262144.0,3145728.0,0.0833333333333333,3.0,1.0,1.0,0.0,0.0,0.0,89.6,2.66,1.0,0.0748982857142857,2.79359,0.0268107652569939,0
1.0,1048576.0,1.0,1.0,1048576.0,12582912.0,0.0833333333333333,3.0,1.0,1.0,0.0,0.0,0.0,89.6,2.66,1.0,0.2995931428571428,11.48448,0.0260867834553364,0
1.0,4194304.0,1.0,1.0,4194304.0,50331648.0,0.0833333333333333,3.0,1.0,1.0,0.0,0.0,0.0,89.6,2.66,1.0,1.1983725714285711,44.81025,0.0267432690384135,0
1.0,1024.0,1.0,2.0,2048.0,12288.0,0.1666666666666666,3.0,1.0,1.0,0.0,0.0,0.0,89.6,2.66,1.0,0.001,0.0163,0.0613496932515337,0
1.0,8192.0,1.0,2.0,16384.0,98304.0,0.1666666666666666,3.0,1.0,1.0,0.0,0.0,0.0,89.6,2.66,1.0,0.0046811428571428,0.10082,0.0464306968571995,0
1.0,65536.0,1.0,2.0,131072.0,786432.0,0.1666666666666666,3.0,1.0,1.0,0.0,0.0,0.0,89.6,2.66,1.0,0.0374491428571428,0.75606,0.0495319721412888,0
1.0,262144.0,1.0,2.0,524288.0,3145728.0,0.1666666666666666,3.0,1.0,1.0,0.0,0.0,0.0,89.6,2.66,1.0,0.1497965714285714,1.5831,0.0946223052419755,0
1.0,1048576.0,1.0,2.0,2097152.0,12582912.0,0.1666666666666666,3.0,1.0,1.0,0.0,0.0,0.0,89.6,2.66,1.0,0.5991862857142857,8.69934,0.0688772120315203,0
1.0,4194304.0,1.0,2.0,8388608.0,50331648.0,0.1666666666666666,3.0,1.0,1.0,0.0,0.0,0.0,89.6,2.66,1.0,2.3967451428571427,38.78658,0.0617931548194541,0
1.0,1024.0,1.0,4.0,4096.0,12288.0,0.3333333333333333,7.0,1.0,1.0,1.0,0.0,0.0,89.6,2.66,1.0,0.0011702857142857,0.02352,0.049757045675413,0
1.0,8192.0,1.0,4.0,32768.0,98304.0,0.3333333333333333,7.0,1.0,1.0,1.0,0.0,0.0,89.6,2.66,1.0,0.0093622857142857,0.2233899999999999,0.0419100484098917,0
1.0,65536.0,1.0,4.0,262144.0,786432.0,0.3333333333333333,7.0,1.0,1.0,1.0,0.0,0.0,89.6,2.66,1.0,0.0748982857142857,0.94676,0.0791101078565694,0
1.0,262144.0,1.0,4.0,1048576.0,3145728.0,0.3333333333333333,7.0,1.0,1.0,1.0,0.0,0.0,89.6,2.66,1.0,0.2995931428571428,2.60504,0.1150051987137022,0
1.0,1048576.0,1.0,4.0,4194304.0,12582912.0,0.3333333333333333,7.0,1.0,1.0,1.0,0.0,0.0,89.6,2.66,1.0,1.1983725714285711,8.84333,0.1355114613418894,0
1.0,2097152.0,1.0,4.0,8388608.0,25165824.0,0.3333333333333333,7.0,1.0,1.0,1.0,0.0,0.0,89.6,2.66,1.0,2.3967451428571427,14.75026,0.1624883319248029,0
1.0,1024.0,1.0,6.0,6144.0,12288.0,0.5,3.0,0.35,0.5,0.0,0.0,0.0,89.6,2.66,1.0,0.0017554285714285,0.01734,0.1012357884330202,0
1.0,8192.0,1.0,6.0,49152.0,98304.0,0.5,3.0,0.35,0.5,0.0,0.0,0.0,89.6,2.66,1.0,0.0140434285714285,0.10478,0.1340277588416546,0
1.0,65536.0,1.0,6.0,393216.0,786432.0,0.5,3.0,0.35,0.5,0.0,0.0,0.0,89.6,2.66,1.0,0.1123474285714285,0.67143,0.1673256014348905,0
1.0,262144.0,1.0,6.0,1572864.0,3145728.0,0.5,3.0,0.35,0.5,0.0,0.0,0.0,89.6,2.66,1.0,0.4493897142857143,2.39874,0.1873440699224235,0
1.0,1048576.0,1.0,6.0,6291456.0,12582912.0,0.5,3.0,0.35,0.5,0.0,0.0,0.0,89.6,2.66,1.0,1.7975588571428571,11.29873,0.1590938855201299,0
1.0,1024.0,1.0,12.0,12288.0,12288.0,1.0,3.0,1.0,1.0,0.0,0.0,0.0,89.6,2.66,1.0,0.0035108571428571,0.02138,0.1642122143525324,0
1.0,8192.0,1.0,12.0,98304.0,98304.0,1.0,3.0,1.0,1.0,0.0,0.0,0.0,89.6,2.66,1.0,0.0280868571428571,0.12674,0.2216100453121125,0
1.0,65536.0,1.0,12.0,786432.0,786432.0,1.0,3.0,1.0,1.0,0.0,0.0,0.0,89.6,2.66,1.0,0.2246948571428571,0.8005800000000001,0.2806650892388732,0
1.0,262144.0,1.0,12.0,3145728.0,3145728.0,1.0,3.0,1.0,1.0,0.0,0.0,0.0,89.6,2.66,1.0,0.8987794285714286,1.83964,0.4885626690936425,0
1.0,1048576.0,1.0,12.0,12582912.0,12582912.0,1.0,3.0,1.0,1.0,0.0,0.0,0.0,89.6,2.66,1.0,3.5951177142857142,10.57003,0.3401237001489791,0
1.0,256.0,2.0,5.0,1280.0,3072.0,0.4166666666666667,4.0,0.35,0.5,1.0,0.0,0.0,89.6,2.66,1.0,0.0036571428571428,0.0354571428571428,0.1031426269137791,0
1.0,1024.0,2.0,5.0,5120.0,12288.0,0.4166666666666667,4.0,0.35,0.5,1.0,0.0,0.0,89.6,2.66,1.0,0.0146285714285714,0.0368285714285714,0.3972071373157486,0
1.0,4096.0,2.0,5.0,20480.0,49152.0,0.4166666666666667,4.0,0.35,0.5,1.0,0.0,0.0,89.6,2.66,1.0,0.0585142857142857,0.0423142857142857,1.3828494260634705,1
1.0,16384.0,2.0,5.0,81920.0,196608.0,0.4166666666666667,4.0,0.35,0.5,1.0,0.0,0.0,89.6,2.66,1.0,0.2340571428571428,0.0642571428571428,3.642507781236105,1
1.0,65536.0,2.0,5.0,327680.0,786432.0,0.4166666666666667,4.0,0.35,0.5,1.0,0.0,0.0,89.6,2.66,1.0,0.9362285714285714,0.1520285714285714,6.15824093215561,1
1.0,262144.0,2.0,5.0,1310720.0,3145728.0,0.4166666666666667,4.0,0.35,0.5,1.0,0.0,0.0,89.6,2.66,1.0,3.7449142857142856,0.5031142857142857,7.443466409222556,1
1.0,1048576.0,2.0,5.0,5242880.0,12582912.0,0.4166666666666667,4.0,0.35,0.5,1.0,0.0,0.0,89.6,2.66,1.0,14.979657142857144,1.9074571428571427,7.853207711088809,1
1.0,256.0,2.0,5.0,1280.0,3072.0,0.4166666666666667,4.0,0.35,0.5,0.0,0.0,0.0,89.6,2.66,1.0,0.0036571428571428,0.0354571428571428,0.1031426269137791,0
1.0,1024.0,2.0,5.0,5120.0,12288.0,0.4166666666666667,4.0,0.35,0.5,0.0,0.0,0.0,89.6,2.66,1.0,0.0146285714285714,0.0368285714285714,0.3972071373157486,0
1.0,4096.0,2.0,5.0,20480.0,49152.0,0.4166666666666667,4.0,0.35,0.5,0.0,0.0,0.0,89.6,2.66,1.0,0.0585142857142857,0.0423142857142857,1.3828494260634705,1
1.0,16384.0,2.0,5.0,81920.0,196608.0,0.4166666666666667,4.0,0.35,0.5,0.0,0.0,0.0,89.6,2.66,1.0,0.2340571428571428,0.0642571428571428,3.642507781236105,1
1.0,65536.0,2.0,5.0,327680.0,786432.0,0.4166666666666667,4.0,0.35,0.5,0.0,0.0,0.0,89.6,2.66,1.0,0.9362285714285714,0.1520285714285714,6.15824093215561,1
1.0,262144.0,2.0,5.0,1310720.0,3145728.0,0.4166666666666667,4.0,0.35,0.5,0.0,0.0,0.0,89.6,2.66,1.0,3.7449142857142856,0.5031142857142857,7.443466409222556,1
1.0,1048576.0,2.0,5.0,5242880.0,12582912.0,0.4166666666666667,4.0,0.35,0.5,0.0,0.0,0.0,89.6,2.66,1.0,14.979657142857144,1.9074571428571427,7.853207711088809,1
1.0,256.0,2.0,10.0,2560.0,3072.0,0.8333333333333334,3.0,0.8,0.5,0.0,0.0,0.0,89.6,2.66,1.0,0.0073142857142857,0.01228,0.5956258724988367,0
1.0,1024.0,2.0,10.0,10240.0,12288.0,0.8333333333333334,3.0,0.8,0.5,0.0,0.0,0.0,89.6,2.66,1.0,0.0292571428571428,0.01956,1.4957639497516797,1
1.0,4096.0,2.0,10.0,40960.0,49152.0,0.8333333333333334,3.0,0.8,0.5,0.0,0.0,0.0,89.6,2.66,1.0,0.1170285714285714,0.0258,4.535991140642303,1
1.0,16384.0,2.0,10.0,163840.0,196608.0,0.8333333333333334,3.0,0.8,0.5,0.0,0.0,0.0,89.6,2.66,1.0,0.4681142857142857,0.0458,10.220835932626326,1
1.0,65536.0,2.0,10.0,655360.0,786432.0,0.8333333333333334,3.0,0.8,0.5,0.0,0.0,0.0,89.6,2.66,1.0,1.8724571428571428,0.449,4.170283168946866,1
1.0,262144.0,2.0,10.0,2621440.0,3145728.0,0.8333333333333334,3.0,0.8,0.5,0.0,0.0,0.0,89.6,2.66,1.0,7.489828571428571,1.32108,5.66947389365411,1
1.0,1024.0,1.0,1.0,1024.0,12288.0,0.0833333333333333,1.0,1.0,1.0,0.0,0.0,0.0,89.6,2.66,1.0,0.001,0.0258,0.0387596899224806,0
1.0,1024.0,1.0,1.0,1024.0,12288.0,0.0833333333333333,1.0,1.0,1.0,1.0,0.0,0.0,89.6,2.66,1.0,0.001,0.02348,0.0425894378194207,0
1.0,1024.0,1.0,1.0,1024.0,12288.0,0.0833333333333333,1.0,0.5,0.5,0.0,0.0,0.0,89.6,2.66,1.0,0.001,0.02164,0.0462107208872458,0
1.0,1024.0,1.0,1.0,1024.0,12288.0,0.0833333333333333,1.0,0.5,0.5,1.0,0.0,0.0,89.6,2.66,1.0,0.001,0.0214399999999999,0.0466417910447761,0
1.0,1024.0,1.0,1.0,1024.0,12288.0,0.0833333333333333,1.0,0.25,0.25,0.0,0.0,0.0,89.6,2.66,1.0,0.001,0.02156,0.0463821892393321,0
1.0,1024.0,1.0,1.0,1024.0,12288.0,0.0833333333333333,1.0,0.25,0.25,1.0,0.0,0.0,89.6,2.66,1.0,0.001,0.0216,0.0462962962962962,0
1.0,1024.0,1.0,2.0,2048.0,12288.0,0.1666666666666666,1.0,1.0,1.0,0.0,0.0,0.0,89.6,2.66,1.0,0.001,0.02244,0.0445632798573975,0
1.0,1024.0,1.0,2.0,2048.0,12288.0,0.1666666666666666,1.0,1.0,1.0,1.0,0.0,0.0,89.6,2.66,1.0,0.001,0.0218,0.0458715596330275,0
1.0,1024.0,1.0,2.0,2048.0,12288.0,0.1666666666666666,1.0,0.5,0.5,0.0,0.0,0.0,89.6,2.66,1.0,0.001,0.02164,0.0462107208872458,0
1.0,1024.0,1.0,2.0,2048.0,12288.0,0.1666666666666666,1.0,0.5,0.5,1.0,0.0,0.0,89.6,2.66,1.0,0.001,0.02156,0.0463821892393321,0
1.0,1024.0,1.0,2.0,2048.0,12288.0,0.1666666666666666,1.0,0.25,0.25,0.0,0.0,0.0,89.6,2.66,1.0,0.001,0.02184,0.0457875457875457,0
1.0,1024.0,1.0,2.0,2048.0,12288.0,0.1666666666666666,1.0,0.25,0.25,1.0,0.0,0.0,89.6,2.66,1.0,0.001,0.02156,0.0463821892393321,0
1.0,1024.0,1.0,4.0,4096.0,12288.0,0.3333333333333333,1.0,1.0,1.0,0.0,0.0,0.0,89.6,2.66,1.0,0.001,0.02064,0.0484496124031007,0
1.0,1024.0,1.0,4.0,4096.0,12288.0,0.3333333333333333,1.0,1.0,1.0,1.0,0.0,0.0,89.6,2.66,1.0,0.001,0.0212,0.0471698113207547,0
1.0,1024.0,1.0,4.0,4096.0,12288.0,0.3333333333333333,1.0,0.5,0.5,0.0,0.0,0.0,89.6,2.66,1.0,0.001,0.0214,0.0467289719626168,0
1.0,1024.0,1.0,4.0,4096.0,12288.0,0.3333333333333333,1.0,0.5,0.5,1.0,0.0,0.0,89.6,2.66,1.0,0.001,0.02144,0.0466417910447761,0
1.0,1024.0,1.0,4.0,4096.0,12288.0,0.3333333333333333,1.0,0.25,0.25,0.0,0.0,0.0,89.6,2.66,1.0,0.001,0.02132,0.0469043151969981,0
1.0,1024.0,1.0,4.0,4096.0,12288.0,0.3333333333333333,1.0,0.25,0.25,1.0,0.0,0.0,89.6,2.66,1.0,0.001,0.022,0.0454545454545454,0
1.0,1024.0,1.0,8.0,8192.0,12288.0,0.6666666666666666,1.0,1.0,1.0,0.0,0.0,0.0,89.6,2.66,1.0,0.001,0.02232,0.0448028673835125,0
1.0,1024.0,1.0,8.0,8192.0,12288.0,0.6666666666666666,1.0,1.0,1.0,1.0,0.0,0.0,89.6,2.66,1.0,0.001,0.02044,0.0489236790606653,0
1.0,1024.0,1.0,8.0,8192.0,12288.0,0.6666666666666666,1.0,0.5,0.5,0.0,0.0,0.0,89.6,2.66,1.0,0.001,0.02456,0.0407166123778501,0
1.0,1024.0,1.0,8.0,8192.0,12288.0,0.6666666666666666,1.0,0.5,0.5,1.0,0.0,0.0,89.6,2.66,1.0,0.001,0.01876,0.0533049040511727,0
1.0,1024.0,1.0,8.0,8192.0,12288.0,0.6666666666666666,1.0,0.25,0.25,0.0,0.0,0.0,89.6,2.66,1.0,0.001,0.01916,0.0521920668058455,0
1.0,1024.0,1.0,8.0,8192.0,12288.0,0.6666666666666666,1.0,0.25,0.25,1.0,0.0,0.0,89.6,2.66,1.0,0.001,0.01904,0.0525210084033613,0
1.0,1024.0,1.0,16.0,16384.0,12288.0,1.3333333333333333,1.0,1.0,1.0,0.0,0.0,0.0,89.6,2.66,1.0,0.001,0.0196399999999999,0.0509164969450101,0
1.0,1024.0,1.0,16.0,16384.0,12288.0,1.3333333333333333,1.0,1.0,1.0,1.0,0.0,0.0,89.6,2.66,1.0,0.001,0.01832,0.0545851528384279,0
1.0,1024.0,1.0,16.0,16384.0,12288.0,1.3333333333333333,1.0,0.5,0.5,0.0,0.0,0.0,89.6,2.66,1.0,0.001,0.01836,0.0544662309368191,0
1.0,1024.0,1.0,16.0,16384.0,12288.0,1.3333333333333333,1.0,0.5,0.5,1.0,0.0,0.0,89.6,2.66,1.0,0.001,0.0203199999999999,0.0492125984251968,0
1.0,1024.0,1.0,16.0,16384.0,12288.0,1.3333333333333333,1.0,0.25,0.25,0.0,0.0,0.0,89.6,2.66,1.0,0.001,0.0215199999999999,0.0464684014869888,0
1.0,1024.0,1.0,16.0,16384.0,12288.0,1.3333333333333333,1.0,0.25,0.25,1.0,0.0,0.0,89.6,2.66,1.0,0.001,0.02292,0.0436300174520069,0
1.0,1024.0,1.0,32.0,32768.0,12288.0,2.6666666666666665,1.0,1.0,1.0,0.0,0.0,0.0,89.6,2.66,1.0,0.001,0.01988,0.0503018108651911,0
1.0,1024.0,1.0,32.0,32768.0,12288.0,2.6666666666666665,1.0,1.0,1.0,1.0,0.0,0.0,89.6,2.66,1.0,0.001,0.0196,0.0510204081632653,0
1.0,1024.0,1.0,32.0,32768.0,12288.0,2.6666666666666665,1.0,0.5,0.5,0.0,0.0,0.0,89.6,2.66,1.0,0.001,0.019,0.0526315789473684,0
1.0,1024.0,1.0,32.0,32768.0,12288.0,2.6666666666666665,1.0,0.5,0.5,1.0,0.0,0.0,89.6,2.66,1.0,0.001,0.0189599999999999,0.0527426160337552,0
1.0,1024.0,1.0,32.0,32768.0,12288.0,2.6666666666666665,1.0,0.25,0.25,0.0,0.0,0.0,89.6,2.66,1.0,0.001,0.01876,0.0533049040511727,0
1.0,1024.0,1.0,32.0,32768.0,12288.0,2.6666666666666665,1.0,0.25,0.25,1.0,0.0,0.0,89.6,2.66,1.0,0.001,0.02316,0.0431778929188255,0
1.0,4096.0,1.0,1.0,4096.0,49152.0,0.0833333333333333,1.0,1.0,1.0,0.0,0.0,0.0,89.6,2.66,1.0,0.001,0.0308799999999999,0.0323834196891191,0
1.0,4096.0,1.0,1.0,4096.0,49152.0,0.0833333333333333,1.0,1.0,1.0,1.0,0.0,0.0,89.6,2.66,1.0,0.001,0.0302399999999999,0.033068783068783,0
1.0,4096.0,1.0,1.0,4096.0,49152.0,0.0833333333333333,1.0,0.5,0.5,0.0,0.0,0.0,89.6,2.66,1.0,0.001,0.031,0.032258064516129,0
1.0,4096.0,1.0,1.0,4096.0,49152.0,0.0833333333333333,1.0,0.5,0.5,1.0,0.0,0.0,89.6,2.66,1.0,0.001,0.03016,0.03315649867374,0
1.0,4096.0,1.0,1.0,4096.0,49152.0,0.0833333333333333,1.0,0.25,0.25,0.0,0.0,0.0,89.6,2.66,1.0,0.001,0.0610799999999999,0.0163719711853307,0
1.0,4096.0,1.0,1.0,4096.0,49152.0,0.0833333333333333,1.0,0.25,0.25,1.0,0.0,0.0,89.6,2.66,1.0,0.001,0.0535599999999999,0.0186706497386109,0
1.0,4096.0,1.0,2.0,8192.0,49152.0,0.1666666666666666,1.0,1.0,1.0,0.0,0.0,0.0,89.6,2.66,1.0,0.001,0.031,0.032258064516129,0
1.0,4096.0,1.0,2.0,8192.0,49152.0,0.1666666666666666,1.0,1.0,1.0,1.0,0.0,0.0,89.6,2.66,1.0,0.001,0.03064,0.0326370757180156,0
1.0,4096.0,1.0,2.0,8192.0,49152.0,0.1666666666666666,1.0,0.5,0.5,0.0,0.0,0.0,89.6,2.66,1.0,0.001,0.02948,0.0339213025780189,0
1.0,4096.0,1.0,2.0,8192.0,49152.0,0.1666666666666666,1.0,0.5,0.5,1.0,0.0,0.0,89.6,2.66,1.0,0.001,0.03404,0.0293772032902467,0
1.0,4096.0,1.0,2.0,8192.0,49152.0,0.1666666666666666,1.0,0.25,0.25,0.0,0.0,0.0,89.6,2.66,1.0,0.001,0.03116,0.0320924261874197,0
1.0,4096.0,1.0,2.0,8192.0,49152.0,0.1666666666666666,1.0,0.25,0.25,1.0,0.0,0.0,89.6,2.66,1.0,0.001,0.032,0.03125,0
1.0,4096.0,1.0,4.0,16384.0,49152.0,0.3333333333333333,1.0,1.0,1.0,0.0,0.0,0.0,89.6,2.66,1.0,0.001,0.04864,0.0205592105263157,0
1.0,4096.0,1.0,4.0,16384.0,49152.0,0.3333333333333333,1.0,1.0,1.0,1.0,0.0,0.0,89.6,2.66,1.0,0.001,0.04668,0.0214224507283633,0
1.0,4096.0,1.0,4.0,16384.0,49152.0,0.3333333333333333,1.0,0.5,0.5,0.0,0.0,0.0,89.6,2.66,1.0,0.001,0.04672,0.021404109589041,0
1.0,4096.0,1.0,4.0,16384.0,49152.0,0.3333333333333333,1.0,0.5,0.5,1.0,0.0,0.0,89.6,2.66,1.0,0.001,0.02972,0.0336473755047106,0
1.0,4096.0,1.0,4.0,16384.0,49152.0,0.3333333333333333,1.0,0.25,0.25,0.0,0.0,0.0,89.6,2.66,1.0,0.001,0.03024,0.033068783068783,0
1.0,4096.0,1.0,4.0,16384.0,49152.0,0.3333333333333333,1.0,0.25,0.25,1.0,0.0,0.0,89.6,2.66,1.0,0.001,0.0326,0.0306748466257668,0
1.0,4096.0,1.0,8.0,32768.0,49152.0,0.6666666666666666,1.0,1.0,1.0,0.0,0.0,0.0,89.6,2.66,1.0,0.001,0.03036,0.0329380764163372,0
1.0,4096.0,1.0,8.0,32768.0,49152.0,0.6666666666666666,1.0,1.0,1.0,1.0,0.0,0.0,89.6,2.66,1.0,0.001,0.0468399999999999,0.0213492741246797,0
1.0,4096.0,1.0,8.0,32768.0,49152.0,0.6666666666666666,1.0,0.5,0.5,0.0,0.0,0.0,89.6,2.66,1.0,0.001,0.03024,0.033068783068783,0
1.0,4096.0,1.0,8.0,32768.0,49152.0,0.6666666666666666,1.0,0.5,0.5,1.0,0.0,0.0,89.6,2.66,1.0,0.001,0.03064,0.0326370757180156,0
1.0,4096.0,1.0,8.0,32768.0,49152.0,0.6666666666666666,1.0,0.25,0.25,0.0,0.0,0.0,89.6,2.66,1.0,0.001,0.03012,0.0332005312084993,0
1.0,4096.0,1.0,8.0,32768.0,49152.0,0.6666666666666666,1.0,0.25,0.25,1.0,0.0,0.0,89.6,2.66,1.0,0.001,0.03092,0.0323415265200517,0
1.0,4096.0,1.0,16.0,65536.0,49152.0,1.3333333333333333,1.0,1.0,1.0,0.0,0.0,0.0,89.6,2.66,1.0,0.0018724571428571,0.04528,0.0413528520949015,0
1.0,4096.0,1.0,16.0,65536.0,49152.0,1.3333333333333333,1.0,1.0,1.0,1.0,0.0,0.0,89.6,2.66,1.0,0.0018724571428571,0.04496,0.0416471784443314,0
1.0,4096.0,1.0,16.0,65536.0,49152.0,1.3333333333333333,1.0,0.5,0.5,0.0,0.0,0.0,89.6,2.66,1.0,0.0018724571428571,0.03064,0.0611115255501678,0
1.0,4096.0,1.0,16.0,65536.0,49152.0,1.3333333333333333,1.0,0.5,0.5,1.0,0.0,0.0,89.6,2.66,1.0,0.0018724571428571,0.0322,0.058150842945874,0
1.0,4096.0,1.0,16.0,65536.0,49152.0,1.3333333333333333,1.0,0.25,0.25,0.0,0.0,0.0,89.6,2.66,1.0,0.0018724571428571,0.03112,0.0601689313257436,0
1.0,4096.0,1.0,16.0,65536.0,49152.0,1.3333333333333333,1.0,0.25,0.25,1.0,0.0,0.0,89.6,2.66,1.0,0.0018724571428571,0.03644,0.051384663634938,0
1.0,4096.0,1.0,32.0,131072.0,49152.0,2.6666666666666665,1.0,1.0,1.0,0.0,0.0,0.0,89.6,2.66,1.0,0.0037449142857142,0.0303599999999999,0.1233502729154903,0
1.0,4096.0,1.0,32.0,131072.0,49152.0,2.6666666666666665,1.0,1.0,1.0,1.0,0.0,0.0,89.6,2.66,1.0,0.0037449142857142,0.0289999999999999,0.1291349753694581,0
1.0,4096.0,1.0,32.0,131072.0,49152.0,2.6666666666666665,1.0,0.5,0.5,0.0,0.0,0.0,89.6,2.66,1.0,0.0037449142857142,0.0326,0.114874671340929,0
1.0,4096.0,1.0,32.0,131072.0,49152.0,2.6666666666666665,1.0,0.5,0.5,1.0,0.0,0.0,89.6,2.66,1.0,0.0037449142857142,0.03276,0.1143136228850514,0
1.0,4096.0,1.0,32.0,131072.0,49152.0,2.6666666666666665,1.0,0.25,0.25,0.0,0.0,0.0,89.6,2.66,1.0,0.0037449142857142,0.03144,0.1191130498000726,0
1.0,4096.0,1.0,32.0,131072.0,49152.0,2.6666666666666665,1.0,0.25,0.25,1.0,0.0,0.0,89.6,2.66,1.0,0.0037449142857142,0.0512,0.0731428571428571,0
1.0,16384.0,1.0,1.0,16384.0,196608.0,0.0833333333333333,1.0,1.0,1.0,0.0,0.0,0.0,89.6,2.66,1.0,0.001,0.42269,0.0023657999952684,0
1.0,16384.0,1.0,1.0,16384.0,196608.0,0.0833333333333333,1.0,1.0,1.0,1.0,0.0,0.0,89.6,2.66,1.0,0.001,0.42759,0.0023386889309852,0
1.0,16384.0,1.0,1.0,16384.0,196608.0,0.0833333333333333,1.0,0.5,0.5,0.0,0.0,0.0,89.6,2.66,1.0,0.001,0.3920599999999999,0.0025506300056113,0
1.0,16384.0,1.0,1.0,16384.0,196608.0,0.0833333333333333,1.0,0.5,0.5,1.0,0.0,0.0,89.6,2.66,1.0,0.001,0.34213,0.002922865577412,0
1.0,16384.0,1.0,1.0,16384.0,196608.0,0.0833333333333333,1.0,0.25,0.25,0.0,0.0,0.0,89.6,2.66,1.0,0.001,0.45372,0.0022040024684827,0
1.0,16384.0,1.0,1.0,16384.0,196608.0,0.0833333333333333,1.0,0.25,0.25,1.0,0.0,0.0,89.6,2.66,1.0,0.001,0.35529,0.0028146021559852,0
1.0,16384.0,1.0,2.0,32768.0,196608.0,0.1666666666666666,1.0,1.0,1.0,0.0,0.0,0.0,89.6,2.66,1.0,0.001,0.3737699999999999,0.0026754421168098,0
1.0,16384.0,1.0,2.0,32768.0,196608.0,0.1666666666666666,1.0,1.0,1.0,1.0,0.0,0.0,89.6,2.66,1.0,0.001,0.40825,0.0024494794856093,0
1.0,16384.0,1.0,2.0,32768.0,196608.0,0.1666666666666666,1.0,0.5,0.5,0.0,0.0,0.0,89.6,2.66,1.0,0.001,0.37513,0.0026657425425852,0
1.0,16384.0,1.0,2.0,32768.0,196608.0,0.1666666666666666,1.0,0.5,0.5,1.0,0.0,0.0,89.6,2.66,1.0,0.001,0.7082200000000001,0.0014119906243822,0
1.0,16384.0,1.0,2.0,32768.0,196608.0,0.1666666666666666,1.0,0.25,0.25,0.0,0.0,0.0,89.6,2.66,1.0,0.001,0.31908,0.0031340102795537,0
1.0,16384.0,1.0,2.0,32768.0,196608.0,0.1666666666666666,1.0,0.25,0.25,1.0,0.0,0.0,89.6,2.66,1.0,0.001,0.8060600000000001,0.0012406024365431,0
1.0,16384.0,1.0,4.0,65536.0,196608.0,0.3333333333333333,1.0,1.0,1.0,0.0,0.0,0.0,89.6,2.66,1.0,0.0018724571428571,0.39748,0.0047108210296295,0
1.0,16384.0,1.0,4.0,65536.0,196608.0,0.3333333333333333,1.0,1.0,1.0,1.0,0.0,0.0,89.6,2.66,1.0,0.0018724571428571,0.59592,0.0031421283777304,0
1.0,16384.0,1.0,4.0,65536.0,196608.0,0.3333333333333333,1.0,0.5,0.5,0.0,0.0,0.0,89.6,2.66,1.0,0.0018724571428571,0.79335,0.0023601905122041,0
1.0,16384.0,1.0,4.0,65536.0,196608.0,0.3333333333333333,1.0,0.5,0.5,1.0,0.0,0.0,89.6,2.66,1.0,0.0018724571428571,0.33905,0.0055226578465038,0
1.0,16384.0,1.0,4.0,65536.0,196608.0,0.3333333333333333,1.0,0.25,0.25,0.0,0.0,0.0,89.6,2.66,1.0,0.0018724571428571,0.39076,0.0047918342278051,0
1.0,16384.0,1.0,4.0,65536.0,196608.0,0.3333333333333333,1.0,0.25,0.25,1.0,0.0,0.0,89.6,2.66,1.0,0.0018724571428571,0.36561,0.0051214604164468,0
1.0,16384.0,1.0,8.0,131072.0,196608.0,0.6666666666666666,1.0,1.0,1.0,0.0,0.0,0.0,89.6,2.66,1.0,0.0037449142857142,0.37676,0.0099397873598956,0
1.0,16384.0,1.0,8.0,131072.0,196608.0,0.6666666666666666,1.0,1.0,1.0,1.0,0.0,0.0,89.6,2.66,1.0,0.0037449142857142,0.36058,0.0103858069934946,0
1.0,16384.0,1.0,8.0,131072.0,196608.0,0.6666666666666666,1.0,0.5,0.5,0.0,0.0,0.0,89.6,2.66,1.0,0.0037449142857142,0.7503200000000001,0.0049910895160921,0
1.0,16384.0,1.0,8.0,131072.0,196608.0,0.6666666666666666,1.0,0.5,0.5,1.0,0.0,0.0,89.6,2.66,1.0,0.0037449142857142,0.95781,0.0039098717759412,0
1.0,16384.0,1.0,8.0,131072.0,196608.0,0.6666666666666666,1.0,0.25,0.25,0.0,0.0,0.0,89.6,2.66,1.0,0.0037449142857142,0.33164,0.011292106759481,0
1.0,16384.0,1.0,8.0,131072.0,196608.0,0.6666666666666666,1.0,0.25,0.25,1.0,0.0,0.0,89.6,2.66,1.0,0.0037449142857142,0.34982,0.0107052606646683,0
1.0,16384.0,1.0,16.0,262144.0,196608.0,1.3333333333333333,1.0,1.0,1.0,0.0,0.0,0.0,89.6,2.66,1.0,0.0074898285714285,0.34957,0.0214258333707943,0
1.0,16384.0,1.0,16.0,262144.0,196608.0,1.3333333333333333,1.0,1.0,1.0,1.0,0.0,0.0,89.6,2.66,1.0,0.0074898285714285,0.41593,0.0180074257000662,0
1.0,16384.0,1.0,16.0,262144.0,196608.0,1.3333333333333333,1.0,0.5,0.5,0.0,0.0,0.0,89.6,2.66,1.0,0.0074898285714285,0.39721,0.0188560926749794,0
1.0,16384.0,1.0,16.0,262144.0,196608.0,1.3333333333333333,1.0,0.5,0.5,1.0,0.0,0.0,89.6,2.66,1.0,0.0074898285714285,0.8199699999999999,0.0091342714628932,0
1.0,16384.0,1.0,16.0,262144.0,196608.0,1.3333333333333333,1.0,0.25,0.25,0.0,0.0,0.0,89.6,2.66,1.0,0.0074898285714285,0.3752,0.0199622296679865,0
1.0,16384.0,1.0,16.0,262144.0,196608.0,1.3333333333333333,1.0,0.25,0.25,1.0,0.0,0.0,89.6,2.66,1.0,0.0074898285714285,0.3441700000000001,0.0217620029968578,0
1.0,16384.0,1.0,32.0,524288.0,196608.0,2.6666666666666665,1.0,1.0,1.0,0.0,0.0,0.0,89.6,2.66,1.0,0.0149796571428571,0.3439,0.0435581772109832,0
1.0,16384.0,1.0,32.0,524288.0,196608.0,2.6666666666666665,1.0,1.0,1.0,1.0,0.0,0.0,89.6,2.66,1.0,0.0149796571428571,0.40526,0.0369630783764919,0
1.0,16384.0,1.0,32.0,524288.0,196608.0,2.6666666666666665,1.0,0.5,0.5,0.0,0.0,0.0,89.6,2.66,1.0,0.0149796571428571,0.38275,0.0391369226462629,0
1.0,16384.0,1.0,32.0,524288.0,196608.0,2.6666666666666665,1.0,0.5,0.5,1.0,0.0,0.0,89.6,2.66,1.0,0.0149796571428571,0.7988099999999999,0.0187524657213319,0
1.0,16384.0,1.0,32.0,524288.0,196608.0,2.6666666666666665,1.0,0.25,0.25,0.0,0.0,0.0,89.6,2.66,1.0,0.0149796571428571,0.9002700000000001,0.0166390717705323,0
1.0,16384.0,1.0,32.0,524288.0,196608.0,2.6666666666666665,1.0,0.25,0.25,1.0,0.0,0.0,89.6,2.66,1.0,0.0149796571428571,0.82301,0.0182010633441357,0
1.0,65536.0,1.0,1.0,65536.0,786432.0,0.0833333333333333,1.0,1.0,1.0,0.0,0.0,0.0,89.6,2.66,1.0,0.0018724571428571,1.00523,0.001862715142661,0
1.0,65536.0,1.0,1.0,65536.0,786432.0,0.0833333333333333,1.0,1.0,1.0,1.0,0.0,0.0,89.6,2.66,1.0,0.0018724571428571,0.95993,0.0019506184230695,0
1.0,65536.0,1.0,1.0,65536.0,786432.0,0.0833333333333333,1.0,0.5,0.5,0.0,0.0,0.0,89.6,2.66,1.0,0.0018724571428571,1.11937,0.0016727776721344,0
1.0,65536.0,1.0,1.0,65536.0,786432.0,0.0833333333333333,1.0,0.5,0.5,1.0,0.0,0.0,89.6,2.66,1.0,0.0018724571428571,1.1781100000000002,0.0015893737790674,0
1.0,65536.0,1.0,1.0,65536.0,786432.0,0.0833333333333333,1.0,0.25,0.25,0.0,0.0,0.0,89.6,2.66,1.0,0.0018724571428571,1.03485,0.0018093995679152,0
1.0,65536.0,1.0,1.0,65536.0,786432.0,0.0833333333333333,1.0,0.25,0.25,1.0,0.0,0.0,89.6,2.66,1.0,0.0018724571428571,0.7617499999999999,0.0024580993014206,0
1.0,65536.0,1.0,2.0,131072.0,786432.0,0.1666666666666666,1.0,1.0,1.0,0.0,0.0,0.0,89.6,2.66,1.0,0.0037449142857142,0.67205,0.005572374504448,0
1.0,65536.0,1.0,2.0,131072.0,786432.0,0.1666666666666666,1.0,1.0,1.0,1.0,0.0,0.0,89.6,2.66,1.0,0.0037449142857142,0.68651,0.0054550032566376,0
1.0,65536.0,1.0,2.0,131072.0,786432.0,0.1666666666666666,1.0,0.5,0.5,0.0,0.0,0.0,89.6,2.66,1.0,0.0037449142857142,1.0460200000000002,0.0035801555283018,0
1.0,65536.0,1.0,2.0,131072.0,786432.0,0.1666666666666666,1.0,0.5,0.5,1.0,0.0,0.0,89.6,2.66,1.0,0.0037449142857142,1.23054,0.0030433096735695,0
1.0,65536.0,1.0,2.0,131072.0,786432.0,0.1666666666666666,1.0,0.25,0.25,0.0,0.0,0.0,89.6,2.66,1.0,0.0037449142857142,0.6876899999999999,0.0054456430742257,0
1.0,65536.0,1.0,2.0,131072.0,786432.0,0.1666666666666666,1.0,0.25,0.25,1.0,0.0,0.0,89.6,2.66,1.0,0.0037449142857142,0.73803,0.0050742033328107,0
1.0,65536.0,1.0,4.0,262144.0,786432.0,0.3333333333333333,1.0,1.0,1.0,0.0,0.0,0.0,89.6,2.66,1.0,0.0074898285714285,0.6933,0.0108031567451731,0
1.0,65536.0,1.0,4.0,262144.0,786432.0,0.3333333333333333,1.0,1.0,1.0,1.0,0.0,0.0,89.6,2.66,1.0,0.0074898285714285,0.88089,0.0085025696414178,0
1.0,65536.0,1.0,4.0,262144.0,786432.0,0.3333333333333333,1.0,0.5,0.5,0.0,0.0,0.0,89.6,2.66,1.0,0.0074898285714285,1.06959,0.007002522996128,0
1.0,65536.0,1.0,4.0,262144.0,786432.0,0.3333333333333333,1.0,0.5,0.5,1.0,0.0,0.0,89.6,2.66,1.0,0.0074898285714285,1.30202,0.0057524681429076,0
1.0,65536.0,1.0,4.0,262144.0,786432.0,0.3333333333333333,1.0,0.25,0.25,0.0,0.0,0.0,89.6,2.66,1.0,0.0074898285714285,0.6948300000000001,0.0107793684375006,0
1.0,65536.0,1.0,4.0,262144.0,786432.0,0.3333333333333333,1.0,0.25,0.25,1.0,0.0,0.0,89.6,2.66,1.0,0.0074898285714285,0.7401599999999999,0.0101192020258168,0
1.0,65536.0,1.0,8.0,524288.0,786432.0,0.6666666666666666,1.0,1.0,1.0,0.0,0.0,0.0,89.6,2.66,1.0,0.0149796571428571,0.67482,0.022198004123851,0
1.0,65536.0,1.0,8.0,524288.0,786432.0,0.6666666666666666,1.0,1.0,1.0,1.0,0.0,0.0,89.6,2.66,1.0,0.0149796571428571,0.94116,0.01591616424716,0
1.0,65536.0,1.0,8.0,524288.0,786432.0,0.6666666666666666,1.0,0.5,0.5,0.0,0.0,0.0,89.6,2.66,1.0,0.0149796571428571,1.1049,0.0135574777290769,0
1.0,65536.0,1.0,8.0,524288.0,786432.0,0.6666666666666666,1.0,0.5,0.5,1.0,0.0,0.0,89.6,2.66,1.0,0.0149796571428571,1.21314,0.0123478387843588,0
1.0,65536.0,1.0,8.0,524288.0,786432.0,0.6666666666666666,1.0,0.25,0.25,0.0,0.0,0.0,89.6,2.66,1.0,0.0149796571428571,0.75513,0.019837189812161,0
1.0,65536.0,1.0,8.0,524288.0,786432.0,0.6666666666666666,1.0,0.25,0.25,1.0,0.0,0.0,89.6,2.66,1.0,0.0149796571428571,0.7094900000000001,0.0211132745251619,0
1.0,65536.0,1.0,16.0,1048576.0,786432.0,1.3333333333333333,1.0,1.0,1.0,0.0,0.0,0.0,89.6,2.66,1.0,0.0299593142857142,1.0741200000000002,0.027891962057977,0
1.0,65536.0,1.0,16.0,1048576.0,786432.0,1.3333333333333333,1.0,1.0,1.0,1.0,0.0,0.0,89.6,2.66,1.0,0.0299593142857142,1.06916,0.0280213572203545,0
1.0,65536.0,1.0,16.0,1048576.0,786432.0,1.3333333333333333,1.0,0.5,0.5,0.0,0.0,0.0,89.6,2.66,1.0,0.0299593142857142,1.55967,0.0192087520345421,0
1.0,65536.0,1.0,16.0,1048576.0,786432.0,1.3333333333333333,1.0,0.5,0.5,1.0,0.0,0.0,89.6,2.66,1.0,0.0299593142857142,0.82281,0.0364109749343278,0
1.0,65536.0,1.0,16.0,1048576.0,786432.0,1.3333333333333333,1.0,0.25,0.25,0.0,0.0,0.0,89.6,2.66,1.0,0.0299593142857142,1.08819,0.0275313265934389,0
1.0,65536.0,1.0,16.0,1048576.0,786432.0,1.3333333333333333,1.0,0.25,0.25,1.0,0.0,0.0,89.6,2.66,1.0,0.0299593142857142,1.15615,0.0259129994254329,0
1.0,65536.0,1.0,32.0,2097152.0,786432.0,2.6666666666666665,1.0,1.0,1.0,0.0,0.0,0.0,89.6,2.66,1.0,0.0599186285714285,1.33581,0.0448556520548794,0
1.0,65536.0,1.0,32.0,2097152.0,786432.0,2.6666666666666665,1.0,1.0,1.0,1.0,0.0,0.0,89.6,2.66,1.0,0.0599186285714285,0.75353,0.0795172436020179,0
1.0,65536.0,1.0,32.0,2097152.0,786432.0,2.6666666666666665,1.0,0.5,0.5,0.0,0.0,0.0,89.6,2.66,1.0,0.0599186285714285,0.69367,0.0863791551767102,0
1.0,65536.0,1.0,32.0,2097152.0,786432.0,2.6666666666666665,1.0,0.5,0.5,1.0,0.0,0.0,89.6,2.66,1.0,0.0599186285714285,1.3226,0.0453036659393834,0
1.0,65536.0,1.0,32.0,2097152.0,786432.0,2.6666666666666665,1.0,0.25,0.25,0.0,0.0,0.0,89.6,2.66,1.0,0.0599186285714285,1.02277,0.0585846559553258,0
1.0,65536.0,1.0,32.0,2097152.0,786432.0,2.6666666666666665,1.0,0.25,0.25,1.0,0.0,0.0,89.6,2.66,1.0,0.0599186285714285,1.1764,0.0509338903191334,0
1.0,131072.0,1.0,1.0,131072.0,1572864.0,0.0833333333333333,1.0,1.0,1.0,0.0,0.0,0.0,89.6,2.66,1.0,0.0037449142857142,1.05359,0.003554432260855,0
1.0,131072.0,1.0,1.0,131072.0,1572864.0,0.0833333333333333,1.0,1.0,1.0,1.0,0.0,0.0,89.6,2.66,1.0,0.0037449142857142,0.98808,0.0037900921845541,0
1.0,131072.0,1.0,1.0,131072.0,1572864.0,0.0833333333333333,1.0,0.5,0.5,0.0,0.0,0.0,89.6,2.66,1.0,0.0037449142857142,1.34292,0.0027886354255758,0
1.0,131072.0,1.0,1.0,131072.0,1572864.0,0.0833333333333333,1.0,0.5,0.5,1.0,0.0,0.0,89.6,2.66,1.0,0.0037449142857142,1.5576500000000002,0.0024042078038803,0
1.0,131072.0,1.0,1.0,131072.0,1572864.0,0.0833333333333333,1.0,0.25,0.25,0.0,0.0,0.0,89.6,2.66,1.0,0.0037449142857142,1.39307,0.0026882455911865,0
1.0,131072.0,1.0,1.0,131072.0,1572864.0,0.0833333333333333,1.0,0.25,0.25,1.0,0.0,0.0,89.6,2.66,1.0,0.0037449142857142,1.31113,0.0028562494075448,0
1.0,131072.0,1.0,2.0,262144.0,1572864.0,0.1666666666666666,1.0,1.0,1.0,0.0,0.0,0.0,89.6,2.66,1.0,0.0074898285714285,1.01704,0.0073643402141789,0
1.0,131072.0,1.0,2.0,262144.0,1572864.0,0.1666666666666666,1.0,1.0,1.0,1.0,0.0,0.0,89.6,2.66,1.0,0.0074898285714285,1.51893,0.0049309899543945,0
1.0,131072.0,1.0,2.0,262144.0,1572864.0,0.1666666666666666,1.0,0.5,0.5,0.0,0.0,0.0,89.6,2.66,1.0,0.0074898285714285,1.19659,0.0062593106840509,0
1.0,131072.0,1.0,2.0,262144.0,1572864.0,0.1666666666666666,1.0,0.5,0.5,1.0,0.0,0.0,89.6,2.66,1.0,0.0074898285714285,1.26913,0.005901545603231,0
1.0,131072.0,1.0,2.0,262144.0,1572864.0,0.1666666666666666,1.0,0.25,0.25,0.0,0.0,0.0,89.6,2.66,1.0,0.0074898285714285,1.1260599999999998,0.0066513583391902,0
1.0,131072.0,1.0,2.0,262144.0,1572864.0,0.1666666666666666,1.0,0.25,0.25,1.0,0.0,0.0,89.6,2.66,1.0,0.0074898285714285,1.05439,0.0071034707948942,0
1.0,131072.0,1.0,4.0,524288.0,1572864.0,0.3333333333333333,1.0,1.0,1.0,0.0,0.0,0.0,89.6,2.66,1.0,0.0149796571428571,1.07155,0.0139794289980468,0
1.0,131072.0,1.0,4.0,524288.0,1572864.0,0.3333333333333333,1.0,1.0,1.0,1.0,0.0,0.0,89.6,2.66,1.0,0.0149796571428571,1.58326,0.009461274296614,0
1.0,131072.0,1.0,4.0,524288.0,1572864.0,0.3333333333333333,1.0,0.5,0.5,0.0,0.0,0.0,89.6,2.66,1.0,0.0149796571428571,1.44923,0.0103362869543531,0
1.0,131072.0,1.0,4.0,524288.0,1572864.0,0.3333333333333333,1.0,0.5,0.5,1.0,0.0,0.0,89.6,2.66,1.0,0.0149796571428571,1.24132,0.0120675225911587,0
1.0,131072.0,1.0,4.0,524288.0,1572864.0,0.3333333333333333,1.0,0.25,0.25,0.0,0.0,0.0,89.6,2.66,1.0,0.0149796571428571,1.15576,0.0129608717578538,0
1.0,131072.0,1.0,4.0,524288.0,1572864.0,0.3333333333333333,1.0,0.25,0.25,1.0,0.0,0.0,89.6,2.66,1.0,0.0149796571428571,1.10552,0.0135498743965347,0
1.0,131072.0,1.0,8.0,1048576.0,1572864.0,0.6666666666666666,1.0,1.0,1.0,0.0,0.0,0.0,89.6,2.66,1.0,0.0299593142857142,1.48363,0.0201932518793191,0
1.0,131072.0,1.0,8.0,1048576.0,1572864.0,0.6666666666666666,1.0,1.0,1.0,1.0,0.0,0.0,89.6,2.66,1.0,0.0299593142857142,1.0501,0.0285299631327628,0
1.0,131072.0,1.0,8.0,1048576.0,1572864.0,0.6666666666666666,1.0,0.5,0.5,0.0,0.0,0.0,89.6,2.66,1.0,0.0299593142857142,1.23228,0.0243120997546939,0
1.0,131072.0,1.0,8.0,1048576.0,1572864.0,0.6666666666666666,1.0,0.5,0.5,1.0,0.0,0.0,89.6,2.66,1.0,0.0299593142857142,1.55486,0.0192681748104101,0
1.0,131072.0,1.0,8.0,1048576.0,1572864.0,0.6666666666666666,1.0,0.25,0.25,0.0,0.0,0.0,89.6,2.66,1.0,0.0299593142857142,1.33174,0.0224963688750914,0
1.0,131072.0,1.0,8.0,1048576.0,1572864.0,0.6666666666666666,1.0,0.25,0.25,1.0,0.0,0.0,89.6,2.66,1.0,0.0299593142857142,1.1932,0.0251083760356304,0
1.0,131072.0,1.0,16.0,2097152.0,1572864.0,1.3333333333333333,1.0,1.0,1.0,0.0,0.0,0.0,89.6,2.66,1.0,0.0599186285714285,1.3056299999999998,0.0458925029077369,0
1.0,131072.0,1.0,16.0,2097152.0,1572864.0,1.3333333333333333,1.0,1.0,1.0,1.0,0.0,0.0,89.6,2.66,1.0,0.0599186285714285,1.19815,0.0500092881287222,0
1.0,131072.0,1.0,16.0,2097152.0,1572864.0,1.3333333333333333,1.0,0.5,0.5,0.0,0.0,0.0,89.6,2.66,1.0,0.0599186285714285,1.04242,0.0574803136657283,0
1.0,131072.0,1.0,16.0,2097152.0,1572864.0,1.3333333333333333,1.0,0.5,0.5,1.0,0.0,0.0,89.6,2.66,1.0,0.0599186285714285,1.48023,0.0404792691483273,0
1.0,131072.0,1.0,16.0,2097152.0,1572864.0,1.3333333333333333,1.0,0.25,0.25,0.0,0.0,0.0,89.6,2.66,1.0,0.0599186285714285,1.12585,0.0532207919096048,0
1.0,131072.0,1.0,16.0,2097152.0,1572864.0,1.3333333333333333,1.0,0.25,0.25,1.0,0.0,0.0,89.6,2.66,1.0,0.0599186285714285,1.85572,0.0322886149696228,0
1.0,131072.0,1.0,32.0,4194304.0,1572864.0,2.6666666666666665,1.0,1.0,1.0,0.0,0.0,0.0,89.6,2.66,1.0,0.1198372571428571,1.14659,0.1045162238837397,0
1.0,131072.0,1.0,32.0,4194304.0,1572864.0,2.6666666666666665,1.0,1.0,1.0,1.0,0.0,0.0,89.6,2.66,1.0,0.1198372571428571,1.03663,0.1156027291732413,0
1.0,131072.0,1.0,32.0,4194304.0,1572864.0,2.6666666666666665,1.0,0.5,0.5,0.0,0.0,0.0,89.6,2.66,1.0,0.1198372571428571,1.23874,0.0967412509024146,0
1.0,131072.0,1.0,32.0,4194304.0,1572864.0,2.6666666666666665,1.0,0.5,0.5,1.0,0.0,0.0,89.6,2.66,1.0,0.1198372571428571,1.25209,0.0957097789638581,0
1.0,131072.0,1.0,32.0,4194304.0,1572864.0,2.6666666666666665,1.0,0.25,0.25,0.0,0.0,0.0,89.6,2.66,1.0,0.1198372571428571,1.36848,0.0875696079905129,0
1.0,131072.0,1.0,32.0,4194304.0,1572864.0,2.6666666666666665,1.0,0.25,0.25,1.0,0.0,0.0,89.6,2.66,1.0,0.1198372571428571,1.12224,0.1067839830542995,0
1.0,262144.0,1.0,1.0,262144.0,3145728.0,0.0833333333333333,1.0,1.0,1.0,0.0,0.0,0.0,89.6,2.66,1.0,0.0074898285714285,2.10731,0.0035542129878511,0
1.0,262144.0,1.0,1.0,262144.0,3145728.0,0.0833333333333333,1.0,1.0,1.0,1.0,0.0,0.0,89.6,2.66,1.0,0.0074898285714285,1.7730200000000005,0.0042243339451492,0
1.0,262144.0,1.0,1.0,262144.0,3145728.0,0.0833333333333333,1.0,0.5,0.5,0.0,0.0,0.0,89.6,2.66,1.0,0.0074898285714285,1.88513,0.0039731098499459,0
1.0,262144.0,1.0,1.0,262144.0,3145728.0,0.0833333333333333,1.0,0.5,0.5,1.0,0.0,0.0,89.6,2.66,1.0,0.0074898285714285,1.82084,0.0041133919352763,0
1.0,262144.0,1.0,1.0,262144.0,3145728.0,0.0833333333333333,1.0,0.25,0.25,0.0,0.0,0.0,89.6,2.66,1.0,0.0074898285714285,2.00227,0.0037406686268228,0
1.0,262144.0,1.0,1.0,262144.0,3145728.0,0.0833333333333333,1.0,0.25,0.25,1.0,0.0,0.0,89.6,2.66,1.0,0.0074898285714285,1.87525,0.0039940426990686,0
1.0,262144.0,1.0,2.0,524288.0,3145728.0,0.1666666666666666,1.0,1.0,1.0,0.0,0.0,0.0,89.6,2.66,1.0,0.0149796571428571,2.84167,0.0052714274151668,0
1.0,262144.0,1.0,2.0,524288.0,3145728.0,0.1666666666666666,1.0,1.0,1.0,1.0,0.0,0.0,89.6,2.66,1.0,0.0149796571428571,1.77867,0.0084218304367067,0
1.0,262144.0,1.0,2.0,524288.0,3145728.0,0.1666666666666666,1.0,0.5,0.5,0.0,0.0,0.0,89.6,2.66,1.0,0.0149796571428571,2.04028,0.0073419614674736,0
1.0,262144.0,1.0,2.0,524288.0,3145728.0,0.1666666666666666,1.0,0.5,0.5,1.0,0.0,0.0,89.6,2.66,1.0,0.0149796571428571,1.74573,0.0085807410898919,0
1.0,262144.0,1.0,2.0,524288.0,3145728.0,0.1666666666666666,1.0,0.25,0.25,0.0,0.0,0.0,89.6,2.66,1.0,0.0149796571428571,2.1456,0.006981570256738,0
1.0,262144.0,1.0,2.0,524288.0,3145728.0,0.1666666666666666,1.0,0.25,0.25,1.0,0.0,0.0,89.6,2.66,1.0,0.0149796571428571,1.92708,0.0077732409359534,0
1.0,262144.0,1.0,4.0,1048576.0,3145728.0,0.3333333333333333,1.0,1.0,1.0,0.0,0.0,0.0,89.6,2.66,1.0,0.0299593142857142,2.16344,0.0138479986899171,0
1.0,262144.0,1.0,4.0,1048576.0,3145728.0,0.3333333333333333,1.0,1.0,1.0,1.0,0.0,0.0,89.6,2.66,1.0,0.0299593142857142,3.03606,0.0098678268168989,0
1.0,262144.0,1.0,4.0,1048576.0,3145728.0,0.3333333333333333,1.0,0.5,0.5,0.0,0.0,0.0,89.6,2.66,1.0,0.0299593142857142,2.27158,0.0131887559697278,0
1.0,262144.0,1.0,4.0,1048576.0,3145728.0,0.3333333333333333,1.0,0.5,0.5,1.0,0.0,0.0,89.6,2.66,1.0,0.0299593142857142,1.97654,0.0151574540792062,0
1.0,262144.0,1.0,4.0,1048576.0,3145728.0,0.3333333333333333,1.0,0.25,0.25,0.0,0.0,0.0,89.6,2.66,1.0,0.0299593142857142,1.83764,0.0163031465824178,0
1.0,262144.0,1.0,4.0,1048576.0,3145728.0,0.3333333333333333,1.0,0.25,0.25,1.0,0.0,0.0,89.6,2.66,1.0,0.0299593142857142,3.4662299999999995,0.0086431986007028,0
1.0,262144.0,1.0,8.0,2097152.0,3145728.0,0.6666666666666666,1.0,1.0,1.0,0.0,0.0,0.0,89.6,2.66,1.0,0.0599186285714285,1.93197,0.031014264492424,0
1.0,262144.0,1.0,8.0,2097152.0,3145728.0,0.6666666666666666,1.0,1.0,1.0,1.0,0.0,0.0,89.6,2.66,1.0,0.0599186285714285,3.90946,0.0153265741487132,0
1.0,262144.0,1.0,8.0,2097152.0,3145728.0,0.6666666666666666,1.0,0.5,0.5,0.0,0.0,0.0,89.6,2.66,1.0,0.0599186285714285,1.96517,0.0304903029109077,0
1.0,262144.0,1.0,8.0,2097152.0,3145728.0,0.6666666666666666,1.0,0.5,0.5,1.0,0.0,0.0,89.6,2.66,1.0,0.0599186285714285,1.96372,0.0305128167821423,0
1.0,262144.0,1.0,8.0,2097152.0,3145728.0,0.6666666666666666,1.0,0.25,0.25,0.0,0.0,0.0,89.6,2.66,1.0,0.0599186285714285,2.22366,0.0269459488282509,0
1.0,262144.0,1.0,8.0,2097152.0,3145728.0,0.6666666666666666,1.0,0.25,0.25,1.0,0.0,0.0,89.6,2.66,1.0,0.0599186285714285,1.99407,0.0300484078148854,0
1.0,262144.0,1.0,16.0,4194304.0,3145728.0,1.3333333333333333,1.0,1.0,1.0,0.0,0.0,0.0,89.6,2.66,1.0,0.1198372571428571,2.02528,0.0591707107870798,0
1.0,262144.0,1.0,16.0,4194304.0,3145728.0,1.3333333333333333,1.0,1.0,1.0,1.0,0.0,0.0,89.6,2.66,1.0,0.1198372571428571,3.29877,0.0363278607307745,0
1.0,262144.0,1.0,16.0,4194304.0,3145728.0,1.3333333333333333,1.0,0.5,0.5,0.0,0.0,0.0,89.6,2.66,1.0,0.1198372571428571,1.96084,0.0611152654693178,0
1.0,262144.0,1.0,16.0,4194304.0,3145728.0,1.3333333333333333,1.0,0.5,0.5,1.0,0.0,0.0,89.6,2.66,1.0,0.1198372571428571,2.08801,0.0573930475155086,0
1.0,262144.0,1.0,16.0,4194304.0,3145728.0,1.3333333333333333,1.0,0.25,0.25,0.0,0.0,0.0,89.6,2.66,1.0,0.1198372571428571,1.84761,0.0648606887507954,0
1.0,262144.0,1.0,16.0,4194304.0,3145728.0,1.3333333333333333,1.0,0.25,0.25,1.0,0.0,0.0,89.6,2.66,1.0,0.1198372571428571,2.71007,0.0442192478950201,0
1.0,262144.0,1.0,32.0,8388608.0,3145728.0,2.6666666666666665,1.0,1.0,1.0,0.0,0.0,0.0,89.6,2.66,1.0,0.2396745142857143,1.99721,0.120004663648647,0
1.0,262144.0,1.0,32.0,8388608.0,3145728.0,2.6666666666666665,1.0,1.0,1.0,1.0,0.0,0.0,89.6,2.66,1.0,0.2396745142857143,1.79256,0.133705155914287,0
1.0,262144.0,1.0,32.0,8388608.0,3145728.0,2.6666666666666665,1.0,0.5,0.5,0.0,0.0,0.0,89.6,2.66,1.0,0.2396745142857143,1.75498,0.1365682311397932,0
1.0,262144.0,1.0,32.0,8388608.0,3145728.0,2.6666666666666665,1.0,0.5,0.5,1.0,0.0,0.0,89.6,2.66,1.0,0.2396745142857143,2.04626,0.1171280845472786,0
1.0,262144.0,1.0,32.0,8388608.0,3145728.0,2.6666666666666665,1.0,0.25,0.25,0.0,0.0,0.0,89.6,2.66,1.0,0.2396745142857143,2.59969,0.0921934977961658,0
1.0,262144.0,1.0,32.0,8388608.0,3145728.0,2.6666666666666665,1.0,0.25,0.25,1.0,0.0,0.0,89.6,2.66,1.0,0.2396745142857143,1.6972,0.1412176021009393,0
1.0,524288.0,1.0,1.0,524288.0,6291456.0,0.0833333333333333,1.0,1.0,1.0,0.0,0.0,0.0,89.6,2.66,1.0,0.0149796571428571,8.330269999999999,0.0017982198827717,0
1.0,524288.0,1.0,1.0,524288.0,6291456.0,0.0833333333333333,1.0,1.0,1.0,1.0,0.0,0.0,89.6,2.66,1.0,0.0149796571428571,6.31377,0.0023725376665379,0
1.0,524288.0,1.0,1.0,524288.0,6291456.0,0.0833333333333333,1.0,0.5,0.5,0.0,0.0,0.0,89.6,2.66,1.0,0.0149796571428571,5.6191,0.0026658463353307,0
1.0,524288.0,1.0,1.0,524288.0,6291456.0,0.0833333333333333,1.0,0.5,0.5,1.0,0.0,0.0,89.6,2.66,1.0,0.0149796571428571,6.48211,0.0023109230085353,0
1.0,524288.0,1.0,1.0,524288.0,6291456.0,0.0833333333333333,1.0,0.25,0.25,0.0,0.0,0.0,89.6,2.66,1.0,0.0149796571428571,4.88318,0.0030676029027922,0
1.0,524288.0,1.0,1.0,524288.0,6291456.0,0.0833333333333333,1.0,0.25,0.25,1.0,0.0,0.0,89.6,2.66,1.0,0.0149796571428571,6.71058,0.002232244775095,0
1.0,524288.0,1.0,2.0,1048576.0,6291456.0,0.1666666666666666,1.0,1.0,1.0,0.0,0.0,0.0,89.6,2.66,1.0,0.0299593142857142,6.37298,0.0047009898486601,0
1.0,524288.0,1.0,2.0,1048576.0,6291456.0,0.1666666666666666,1.0,1.0,1.0,1.0,0.0,0.0,89.6,2.66,1.0,0.0299593142857142,6.33292,0.004730726787282,0
1.0,524288.0,1.0,2.0,1048576.0,6291456.0,0.1666666666666666,1.0,0.5,0.5,0.0,0.0,0.0,89.6,2.66,1.0,0.0299593142857142,6.35595,0.0047135855829127,0
1.0,524288.0,1.0,2.0,1048576.0,6291456.0,0.1666666666666666,1.0,0.5,0.5,1.0,0.0,0.0,89.6,2.66,1.0,0.0299593142857142,6.14252,0.004877365362378,0
1.0,524288.0,1.0,2.0,1048576.0,6291456.0,0.1666666666666666,1.0,0.25,0.25,0.0,0.0,0.0,89.6,2.66,1.0,0.0299593142857142,7.01058,0.0042734430369119,0
1.0,524288.0,1.0,2.0,1048576.0,6291456.0,0.1666666666666666,1.0,0.25,0.25,1.0,0.0,0.0,89.6,2.66,1.0,0.0299593142857142,7.83468,0.0038239359215327,0
1.0,524288.0,1.0,4.0,2097152.0,6291456.0,0.3333333333333333,1.0,1.0,1.0,0.0,0.0,0.0,89.6,2.66,1.0,0.0599186285714285,4.96592,0.0120659673477278,0
1.0,524288.0,1.0,4.0,2097152.0,6291456.0,0.3333333333333333,1.0,1.0,1.0,1.0,0.0,0.0,89.6,2.66,1.0,0.0599186285714285,6.5362,0.0091671963176507,0
1.0,524288.0,1.0,4.0,2097152.0,6291456.0,0.3333333333333333,1.0,0.5,0.5,0.0,0.0,0.0,89.6,2.66,1.0,0.0599186285714285,6.70569,0.0089354903927006,0
1.0,524288.0,1.0,4.0,2097152.0,6291456.0,0.3333333333333333,1.0,0.5,0.5,1.0,0.0,0.0,89.6,2.66,1.0,0.0599186285714285,4.6269,0.0129500591262894,0
1.0,524288.0,1.0,4.0,2097152.0,6291456.0,0.3333333333333333,1.0,0.25,0.25,0.0,0.0,0.0,89.6,2.66,1.0,0.0599186285714285,7.54785,0.0079385028281468,0
1.0,524288.0,1.0,4.0,2097152.0,6291456.0,0.3333333333333333,1.0,0.25,0.25,1.0,0.0,0.0,89.6,2.66,1.0,0.0599186285714285,5.68005,0.0105489614653794,0
1.0,524288.0,1.0,8.0,4194304.0,6291456.0,0.6666666666666666,1.0,1.0,1.0,0.0,0.0,0.0,89.6,2.66,1.0,0.1198372571428571,7.34718,0.0163106466893225,0
1.0,524288.0,1.0,8.0,4194304.0,6291456.0,0.6666666666666666,1.0,1.0,1.0,1.0,0.0,0.0,89.6,2.66,1.0,0.1198372571428571,7.1489400000000005,0.0167629406797171,0
1.0,524288.0,1.0,8.0,4194304.0,6291456.0,0.6666666666666666,1.0,0.5,0.5,0.0,0.0,0.0,89.6,2.66,1.0,0.1198372571428571,5.8658,0.0204298232368742,0
1.0,524288.0,1.0,8.0,4194304.0,6291456.0,0.6666666666666666,1.0,0.5,0.5,1.0,0.0,0.0,89.6,2.66,1.0,0.1198372571428571,5.9999,0.0199732090772941,0
1.0,524288.0,1.0,8.0,4194304.0,6291456.0,0.6666666666666666,1.0,0.25,0.25,0.0,0.0,0.0,89.6,2.66,1.0,0.1198372571428571,4.10449,0.0291966254377175,0
1.0,524288.0,1.0,8.0,4194304.0,6291456.0,0.6666666666666666,1.0,0.25,0.25,1.0,0.0,0.0,89.6,2.66,1.0,0.1198372571428571,5.50694,0.0217611336137414,0
1.0,524288.0,1.0,16.0,8388608.0,6291456.0,1.3333333333333333,1.0,1.0,1.0,0.0,0.0,0.0,89.6,2.66,1.0,0.2396745142857143,5.38255,0.044528060916427,0
1.0,524288.0,1.0,16.0,8388608.0,6291456.0,1.3333333333333333,1.0,1.0,1.0,1.0,0.0,0.0,89.6,2.66,1.0,0.2396745142857143,6.09753,0.0393068200215028,0
1.0,524288.0,1.0,16.0,8388608.0,6291456.0,1.3333333333333333,1.0,0.5,0.5,0.0,0.0,0.0,89.6,2.66,1.0,0.2396745142857143,6.85154,0.0349811158200513,0
1.0,524288.0,1.0,16.0,8388608.0,6291456.0,1.3333333333333333,1.0,0.5,0.5,1.0,0.0,0.0,89.6,2.66,1.0,0.2396745142857143,5.50211,0.0435604730341113,0
1.0,524288.0,1.0,16.0,8388608.0,6291456.0,1.3333333333333333,1.0,0.25,0.25,0.0,0.0,0.0,89.6,2.66,1.0,0.2396745142857143,5.75739,0.0416290218806984,0
1.0,524288.0,1.0,16.0,8388608.0,6291456.0,1.3333333333333333,1.0,0.25,0.25,1.0,0.0,0.0,89.6,2.66,1.0,0.2396745142857143,5.44873,0.0439872253324562,0
1.0,524288.0,1.0,32.0,16777216.0,6291456.0,2.6666666666666665,1.0,1.0,1.0,0.0,0.0,0.0,89.6,2.66,1.0,0.4793490285714286,6.65881,0.0719871911905323,0
1.0,524288.0,1.0,32.0,16777216.0,6291456.0,2.6666666666666665,1.0,1.0,1.0,1.0,0.0,0.0,89.6,2.66,1.0,0.4793490285714286,4.45385,0.1076257683962029,0
1.0,524288.0,1.0,32.0,16777216.0,6291456.0,2.6666666666666665,1.0,0.5,0.5,0.0,0.0,0.0,89.6,2.66,1.0,0.4793490285714286,5.601229999999999,0.0855792439466739,0
1.0,524288.0,1.0,32.0,16777216.0,6291456.0,2.6666666666666665,1.0,0.5,0.5,1.0,0.0,0.0,89.6,2.66,1.0,0.4793490285714286,5.816520000000001,0.082411653114135,0
1.0,524288.0,1.0,32.0,16777216.0,6291456.0,2.6666666666666665,1.0,0.25,0.25,0.0,0.0,0.0,89.6,2.66,1.0,0.4793490285714286,3.83393,0.1250281117734097,0
1.0,524288.0,1.0,32.0,16777216.0,6291456.0,2.6666666666666665,1.0,0.25,0.25,1.0,0.0,0.0,89.6,2.66,1.0,0.4793490285714286,6.64784,0.0721059815776896,0
1.0,1048576.0,1.0,1.0,1048576.0,12582912.0,0.0833333333333333,1.0,1.0,1.0,0.0,0.0,0.0,89.6,2.66,1.0,0.0299593142857142,12.21006,0.0024536582363816,0
1.0,1048576.0,1.0,1.0,1048576.0,12582912.0,0.0833333333333333,1.0,1.0,1.0,1.0,0.0,0.0,89.6,2.66,1.0,0.0299593142857142,10.23542,0.0029270234426837,0
1.0,1048576.0,1.0,1.0,1048576.0,12582912.0,0.0833333333333333,1.0,0.5,0.5,0.0,0.0,0.0,89.6,2.66,1.0,0.0299593142857142,10.47353,0.0028604791589573,0
1.0,1048576.0,1.0,1.0,1048576.0,12582912.0,0.0833333333333333,1.0,0.5,0.5,1.0,0.0,0.0,89.6,2.66,1.0,0.0299593142857142,9.65784,0.0031020719214352,0
1.0,1048576.0,1.0,1.0,1048576.0,12582912.0,0.0833333333333333,1.0,0.25,0.25,0.0,0.0,0.0,89.6,2.66,1.0,0.0299593142857142,14.62338,0.0020487270580203,0
1.0,1048576.0,1.0,1.0,1048576.0,12582912.0,0.0833333333333333,1.0,0.25,0.25,1.0,0.0,0.0,89.6,2.66,1.0,0.0299593142857142,11.58065,0.0025870149158911,0
1.0,1048576.0,1.0,2.0,2097152.0,12582912.0,0.1666666666666666,1.0,1.0,1.0,0.0,0.0,0.0,89.6,2.66,1.0,0.0599186285714285,10.19929,0.0058747842812027,0
1.0,1048576.0,1.0,2.0,2097152.0,12582912.0,0.1666666666666666,1.0,1.0,1.0,1.0,0.0,0.0,89.6,2.66,1.0,0.0599186285714285,12.19566,0.0049131107764096,0
1.0,1048576.0,1.0,2.0,2097152.0,12582912.0,0.1666666666666666,1.0,0.5,0.5,0.0,0.0,0.0,89.6,2.66,1.0,0.0599186285714285,12.36705,0.0048450219390581,0
1.0,1048576.0,1.0,2.0,2097152.0,12582912.0,0.1666666666666666,1.0,0.5,0.5,1.0,0.0,0.0,89.6,2.66,1.0,0.0599186285714285,10.16003,0.0058974853983136,0
1.0,1048576.0,1.0,2.0,2097152.0,12582912.0,0.1666666666666666,1.0,0.25,0.25,0.0,0.0,0.0,89.6,2.66,1.0,0.0599186285714285,9.52233,0.0062924335295488,0
1.0,1048576.0,1.0,2.0,2097152.0,12582912.0,0.1666666666666666,1.0,0.25,0.25,1.0,0.0,0.0,89.6,2.66,1.0,0.0599186285714285,12.80121,0.0046807003846846,0
1.0,1048576.0,1.0,4.0,4194304.0,12582912.0,0.3333333333333333,1.0,1.0,1.0,0.0,0.0,0.0,89.6,2.66,1.0,0.1198372571428571,12.18277,0.0098366182028272,0
1.0,1048576.0,1.0,4.0,4194304.0,12582912.0,0.3333333333333333,1.0,1.0,1.0,1.0,0.0,0.0,89.6,2.66,1.0,0.1198372571428571,11.7518,0.0101973533537719,0
1.0,1048576.0,1.0,4.0,4194304.0,12582912.0,0.3333333333333333,1.0,0.5,0.5,0.0,0.0,0.0,89.6,2.66,1.0,0.1198372571428571,11.2877,0.0106166231511164,0
1.0,1048576.0,1.0,4.0,4194304.0,12582912.0,0.3333333333333333,1.0,0.5,0.5,1.0,0.0,0.0,89.6,2.66,1.0,0.1198372571428571,8.04885,0.0148887427573948,0
1.0,1048576.0,1.0,4.0,4194304.0,12582912.0,0.3333333333333333,1.0,0.25,0.25,0.0,0.0,0.0,89.6,2.66,1.0,0.1198372571428571,11.83932,0.0101219712908222,0
1.0,1048576.0,1.0,4.0,4194304.0,12582912.0,0.3333333333333333,1.0,0.25,0.25,1.0,0.0,0.0,89.6,2.66,1.0,0.1198372571428571,9.80699,0.0122195757457545,0
1.0,1048576.0,1.0,8.0,8388608.0,12582912.0,0.6666666666666666,1.0,1.0,1.0,0.0,0.0,0.0,89.6,2.66,1.0,0.2396745142857143,12.29535,0.0194931022122765,0
1.0,1048576.0,1.0,8.0,8388608.0,12582912.0,0.6666666666666666,1.0,1.0,1.0,1.0,0.0,0.0,89.6,2.66,1.0,0.2396745142857143,11.5966,0.0206676538197156,0
1.0,1048576.0,1.0,8.0,8388608.0,12582912.0,0.6666666666666666,1.0,0.5,0.5,0.0,0.0,0.0,89.6,2.66,1.0,0.2396745142857143,12.30421,0.0194790656438498,0
1.0,1048576.0,1.0,8.0,8388608.0,12582912.0,0.6666666666666666,1.0,0.5,0.5,1.0,0.0,0.0,89.6,2.66,1.0,0.2396745142857143,11.13603,0.0215224379142041,0
1.0,1048576.0,1.0,8.0,8388608.0,12582912.0,0.6666666666666666,1.0,0.25,0.25,0.0,0.0,0.0,89.6,2.66,1.0,0.2396745142857143,9.99714,0.0239743080806825,0
1.0,1048576.0,1.0,8.0,8388608.0,12582912.0,0.6666666666666666,1.0,0.25,0.25,1.0,0.0,0.0,89.6,2.66,1.0,0.2396745142857143,14.96227,0.0160185930534413,0
1.0,1048576.0,1.0,16.0,16777216.0,12582912.0,1.3333333333333333,1.0,1.0,1.0,0.0,0.0,0.0,89.6,2.66,1.0,0.4793490285714286,12.79743,0.0374566634528517,0
1.0,1048576.0,1.0,16.0,16777216.0,12582912.0,1.3333333333333333,1.0,1.0,1.0,1.0,0.0,0.0,89.6,2.66,1.0,0.4793490285714286,11.29316,0.0424459609685356,0
1.0,1048576.0,1.0,16.0,16777216.0,12582912.0,1.3333333333333333,1.0,0.5,0.5,0.0,0.0,0.0,89.6,2.66,1.0,0.4793490285714286,12.50693,0.038326673977661,0
1.0,1048576.0,1.0,16.0,16777216.0,12582912.0,1.3333333333333333,1.0,0.5,0.5,1.0,0.0,0.0,89.6,2.66,1.0,0.4793490285714286,12.27057,0.0390649357423028,0
1.0,1048576.0,1.0,16.0,16777216.0,12582912.0,1.3333333333333333,1.0,0.25,0.25,0.0,0.0,0.0,89.6,2.66,1.0,0.4793490285714286,12.13213,0.0395107065759622,0
1.0,1048576.0,1.0,16.0,16777216.0,12582912.0,1.3333333333333333,1.0,0.25,0.25,1.0,0.0,0.0,89.6,2.66,1.0,0.4793490285714286,7.05199,0.0679735831405643,0
1.0,1048576.0,1.0,32.0,33554432.0,12582912.0,2.6666666666666665,1.0,1.0,1.0,0.0,0.0,0.0,89.6,2.66,1.0,0.9586980571428572,9.11143,0.1052192748166706,0
1.0,1048576.0,1.0,32.0,33554432.0,12582912.0,2.6666666666666665,1.0,1.0,1.0,1.0,0.0,0.0,89.6,2.66,1.0,0.9586980571428572,7.934709999999999,0.120823326516389,0
1.0,1048576.0,1.0,32.0,33554432.0,12582912.0,2.6666666666666665,1.0,0.5,0.5,0.0,0.0,0.0,89.6,2.66,1.0,0.9586980571428572,9.8551,0.0972793839882758,0
1.0,1048576.0,1.0,32.0,33554432.0,12582912.0,2.6666666666666665,1.0,0.5,0.5,1.0,0.0,0.0,89.6,2.66,1.0,0.9586980571428572,12.08329,0.0793408133995672,0
1.0,1048576.0,1.0,32.0,33554432.0,12582912.0,2.6666666666666665,1.0,0.25,0.25,0.0,0.0,0.0,89.6,2.66,1.0,0.9586980571428572,12.34278,0.0776727817511822,0
1.0,1048576.0,1.0,32.0,33554432.0,12582912.0,2.6666666666666665,1.0,0.25,0.25,1.0,0.0,0.0,89.6,2.66,1.0,0.9586980571428572,9.49129,0.1010081935272083,0
1.0,2097152.0,1.0,1.0,2097152.0,25165824.0,0.0833333333333333,1.0,1.0,1.0,0.0,0.0,0.0,89.6,2.66,1.0,0.0599186285714285,23.89653,0.0025074196367183,0
1.0,2097152.0,1.0,1.0,2097152.0,25165824.0,0.0833333333333333,1.0,1.0,1.0,1.0,0.0,0.0,89.6,2.66,1.0,0.0599186285714285,23.42772,0.0025575953857835,0
1.0,2097152.0,1.0,1.0,2097152.0,25165824.0,0.0833333333333333,1.0,0.5,0.5,0.0,0.0,0.0,89.6,2.66,1.0,0.0599186285714285,18.46607,0.0032447959187541,0
1.0,2097152.0,1.0,1.0,2097152.0,25165824.0,0.0833333333333333,1.0,0.5,0.5,1.0,0.0,0.0,89.6,2.66,1.0,0.0599186285714285,16.70245,0.003587415533136,0
1.0,2097152.0,1.0,1.0,2097152.0,25165824.0,0.0833333333333333,1.0,0.25,0.25,0.0,0.0,0.0,89.6,2.66,1.0,0.0599186285714285,20.12201,0.0029777655697133,0
1.0,2097152.0,1.0,1.0,2097152.0,25165824.0,0.0833333333333333,1.0,0.25,0.25,1.0,0.0,0.0,89.6,2.66,1.0,0.0599186285714285,22.0494,0.0027174720659713,0
1.0,2097152.0,1.0,2.0,4194304.0,25165824.0,0.1666666666666666,1.0,1.0,1.0,0.0,0.0,0.0,89.6,2.66,1.0,0.1198372571428571,23.64085,0.005069075652646,0
1.0,2097152.0,1.0,2.0,4194304.0,25165824.0,0.1666666666666666,1.0,1.0,1.0,1.0,0.0,0.0,89.6,2.66,1.0,0.1198372571428571,17.71819,0.0067635157509236,0
1.0,2097152.0,1.0,2.0,4194304.0,25165824.0,0.1666666666666666,1.0,0.5,0.5,0.0,0.0,0.0,89.6,2.66,1.0,0.1198372571428571,13.290409999999998,0.0090168216889363,0
1.0,2097152.0,1.0,2.0,4194304.0,25165824.0,0.1666666666666666,1.0,0.5,0.5,1.0,0.0,0.0,89.6,2.66,1.0,0.1198372571428571,21.75573,0.0055083077949053,0
1.0,2097152.0,1.0,2.0,4194304.0,25165824.0,0.1666666666666666,1.0,0.25,0.25,0.0,0.0,0.0,89.6,2.66,1.0,0.1198372571428571,23.57626,0.0050829629951,0
1.0,2097152.0,1.0,2.0,4194304.0,25165824.0,0.1666666666666666,1.0,0.25,0.25,1.0,0.0,0.0,89.6,2.66,1.0,0.1198372571428571,24.19185,0.004953621039435,0
1.0,2097152.0,1.0,4.0,8388608.0,25165824.0,0.3333333333333333,1.0,1.0,1.0,0.0,0.0,0.0,89.6,2.66,1.0,0.2396745142857143,23.8124,0.0100651137342609,0
1.0,2097152.0,1.0,4.0,8388608.0,25165824.0,0.3333333333333333,1.0,1.0,1.0,1.0,0.0,0.0,89.6,2.66,1.0,0.2396745142857143,20.53044,0.0116741050988539,0
1.0,2097152.0,1.0,4.0,8388608.0,25165824.0,0.3333333333333333,1.0,0.5,0.5,0.0,0.0,0.0,89.6,2.66,1.0,0.2396745142857143,24.08296,0.0099520372199145,0
1.0,2097152.0,1.0,4.0,8388608.0,25165824.0,0.3333333333333333,1.0,0.5,0.5,1.0,0.0,0.0,89.6,2.66,1.0,0.2396745142857143,23.21519,0.0103240384543789,0
1.0,2097152.0,1.0,4.0,8388608.0,25165824.0,0.3333333333333333,1.0,0.25,0.25,0.0,0.0,0.0,89.6,2.66,1.0,0.2396745142857143,27.34522,0.0087647681856541,0
1.0,2097152.0,1.0,4.0,8388608.0,25165824.0,0.3333333333333333,1.0,0.25,0.25,1.0,0.0,0.0,89.6,2.66,1.0,0.2396745142857143,26.71392,0.0089718960858501,0
1.0,2097152.0,1.0,8.0,16777216.0,25165824.0,0.6666666666666666,1.0,1.0,1.0,0.0,0.0,0.0,89.6,2.66,1.0,0.4793490285714286,19.48333,0.024603033904955,0
1.0,2097152.0,1.0,8.0,16777216.0,25165824.0,0.6666666666666666,1.0,1.0,1.0,1.0,0.0,0.0,89.6,2.66,1.0,0.4793490285714286,19.41277,0.0246924590654207,0
1.0,2097152.0,1.0,8.0,16777216.0,25165824.0,0.6666666666666666,1.0,0.5,0.5,0.0,0.0,0.0,89.6,2.66,1.0,0.4793490285714286,23.00148,0.0208399211081821,0
1.0,2097152.0,1.0,8.0,16777216.0,25165824.0,0.6666666666666666,1.0,0.5,0.5,1.0,0.0,0.0,89.6,2.66,1.0,0.4793490285714286,22.9828,0.020856859415364,0
1.0,2097152.0,1.0,8.0,16777216.0,25165824.0,0.6666666666666666,1.0,0.25,0.25,0.0,0.0,0.0,89.6,2.66,1.0,0.4793490285714286,19.93996,0.0240396183628968,0
1.0,2097152.0,1.0,8.0,16777216.0,25165824.0,0.6666666666666666,1.0,0.25,0.25,1.0,0.0,0.0,89.6,2.66,1.0,0.4793490285714286,13.81758,0.0346912432257622,0
1.0,2097152.0,1.0,16.0,33554432.0,25165824.0,1.3333333333333333,1.0,1.0,1.0,0.0,0.0,0.0,89.6,2.66,1.0,0.9586980571428572,14.88644,0.0644007605003518,0
1.0,2097152.0,1.0,16.0,33554432.0,25165824.0,1.3333333333333333,1.0,1.0,1.0,1.0,0.0,0.0,89.6,2.66,1.0,0.9586980571428572,20.01785,0.0478921591051415,0
1.0,2097152.0,1.0,16.0,33554432.0,25165824.0,1.3333333333333333,1.0,0.5,0.5,0.0,0.0,0.0,89.6,2.66,1.0,0.9586980571428572,19.40598,0.0494021975258583,0
1.0,2097152.0,1.0,16.0,33554432.0,25165824.0,1.3333333333333333,1.0,0.5,0.5,1.0,0.0,0.0,89.6,2.66,1.0,0.9586980571428572,17.476589999999998,0.0548561279484646,0
1.0,2097152.0,1.0,16.0,33554432.0,25165824.0,1.3333333333333333,1.0,0.25,0.25,0.0,0.0,0.0,89.6,2.66,1.0,0.9586980571428572,14.98475,0.0639782483620252,0
1.0,2097152.0,1.0,16.0,33554432.0,25165824.0,1.3333333333333333,1.0,0.25,0.25,1.0,0.0,0.0,89.6,2.66,1.0,0.9586980571428572,13.37668,0.0716693572054394,0
1.0,2097152.0,1.0,32.0,67108864.0,25165824.0,2.6666666666666665,1.0,1.0,1.0,0.0,0.0,0.0,89.6,2.66,1.0,1.9173961142857143,25.28841,0.0758211415540049,0
1.0,2097152.0,1.0,32.0,67108864.0,25165824.0,2.6666666666666665,1.0,1.0,1.0,1.0,0.0,0.0,89.6,2.66,1.0,1.9173961142857143,19.3754,0.0989603370400463,0
1.0,2097152.0,1.0,32.0,67108864.0,25165824.0,2.6666666666666665,1.0,0.5,0.5,0.0,0.0,0.0,89.6,2.66,1.0,1.9173961142857143,25.52476,0.0751190653422682,0
1.0,2097152.0,1.0,32.0,67108864.0,25165824.0,2.6666666666666665,1.0,0.5,0.5,1.0,0.0,0.0,89.6,2.66,1.0,1.9173961142857143,22.97754,0.0834465358034722,0
1.0,2097152.0,1.0,32.0,67108864.0,25165824.0,2.6666666666666665,1.0,0.25,0.25,0.0,0.0,0.0,89.6,2.66,1.0,1.9173961142857143,23.55532,0.0813997056412612,0
1.0,2097152.0,1.0,32.0,67108864.0,25165824.0,2.6666666666666665,1.0,0.25,0.25,1.0,0.0,0.0,89.6,2.66,1.0,1.9173961142857143,17.71667,0.1082255364177192,0
1.0,32768.0,3.0,2.0,65536.0,12288.0,5.333333333333333,10000.0,0.15,0.5,0.0,0.0,1.0,15.75,6.8,0.0,0.028613,0.10812,0.2646411394746578,0
1.0,262144.0,3.0,2.0,524288.0,49152.0,10.666666666666666,10000.0,0.15,0.5,0.0,0.0,1.0,15.75,6.8,0.0,0.246973,0.18648,1.3243940368940368,1
1.0,884736.0,3.0,2.0,1769472.0,110592.0,16.0,10000.0,0.15,0.5,0.0,0.0,1.0,15.75,6.8,0.0,0.983203,0.2244399999999999,4.380694172161825,1
1.0,2097152.0,3.0,2.0,4194304.0,196608.0,21.33333333333333,10000.0,0.15,0.5,0.0,0.0,1.0,15.75,6.8,0.0,2.772363,1.3419200000000002,2.065967419816382,1
1.0,7077888.0,3.0,2.0,14155776.0,442368.0,32.0,10000.0,0.15,0.5,0.0,0.0,1.0,15.75,6.8,0.0,10.150195,2.26984,4.4717667324569135,1
1.0,16777216.0,3.0,2.0,33554432.0,786432.0,42.66666666666666,10000.0,0.15,0.5,0.0,0.0,1.0,15.75,6.8,0.0,29.202393,13.81956,2.113120316421073,1
1.0,56623104.0,3.0,2.0,113246208.0,1769472.0,64.0,10000.0,0.15,0.5,0.0,0.0,1.0,15.75,6.8,0.0,89.254785,23.7028,3.7655798049175626,1
1.0,134217728.0,3.0,2.0,268435456.0,3145728.0,85.33333333333333,10000.0,0.15,0.5,0.0,0.0,1.0,15.75,6.8,0.0,357.260791,67.69756000000001,5.2773067596527845,1
1.0,452984832.0,3.0,2.0,905969664.0,7077888.0,128.0,10000.0,0.15,0.5,0.0,0.0,1.0,15.75,6.8,0.0,1065.649805,221.434,4.812494038855822,1
1.0,1073741824.0,3.0,2.0,2147483648.0,12582912.0,170.66666666666666,10000.0,0.15,0.5,0.0,0.0,1.0,15.75,6.8,0.0,61356.67565714286,715.2429999999999,85.78437769701048,1
1.0,32768.0,3.0,2.0,65536.0,12288.0,5.333333333333333,10000.0,0.15,0.5,0.0,0.0,1.0,15.75,6.8,0.0,1.872457142857143,0.1065199999999999,17.578456091411407,1
1.0,262144.0,3.0,2.0,524288.0,49152.0,10.666666666666666,10000.0,0.15,0.5,0.0,0.0,1.0,15.75,6.8,0.0,14.979657142857144,0.1801999999999999,83.12795306801968,1
1.0,884736.0,3.0,2.0,1769472.0,110592.0,16.0,10000.0,0.15,0.5,0.0,0.0,1.0,15.75,6.8,0.0,50.55634285714286,0.22316,226.5475123550048,1
1.0,2097152.0,3.0,2.0,4194304.0,196608.0,21.33333333333333,10000.0,0.15,0.5,0.0,0.0,1.0,15.75,6.8,0.0,119.83725714285715,1.33364,89.85727568373561,1
1.0,7077888.0,3.0,2.0,14155776.0,442368.0,32.0,10000.0,0.15,0.5,0.0,0.0,1.0,15.75,6.8,0.0,404.45074285714287,2.29604,176.1514358883743,1
1.0,16777216.0,3.0,2.0,33554432.0,786432.0,42.66666666666666,10000.0,0.15,0.5,0.0,0.0,1.0,15.75,6.8,0.0,958.6980571428572,13.88464,69.04738308972053,1
1.0,56623104.0,3.0,2.0,113246208.0,1769472.0,64.0,10000.0,0.15,0.5,0.0,0.0,1.0,15.75,6.8,0.0,3235.605942857143,23.779960000000003,136.06439804176048,1
1.0,134217728.0,3.0,2.0,268435456.0,3145728.0,85.33333333333333,10000.0,0.15,0.5,0.0,0.0,1.0,15.75,6.8,0.0,7669.584457142858,74.10831999999999,103.49154396082464,1
1.0,4096.0,2.0,7.0,28672.0,49152.0,0.5833333333333334,4.0,0.8,0.5,0.0,0.0,1.0,15.75,6.8,0.0,0.004004,0.23848,0.0167896678966789,0
1.0,16384.0,2.0,7.0,114688.0,196608.0,0.5833333333333334,4.0,0.8,0.5,0.0,0.0,1.0,15.75,6.8,0.0,0.020215,0.42832,0.047196021666044,0
1.0,65536.0,2.0,7.0,458752.0,786432.0,0.5833333333333334,4.0,0.8,0.5,0.0,0.0,1.0,15.75,6.8,0.0,0.091162,1.25156,0.0728386973057624,0
1.0,262144.0,2.0,7.0,1835008.0,3145728.0,0.5833333333333334,4.0,0.8,0.5,0.0,0.0,1.0,15.75,6.8,0.0,0.393994,7.44232,0.0529396747250857,0
1.0,1048576.0,2.0,7.0,7340032.0,12582912.0,0.5833333333333334,4.0,0.8,0.5,0.0,0.0,1.0,15.75,6.8,0.0,1.630176,16.32696,0.0998456540592982,0
1.0,4194304.0,2.0,7.0,29360128.0,50331648.0,0.5833333333333334,4.0,0.8,0.5,0.0,0.0,1.0,15.75,6.8,0.0,6.759375,26.9936,0.2504065778554917,0
1.0,16777216.0,2.0,7.0,117440512.0,201326592.0,0.5833333333333334,4.0,0.8,0.5,0.0,0.0,1.0,15.75,6.8,0.0,26.895996,94.584,0.2843609489977163,0
1.0,4096.0,2.0,4.0,16384.0,49152.0,0.3333333333333333,2.0,0.35,0.5,0.0,0.0,1.0,15.75,6.8,0.0,0.0468114285714285,0.06124,0.7643930204348232,0
1.0,16384.0,2.0,4.0,65536.0,196608.0,0.3333333333333333,2.0,0.35,0.5,0.0,0.0,1.0,15.75,6.8,0.0,0.1872457142857143,0.2493999999999999,0.7507847405201055,0
1.0,65536.0,2.0,4.0,262144.0,786432.0,0.3333333333333333,2.0,0.35,0.5,0.0,0.0,1.0,15.75,6.8,0.0,0.7489828571428572,0.17456,4.290690061542491,1
1.0,262144.0,2.0,4.0,1048576.0,3145728.0,0.3333333333333333,2.0,0.35,0.5,0.0,0.0,1.0,15.75,6.8,0.0,2.9959314285714287,0.52868,5.6668143840724605,1
1.0,1048576.0,2.0,4.0,4194304.0,12582912.0,0.3333333333333333,2.0,0.35,0.5,0.0,0.0,1.0,15.75,6.8,0.0,11.983725714285717,1.9785600000000003,6.056791663778562,1
1.0,4194304.0,2.0,4.0,16777216.0,50331648.0,0.3333333333333333,2.0,0.35,0.5,0.0,0.0,1.0,15.75,6.8,0.0,47.93490285714286,28.51196,1.681220893167038,1
1.0,4096.0,2.0,2.0,8192.0,49152.0,0.1666666666666666,9996.0,0.15,0.5,0.0,0.0,1.0,15.75,6.8,0.0,0.076611,0.0764,1.0027617801047122,0
1.0,16384.0,2.0,2.0,32768.0,196608.0,0.1666666666666666,9996.0,0.15,0.5,0.0,0.0,1.0,15.75,6.8,0.0,0.291406,0.1698,1.7161719670200235,1
1.0,65536.0,2.0,2.0,131072.0,786432.0,0.1666666666666666,9996.0,0.15,0.5,0.0,0.0,1.0,15.75,6.8,0.0,1.241211,0.6372399999999999,1.947792040675413,1
1.0,262144.0,2.0,2.0,524288.0,3145728.0,0.1666666666666666,9996.0,0.15,0.5,0.0,0.0,1.0,15.75,6.8,0.0,5.203223,4.03312,1.2901235271948268,1
1.0,1048576.0,2.0,2.0,2097152.0,12582912.0,0.1666666666666666,9996.0,0.15,0.5,0.0,0.0,1.0,15.75,6.8,0.0,21.831201,43.71912,0.4993513364404406,0
1.0,4194304.0,2.0,2.0,8388608.0,50331648.0,0.1666666666666666,9996.0,0.15,0.5,0.0,0.0,1.0,15.75,6.8,0.0,86.570801,81.86779999999999,1.0574462853527271,0
1.0,4096.0,2.0,75.0,307200.0,49152.0,6.25,13.0,0.8,0.5,0.0,0.0,1.0,15.75,6.8,0.0,0.8773632351085714,0.06304,13.917564008701955,1
1.0,16384.0,2.0,75.0,1228800.0,196608.0,6.25,13.0,0.8,0.5,0.0,0.0,1.0,15.75,6.8,0.0,3.5094529404342856,0.0837199999999999,41.918931443314456,1
1.0,65536.0,2.0,75.0,4915200.0,786432.0,6.25,13.0,0.8,0.5,0.0,0.0,1.0,15.75,6.8,0.0,14.037811761737142,0.17248,81.38805520487674,1
1.0,262144.0,2.0,75.0,19660800.0,3145728.0,6.25,13.0,0.8,0.5,0.0,0.0,1.0,15.75,6.8,0.0,56.15124704694857,0.53024,105.89779542650228,1
1.0,1048576.0,2.0,75.0,78643200.0,12582912.0,6.25,13.0,0.8,0.5,0.0,0.0,1.0,15.75,6.8,0.0,224.60498818779428,1.96004,114.59204311534168,1
1.0,4194304.0,2.0,75.0,314572800.0,50331648.0,6.25,13.0,0.8,0.5,0.0,0.0,1.0,15.75,6.8,0.0,898.4199527511771,8.02116,112.00623759545716,1
1.0,4096.0,2.0,21.0,86016.0,49152.0,1.75,6.0,0.8,0.5,0.0,0.0,1.0,15.75,6.8,0.0,0.2456617058304,0.06028,4.075343494200398,1
1.0,16384.0,2.0,21.0,344064.0,196608.0,1.75,6.0,0.8,0.5,0.0,0.0,1.0,15.75,6.8,0.0,0.9826468233216,0.0822799999999999,11.942717833271756,1
1.0,65536.0,2.0,21.0,1376256.0,786432.0,1.75,6.0,0.8,0.5,0.0,0.0,1.0,15.75,6.8,0.0,3.9305872932864,0.17344,22.66251898804428,1
1.0,262144.0,2.0,21.0,5505024.0,3145728.0,1.75,6.0,0.8,0.5,0.0,0.0,1.0,15.75,6.8,0.0,15.7223491731456,0.53072,29.624565068483573,1
1.0,1048576.0,2.0,21.0,22020096.0,12582912.0,1.75,6.0,0.8,0.5,0.0,0.0,1.0,15.75,6.8,0.0,62.8893966925824,40.1346,1.5669620898821068,1
1.0,4194304.0,2.0,21.0,88080384.0,50331648.0,1.75,6.0,0.8,0.5,0.0,0.0,1.0,15.75,6.8,0.0,251.5575867703296,7.954280000000001,31.625437722877443,1
1.0,1024.0,1.0,1.0,1024.0,12288.0,0.0833333333333333,3.0,1.0,1.0,0.0,0.0,1.0,15.75,6.8,0.0,0.001,0.05988,0.0167000668002672,0
1.0,8192.0,1.0,1.0,8192.0,98304.0,0.0833333333333333,3.0,1.0,1.0,0.0,0.0,1.0,15.75,6.8,0.0,0.0023405714285714,0.07964,0.0293893951352514,0
1.0,65536.0,1.0,1.0,65536.0,786432.0,0.0833333333333333,3.0,1.0,1.0,0.0,0.0,1.0,15.75,6.8,0.0,0.0187245714285714,0.2159599999999999,0.0867038869631942,0
1.0,262144.0,1.0,1.0,262144.0,3145728.0,0.0833333333333333,3.0,1.0,1.0,0.0,0.0,1.0,15.75,6.8,0.0,0.0748982857142857,0.69192,0.1082470310357927,0
1.0,1048576.0,1.0,1.0,1048576.0,12582912.0,0.0833333333333333,3.0,1.0,1.0,0.0,0.0,1.0,15.75,6.8,0.0,0.2995931428571428,2.98128,0.1004914475853133,0
1.0,4194304.0,1.0,1.0,4194304.0,50331648.0,0.0833333333333333,3.0,1.0,1.0,0.0,0.0,1.0,15.75,6.8,0.0,1.1983725714285711,8.27448,0.1448275385798952,0
1.0,1024.0,1.0,2.0,2048.0,12288.0,0.1666666666666666,3.0,1.0,1.0,0.0,0.0,1.0,15.75,6.8,0.0,0.000195,0.05564,0.0035046728971962,0
1.0,8192.0,1.0,2.0,16384.0,98304.0,0.1666666666666666,3.0,1.0,1.0,0.0,0.0,1.0,15.75,6.8,0.0,0.001807,0.06876,0.0262798138452588,0
1.0,65536.0,1.0,2.0,131072.0,786432.0,0.1666666666666666,3.0,1.0,1.0,0.0,0.0,1.0,15.75,6.8,0.0,0.019824,0.1784799999999999,0.1110712684894666,0
1.0,262144.0,1.0,2.0,524288.0,3145728.0,0.1666666666666666,3.0,1.0,1.0,0.0,0.0,1.0,15.75,6.8,0.0,0.092188,0.52868,0.174373912385564,0
1.0,1048576.0,1.0,2.0,2097152.0,12582912.0,0.1666666666666666,3.0,1.0,1.0,0.0,0.0,1.0,15.75,6.8,0.0,0.529199,2.59856,0.203650868173142,0
1.0,4194304.0,1.0,2.0,8388608.0,50331648.0,0.1666666666666666,3.0,1.0,1.0,0.0,0.0,1.0,15.75,6.8,0.0,2.629785,7.908279999999999,0.3325356461834938,0
1.0,1024.0,1.0,4.0,4096.0,12288.0,0.3333333333333333,7.0,1.0,1.0,1.0,0.0,1.0,15.75,6.8,0.0,0.000195,0.06244,0.003122998078155,0
1.0,8192.0,1.0,4.0,32768.0,98304.0,0.3333333333333333,7.0,1.0,1.0,1.0,0.0,1.0,15.75,6.8,0.0,0.0093622857142857,0.08208,0.1140629351155666,0
1.0,65536.0,1.0,4.0,262144.0,786432.0,0.3333333333333333,7.0,1.0,1.0,1.0,0.0,1.0,15.75,6.8,0.0,0.0748982857142857,0.2149599999999999,0.3484289435908341,0
1.0,262144.0,1.0,4.0,1048576.0,3145728.0,0.3333333333333333,7.0,1.0,1.0,1.0,0.0,1.0,15.75,6.8,0.0,0.2995931428571428,0.6872400000000001,0.4359367074924958,0
1.0,1048576.0,1.0,4.0,4194304.0,12582912.0,0.3333333333333333,7.0,1.0,1.0,1.0,0.0,1.0,15.75,6.8,0.0,1.1983725714285711,2.95928,0.4049541008044427,0
1.0,2097152.0,1.0,4.0,8388608.0,25165824.0,0.3333333333333333,7.0,1.0,1.0,1.0,0.0,1.0,15.75,6.8,0.0,0.000195,4.33108,4.502341217433065e-05,0
1.0,1024.0,1.0,6.0,6144.0,12288.0,0.5,3.0,0.35,0.5,0.0,0.0,1.0,15.75,6.8,0.0,0.0017554285714285,0.06156,0.0285157337788916,0
1.0,8192.0,1.0,6.0,49152.0,98304.0,0.5,3.0,0.35,0.5,0.0,0.0,1.0,15.75,6.8,0.0,0.000195,0.07004,0.002784123358081,0
1.0,65536.0,1.0,6.0,393216.0,786432.0,0.5,3.0,0.35,0.5,0.0,0.0,1.0,15.75,6.8,0.0,0.1123474285714285,0.25036,0.4487435236117134,0
1.0,262144.0,1.0,6.0,1572864.0,3145728.0,0.5,3.0,0.35,0.5,0.0,0.0,1.0,15.75,6.8,0.0,0.4493897142857143,0.52952,0.848673731465694,0
1.0,1048576.0,1.0,6.0,6291456.0,12582912.0,0.5,3.0,0.35,0.5,0.0,0.0,1.0,15.75,6.8,0.0,0.000195,3.17476,6.14219657548917e-05,0
1.0,1024.0,1.0,12.0,12288.0,12288.0,1.0,3.0,1.0,1.0,0.0,0.0,1.0,15.75,6.8,0.0,0.0035108571428571,0.05848,0.0600351768614422,0
1.0,8192.0,1.0,12.0,98304.0,98304.0,1.0,3.0,1.0,1.0,0.0,0.0,1.0,15.75,6.8,0.0,0.0280868571428571,0.0795599999999999,0.3530273647920707,0
1.0,65536.0,1.0,12.0,786432.0,786432.0,1.0,3.0,1.0,1.0,0.0,0.0,1.0,15.75,6.8,0.0,0.2246948571428571,0.1774,1.2666000966339184,1
1.0,262144.0,1.0,12.0,3145728.0,3145728.0,1.0,3.0,1.0,1.0,0.0,0.0,1.0,15.75,6.8,0.0,0.8987794285714286,0.52832,1.7012027342736005,1
1.0,1048576.0,1.0,12.0,12582912.0,12582912.0,1.0,3.0,1.0,1.0,0.0,0.0,1.0,15.75,6.8,0.0,3.5951177142857142,1.95528,1.8386715530694908,1
1.0,256.0,2.0,5.0,1280.0,3072.0,0.4166666666666667,4.0,0.35,0.5,1.0,0.0,1.0,15.75,6.8,0.0,0.0036571428571428,0.03374,0.1083919044796341,0
1.0,1024.0,2.0,5.0,5120.0,12288.0,0.4166666666666667,4.0,0.35,0.5,1.0,0.0,1.0,15.75,6.8,0.0,0.0146285714285714,0.03402,0.4299991601578903,0
1.0,4096.0,2.0,5.0,20480.0,49152.0,0.4166666666666667,4.0,0.35,0.5,1.0,0.0,1.0,15.75,6.8,0.0,0.0585142857142857,0.03374,1.7342704716741468,1
1.0,16384.0,2.0,5.0,81920.0,196608.0,0.4166666666666667,4.0,0.35,0.5,1.0,0.0,1.0,15.75,6.8,0.0,0.2340571428571428,0.0343,6.823823406913786,1
1.0,65536.0,2.0,5.0,327680.0,786432.0,0.4166666666666667,4.0,0.35,0.5,1.0,0.0,1.0,15.75,6.8,0.0,0.9362285714285714,0.03158,29.64624988690853,1
1.0,262144.0,2.0,5.0,1310720.0,3145728.0,0.4166666666666667,4.0,0.35,0.5,1.0,0.0,1.0,15.75,6.8,0.0,3.7449142857142856,0.03446,108.67423928364148,1
1.0,1048576.0,2.0,5.0,5242880.0,12582912.0,0.4166666666666667,4.0,0.35,0.5,1.0,0.0,1.0,15.75,6.8,0.0,14.979657142857144,0.03482,430.2026749815377,1
1.0,256.0,2.0,5.0,1280.0,3072.0,0.4166666666666667,4.0,0.35,0.5,0.0,0.0,1.0,15.75,6.8,0.0,0.0036571428571428,0.03442,0.1062505188013613,0
1.0,1024.0,2.0,5.0,5120.0,12288.0,0.4166666666666667,4.0,0.35,0.5,0.0,0.0,1.0,15.75,6.8,0.0,0.0146285714285714,0.03502,0.4177204862527535,0
1.0,4096.0,2.0,5.0,20480.0,49152.0,0.4166666666666667,4.0,0.35,0.5,0.0,0.0,1.0,15.75,6.8,0.0,0.0585142857142857,0.03406,1.7179766798087408,1
1.0,16384.0,2.0,5.0,81920.0,196608.0,0.4166666666666667,4.0,0.35,0.5,0.0,0.0,1.0,15.75,6.8,0.0,0.2340571428571428,0.0337,6.945315811784655,1
1.0,65536.0,2.0,5.0,327680.0,786432.0,0.4166666666666667,4.0,0.35,0.5,0.0,0.0,1.0,15.75,6.8,0.0,0.9362285714285714,0.03414,27.42321533182693,1
1.0,262144.0,2.0,5.0,1310720.0,3145728.0,0.4166666666666667,4.0,0.35,0.5,0.0,0.0,1.0,15.75,6.8,0.0,3.7449142857142856,0.03442,108.800531252594,1
1.0,1048576.0,2.0,5.0,5242880.0,12582912.0,0.4166666666666667,4.0,0.35,0.5,0.0,0.0,1.0,15.75,6.8,0.0,14.979657142857144,0.0345,434.1929606625258,1
1.0,256.0,2.0,10.0,2560.0,3072.0,0.8333333333333334,3.0,0.8,0.5,0.0,0.0,1.0,15.75,6.8,0.0,0.0073142857142857,0.0604,0.1210974456007568,0
1.0,1024.0,2.0,10.0,10240.0,12288.0,0.8333333333333334,3.0,0.8,0.5,0.0,0.0,1.0,15.75,6.8,0.0,0.0292571428571428,0.06168,0.474337594960163,0
1.0,4096.0,2.0,10.0,40960.0,49152.0,0.8333333333333334,3.0,0.8,0.5,0.0,0.0,1.0,15.75,6.8,0.0,0.1170285714285714,0.08212,1.4250921995685757,1
1.0,16384.0,2.0,10.0,163840.0,196608.0,0.8333333333333334,3.0,0.8,0.5,0.0,0.0,1.0,15.75,6.8,0.0,0.4681142857142857,0.10664,4.389668845782874,1
1.0,65536.0,2.0,10.0,655360.0,786432.0,0.8333333333333334,3.0,0.8,0.5,0.0,0.0,1.0,15.75,6.8,0.0,1.8724571428571428,0.34968,5.354773343791875,1
1.0,262144.0,2.0,10.0,2621440.0,3145728.0,0.8333333333333334,3.0,0.8,0.5,0.0,0.0,1.0,15.75,6.8,0.0,7.489828571428571,2.14056,3.4990042659063847,1
1.0,1024.0,1.0,1.0,1024.0,12288.0,0.0833333333333333,1.0,1.0,1.0,0.0,0.0,1.0,15.75,6.8,0.0,0.001,0.05824,0.0171703296703296,0
1.0,1024.0,1.0,1.0,1024.0,12288.0,0.0833333333333333,1.0,1.0,1.0,1.0,0.0,1.0,15.75,6.8,0.0,0.001,0.0606,0.0165016501650165,0
1.0,1024.0,1.0,1.0,1024.0,12288.0,0.0833333333333333,1.0,0.5,0.5,0.0,0.0,1.0,15.75,6.8,0.0,0.001,0.06124,0.0163291966035271,0
1.0,1024.0,1.0,1.0,1024.0,12288.0,0.0833333333333333,1.0,0.5,0.5,1.0,0.0,1.0,15.75,6.8,0.0,0.001,0.06036,0.0165672630881378,0
1.0,1024.0,1.0,1.0,1024.0,12288.0,0.0833333333333333,1.0,0.25,0.25,0.0,0.0,1.0,15.75,6.8,0.0,0.001,0.06068,0.016479894528675,0
1.0,1024.0,1.0,1.0,1024.0,12288.0,0.0833333333333333,1.0,0.25,0.25,1.0,0.0,1.0,15.75,6.8,0.0,0.001,0.05988,0.0167000668002672,0
1.0,1024.0,1.0,2.0,2048.0,12288.0,0.1666666666666666,1.0,1.0,1.0,0.0,0.0,1.0,15.75,6.8,0.0,0.001,0.05988,0.0167000668002672,0
1.0,1024.0,1.0,2.0,2048.0,12288.0,0.1666666666666666,1.0,1.0,1.0,1.0,0.0,1.0,15.75,6.8,0.0,0.001,0.06048,0.0165343915343915,0
1.0,1024.0,1.0,2.0,2048.0,12288.0,0.1666666666666666,1.0,0.5,0.5,0.0,0.0,1.0,15.75,6.8,0.0,0.001,0.06164,0.0162232316677482,0
1.0,1024.0,1.0,2.0,2048.0,12288.0,0.1666666666666666,1.0,0.5,0.5,1.0,0.0,1.0,15.75,6.8,0.0,0.001,0.0602,0.0166112956810631,0
1.0,1024.0,1.0,2.0,2048.0,12288.0,0.1666666666666666,1.0,0.25,0.25,0.0,0.0,1.0,15.75,6.8,0.0,0.001,0.06052,0.0165234633179114,0
1.0,1024.0,1.0,2.0,2048.0,12288.0,0.1666666666666666,1.0,0.25,0.25,1.0,0.0,1.0,15.75,6.8,0.0,0.001,0.05912,0.016914749661705,0
1.0,1024.0,1.0,4.0,4096.0,12288.0,0.3333333333333333,1.0,1.0,1.0,0.0,0.0,1.0,15.75,6.8,0.0,0.001,0.05892,0.0169721656483367,0
1.0,1024.0,1.0,4.0,4096.0,12288.0,0.3333333333333333,1.0,1.0,1.0,1.0,0.0,1.0,15.75,6.8,0.0,0.001,0.06,0.0166666666666666,0
1.0,1024.0,1.0,4.0,4096.0,12288.0,0.3333333333333333,1.0,0.5,0.5,0.0,0.0,1.0,15.75,6.8,0.0,0.001,0.06172,0.0162022034996759,0
1.0,1024.0,1.0,4.0,4096.0,12288.0,0.3333333333333333,1.0,0.5,0.5,1.0,0.0,1.0,15.75,6.8,0.0,0.001,0.06188,0.0161603102779573,0
1.0,1024.0,1.0,4.0,4096.0,12288.0,0.3333333333333333,1.0,0.25,0.25,0.0,0.0,1.0,15.75,6.8,0.0,0.001,0.06052,0.0165234633179114,0
1.0,1024.0,1.0,4.0,4096.0,12288.0,0.3333333333333333,1.0,0.25,0.25,1.0,0.0,1.0,15.75,6.8,0.0,0.001,0.06032,0.01657824933687,0
1.0,1024.0,1.0,8.0,8192.0,12288.0,0.6666666666666666,1.0,1.0,1.0,0.0,0.0,1.0,15.75,6.8,0.0,0.001,0.06028,0.0165892501658925,0
1.0,1024.0,1.0,8.0,8192.0,12288.0,0.6666666666666666,1.0,1.0,1.0,1.0,0.0,1.0,15.75,6.8,0.0,0.001,0.05992,0.0166889185580774,0
1.0,1024.0,1.0,8.0,8192.0,12288.0,0.6666666666666666,1.0,0.5,0.5,0.0,0.0,1.0,15.75,6.8,0.0,0.001,0.06216,0.016087516087516,0
1.0,1024.0,1.0,8.0,8192.0,12288.0,0.6666666666666666,1.0,0.5,0.5,1.0,0.0,1.0,15.75,6.8,0.0,0.001,0.06172,0.0162022034996759,0
1.0,1024.0,1.0,8.0,8192.0,12288.0,0.6666666666666666,1.0,0.25,0.25,0.0,0.0,1.0,15.75,6.8,0.0,0.001,0.06264,0.0159642401021711,0
1.0,1024.0,1.0,8.0,8192.0,12288.0,0.6666666666666666,1.0,0.25,0.25,1.0,0.0,1.0,15.75,6.8,0.0,0.001,0.0604,0.0165562913907284,0
1.0,1024.0,1.0,16.0,16384.0,12288.0,1.3333333333333333,1.0,1.0,1.0,0.0,0.0,1.0,15.75,6.8,0.0,0.001,0.05964,0.016767270288397,0
1.0,1024.0,1.0,16.0,16384.0,12288.0,1.3333333333333333,1.0,1.0,1.0,1.0,0.0,1.0,15.75,6.8,0.0,0.001,0.06,0.0166666666666666,0
1.0,1024.0,1.0,16.0,16384.0,12288.0,1.3333333333333333,1.0,0.5,0.5,0.0,0.0,1.0,15.75,6.8,0.0,0.001,0.06104,0.0163826998689384,0
1.0,1024.0,1.0,16.0,16384.0,12288.0,1.3333333333333333,1.0,0.5,0.5,1.0,0.0,1.0,15.75,6.8,0.0,0.001,0.0600399999999999,0.0166555629580279,0
1.0,1024.0,1.0,16.0,16384.0,12288.0,1.3333333333333333,1.0,0.25,0.25,0.0,0.0,1.0,15.75,6.8,0.0,0.001,0.0626,0.0159744408945686,0
1.0,1024.0,1.0,16.0,16384.0,12288.0,1.3333333333333333,1.0,0.25,0.25,1.0,0.0,1.0,15.75,6.8,0.0,0.001,0.06184,0.0161707632600258,0
1.0,1024.0,1.0,32.0,32768.0,12288.0,2.6666666666666665,1.0,1.0,1.0,0.0,0.0,1.0,15.75,6.8,0.0,0.001,0.0698,0.0143266475644699,0
1.0,1024.0,1.0,32.0,32768.0,12288.0,2.6666666666666665,1.0,1.0,1.0,1.0,0.0,1.0,15.75,6.8,0.0,0.001,0.06176,0.0161917098445595,0
1.0,1024.0,1.0,32.0,32768.0,12288.0,2.6666666666666665,1.0,0.5,0.5,0.0,0.0,1.0,15.75,6.8,0.0,0.001,0.06176,0.0161917098445595,0
1.0,1024.0,1.0,32.0,32768.0,12288.0,2.6666666666666665,1.0,0.5,0.5,1.0,0.0,1.0,15.75,6.8,0.0,0.001,0.061,0.0163934426229508,0
1.0,1024.0,1.0,32.0,32768.0,12288.0,2.6666666666666665,1.0,0.25,0.25,0.0,0.0,1.0,15.75,6.8,0.0,0.001,0.06092,0.0164149704530531,0
1.0,1024.0,1.0,32.0,32768.0,12288.0,2.6666666666666665,1.0,0.25,0.25,1.0,0.0,1.0,15.75,6.8,0.0,0.001,0.06272,0.0159438775510204,0
1.0,4096.0,1.0,1.0,4096.0,49152.0,0.0833333333333333,1.0,1.0,1.0,0.0,0.0,1.0,15.75,6.8,0.0,0.001,0.06872,0.0145518044237485,0
1.0,4096.0,1.0,1.0,4096.0,49152.0,0.0833333333333333,1.0,1.0,1.0,1.0,0.0,1.0,15.75,6.8,0.0,0.001,0.07216,0.0138580931263858,0
1.0,4096.0,1.0,1.0,4096.0,49152.0,0.0833333333333333,1.0,0.5,0.5,0.0,0.0,1.0,15.75,6.8,0.0,0.001,0.06884,0.0145264381173736,0
1.0,4096.0,1.0,1.0,4096.0,49152.0,0.0833333333333333,1.0,0.5,0.5,1.0,0.0,1.0,15.75,6.8,0.0,0.001,0.0716,0.0139664804469273,0
1.0,4096.0,1.0,1.0,4096.0,49152.0,0.0833333333333333,1.0,0.25,0.25,0.0,0.0,1.0,15.75,6.8,0.0,0.001,0.07088,0.0141083521444695,0
1.0,4096.0,1.0,1.0,4096.0,49152.0,0.0833333333333333,1.0,0.25,0.25,1.0,0.0,1.0,15.75,6.8,0.0,0.001,0.07064,0.0141562853907134,0
1.0,4096.0,1.0,2.0,8192.0,49152.0,0.1666666666666666,1.0,1.0,1.0,0.0,0.0,1.0,15.75,6.8,0.0,0.001,0.0682,0.0146627565982404,0
1.0,4096.0,1.0,2.0,8192.0,49152.0,0.1666666666666666,1.0,1.0,1.0,1.0,0.0,1.0,15.75,6.8,0.0,0.001,0.07404,0.0135062128579146,0
1.0,4096.0,1.0,2.0,8192.0,49152.0,0.1666666666666666,1.0,0.5,0.5,0.0,0.0,1.0,15.75,6.8,0.0,0.001,0.0696799999999999,0.0143513203214695,0
1.0,4096.0,1.0,2.0,8192.0,49152.0,0.1666666666666666,1.0,0.5,0.5,1.0,0.0,1.0,15.75,6.8,0.0,0.001,0.07196,0.0138966092273485,0
1.0,4096.0,1.0,2.0,8192.0,49152.0,0.1666666666666666,1.0,0.25,0.25,0.0,0.0,1.0,15.75,6.8,0.0,0.001,0.07288,0.0137211855104281,0
1.0,4096.0,1.0,2.0,8192.0,49152.0,0.1666666666666666,1.0,0.25,0.25,1.0,0.0,1.0,15.75,6.8,0.0,0.001,0.07116,0.014052838673412,0
1.0,4096.0,1.0,4.0,16384.0,49152.0,0.3333333333333333,1.0,1.0,1.0,0.0,0.0,1.0,15.75,6.8,0.0,0.001,0.06916,0.0144592249855407,0
1.0,4096.0,1.0,4.0,16384.0,49152.0,0.3333333333333333,1.0,1.0,1.0,1.0,0.0,1.0,15.75,6.8,0.0,0.001,0.0712,0.0140449438202247,0
1.0,4096.0,1.0,4.0,16384.0,49152.0,0.3333333333333333,1.0,0.5,0.5,0.0,0.0,1.0,15.75,6.8,0.0,0.001,0.06952,0.0143843498273878,0
1.0,4096.0,1.0,4.0,16384.0,49152.0,0.3333333333333333,1.0,0.5,0.5,1.0,0.0,1.0,15.75,6.8,0.0,0.001,0.0810399999999999,0.0123395853899309,0
1.0,4096.0,1.0,4.0,16384.0,49152.0,0.3333333333333333,1.0,0.25,0.25,0.0,0.0,1.0,15.75,6.8,0.0,0.000195,0.0718,0.0027158774373259,0
1.0,4096.0,1.0,4.0,16384.0,49152.0,0.3333333333333333,1.0,0.25,0.25,1.0,0.0,1.0,15.75,6.8,0.0,0.001,0.07164,0.0139586823003908,0
1.0,4096.0,1.0,8.0,32768.0,49152.0,0.6666666666666666,1.0,1.0,1.0,0.0,0.0,1.0,15.75,6.8,0.0,0.001,0.06824,0.014654161781946,0
1.0,4096.0,1.0,8.0,32768.0,49152.0,0.6666666666666666,1.0,1.0,1.0,1.0,0.0,1.0,15.75,6.8,0.0,0.001,0.0774,0.0129198966408268,0
1.0,4096.0,1.0,8.0,32768.0,49152.0,0.6666666666666666,1.0,0.5,0.5,0.0,0.0,1.0,15.75,6.8,0.0,0.001,0.06912,0.0144675925925925,0
1.0,4096.0,1.0,8.0,32768.0,49152.0,0.6666666666666666,1.0,0.5,0.5,1.0,0.0,1.0,15.75,6.8,0.0,0.001,0.0748,0.0133689839572192,0
1.0,4096.0,1.0,8.0,32768.0,49152.0,0.6666666666666666,1.0,0.25,0.25,0.0,0.0,1.0,15.75,6.8,0.0,0.001,0.07232,0.0138274336283185,0
1.0,4096.0,1.0,8.0,32768.0,49152.0,0.6666666666666666,1.0,0.25,0.25,1.0,0.0,1.0,15.75,6.8,0.0,0.001,0.0712,0.0140449438202247,0
1.0,4096.0,1.0,16.0,65536.0,49152.0,1.3333333333333333,1.0,1.0,1.0,0.0,0.0,1.0,15.75,6.8,0.0,0.0018724571428571,0.06836,0.0273911226281033,0
1.0,4096.0,1.0,16.0,65536.0,49152.0,1.3333333333333333,1.0,1.0,1.0,1.0,0.0,1.0,15.75,6.8,0.0,0.0018724571428571,0.07184,0.0260642698059179,0
1.0,4096.0,1.0,16.0,65536.0,49152.0,1.3333333333333333,1.0,0.5,0.5,0.0,0.0,1.0,15.75,6.8,0.0,0.0018724571428571,0.07072,0.0264770523594052,0
1.0,4096.0,1.0,16.0,65536.0,49152.0,1.3333333333333333,1.0,0.5,0.5,1.0,0.0,1.0,15.75,6.8,0.0,0.0018724571428571,0.07108,0.0263429536136345,0
1.0,4096.0,1.0,16.0,65536.0,49152.0,1.3333333333333333,1.0,0.25,0.25,0.0,0.0,1.0,15.75,6.8,0.0,0.0018724571428571,0.0727599999999999,0.025734705096992,0
1.0,4096.0,1.0,16.0,65536.0,49152.0,1.3333333333333333,1.0,0.25,0.25,1.0,0.0,1.0,15.75,6.8,0.0,0.0018724571428571,0.07144,0.0262102063669812,0
1.0,4096.0,1.0,32.0,131072.0,49152.0,2.6666666666666665,1.0,1.0,1.0,0.0,0.0,1.0,15.75,6.8,0.0,0.0037449142857142,0.06624,0.056535541752933,0
1.0,4096.0,1.0,32.0,131072.0,49152.0,2.6666666666666665,1.0,1.0,1.0,1.0,0.0,1.0,15.75,6.8,0.0,0.0037449142857142,0.07148,0.052391078423535,0
1.0,4096.0,1.0,32.0,131072.0,49152.0,2.6666666666666665,1.0,0.5,0.5,0.0,0.0,1.0,15.75,6.8,0.0,0.0037449142857142,0.0689999999999999,0.0542741200828157,0
1.0,4096.0,1.0,32.0,131072.0,49152.0,2.6666666666666665,1.0,0.5,0.5,1.0,0.0,1.0,15.75,6.8,0.0,0.0037449142857142,0.072,0.0520126984126984,0
1.0,4096.0,1.0,32.0,131072.0,49152.0,2.6666666666666665,1.0,0.25,0.25,0.0,0.0,1.0,15.75,6.8,0.0,0.0037449142857142,0.07244,0.0516967736846257,0
1.0,4096.0,1.0,32.0,131072.0,49152.0,2.6666666666666665,1.0,0.25,0.25,1.0,0.0,1.0,15.75,6.8,0.0,0.0037449142857142,0.07908,0.0473560228340198,0
1.0,16384.0,1.0,1.0,16384.0,196608.0,0.0833333333333333,1.0,1.0,1.0,0.0,0.0,1.0,15.75,6.8,0.0,0.000195,0.0916,0.0021288209606986,0
1.0,16384.0,1.0,1.0,16384.0,196608.0,0.0833333333333333,1.0,1.0,1.0,1.0,0.0,1.0,15.75,6.8,0.0,0.001,0.0938799999999999,0.0106518960374946,0
1.0,16384.0,1.0,1.0,16384.0,196608.0,0.0833333333333333,1.0,0.5,0.5,0.0,0.0,1.0,15.75,6.8,0.0,0.001,0.10028,0.0099720781810929,0
1.0,16384.0,1.0,1.0,16384.0,196608.0,0.0833333333333333,1.0,0.5,0.5,1.0,0.0,1.0,15.75,6.8,0.0,0.001,0.09712,0.0102965403624382,0
1.0,16384.0,1.0,1.0,16384.0,196608.0,0.0833333333333333,1.0,0.25,0.25,0.0,0.0,1.0,15.75,6.8,0.0,0.001,0.1013599999999999,0.0098658247829518,0
1.0,16384.0,1.0,1.0,16384.0,196608.0,0.0833333333333333,1.0,0.25,0.25,1.0,0.0,1.0,15.75,6.8,0.0,0.001,0.11424,0.0087535014005602,0
1.0,16384.0,1.0,2.0,32768.0,196608.0,0.1666666666666666,1.0,1.0,1.0,0.0,0.0,1.0,15.75,6.8,0.0,0.001,0.094,0.0106382978723404,0
1.0,16384.0,1.0,2.0,32768.0,196608.0,0.1666666666666666,1.0,1.0,1.0,1.0,0.0,1.0,15.75,6.8,0.0,0.001,0.0920799999999999,0.0108601216333622,0
1.0,16384.0,1.0,2.0,32768.0,196608.0,0.1666666666666666,1.0,0.5,0.5,0.0,0.0,1.0,15.75,6.8,0.0,0.001,0.0983599999999999,0.0101667344448963,0
1.0,16384.0,1.0,2.0,32768.0,196608.0,0.1666666666666666,1.0,0.5,0.5,1.0,0.0,1.0,15.75,6.8,0.0,0.001,0.09712,0.0102965403624382,0
1.0,16384.0,1.0,2.0,32768.0,196608.0,0.1666666666666666,1.0,0.25,0.25,0.0,0.0,1.0,15.75,6.8,0.0,0.001,0.1011199999999999,0.0098892405063291,0
1.0,16384.0,1.0,2.0,32768.0,196608.0,0.1666666666666666,1.0,0.25,0.25,1.0,0.0,1.0,15.75,6.8,0.0,0.001,0.1139599999999999,0.0087750087750087,0
1.0,16384.0,1.0,4.0,65536.0,196608.0,0.3333333333333333,1.0,1.0,1.0,0.0,0.0,1.0,15.75,6.8,0.0,0.0018724571428571,0.09272,0.0201947491680019,0
1.0,16384.0,1.0,4.0,65536.0,196608.0,0.3333333333333333,1.0,1.0,1.0,1.0,0.0,1.0,15.75,6.8,0.0,0.000195,0.09336,0.0020886889460154,0
1.0,16384.0,1.0,4.0,65536.0,196608.0,0.3333333333333333,1.0,0.5,0.5,0.0,0.0,1.0,15.75,6.8,0.0,0.000195,0.09804,0.0019889840881272,0
1.0,16384.0,1.0,4.0,65536.0,196608.0,0.3333333333333333,1.0,0.5,0.5,1.0,0.0,1.0,15.75,6.8,0.0,0.000195,0.0949199999999999,0.0020543615676359,0
1.0,16384.0,1.0,4.0,65536.0,196608.0,0.3333333333333333,1.0,0.25,0.25,0.0,0.0,1.0,15.75,6.8,0.0,0.000244,0.0978,0.0024948875255623,0
1.0,16384.0,1.0,4.0,65536.0,196608.0,0.3333333333333333,1.0,0.25,0.25,1.0,0.0,1.0,15.75,6.8,0.0,0.0018724571428571,0.115,0.0162822360248447,0
1.0,16384.0,1.0,8.0,131072.0,196608.0,0.6666666666666666,1.0,1.0,1.0,0.0,0.0,1.0,15.75,6.8,0.0,0.000195,0.09492,0.0020543615676359,0
1.0,16384.0,1.0,8.0,131072.0,196608.0,0.6666666666666666,1.0,1.0,1.0,1.0,0.0,1.0,15.75,6.8,0.0,0.0037449142857142,0.10596,0.0353427169282208,0
1.0,16384.0,1.0,8.0,131072.0,196608.0,0.6666666666666666,1.0,0.5,0.5,0.0,0.0,1.0,15.75,6.8,0.0,0.0037449142857142,0.0974,0.0384488119683191,0
1.0,16384.0,1.0,8.0,131072.0,196608.0,0.6666666666666666,1.0,0.5,0.5,1.0,0.0,1.0,15.75,6.8,0.0,0.0037449142857142,0.09576,0.0391072920396228,0
1.0,16384.0,1.0,8.0,131072.0,196608.0,0.6666666666666666,1.0,0.25,0.25,0.0,0.0,1.0,15.75,6.8,0.0,0.0037449142857142,0.09824,0.0381200558399255,0
1.0,16384.0,1.0,8.0,131072.0,196608.0,0.6666666666666666,1.0,0.25,0.25,1.0,0.0,1.0,15.75,6.8,0.0,0.0037449142857142,0.1149599999999999,0.0325758027636942,0
1.0,16384.0,1.0,16.0,262144.0,196608.0,1.3333333333333333,1.0,1.0,1.0,0.0,0.0,1.0,15.75,6.8,0.0,0.000195,0.0925199999999999,0.0021076523994811,0
1.0,16384.0,1.0,16.0,262144.0,196608.0,1.3333333333333333,1.0,1.0,1.0,1.0,0.0,1.0,15.75,6.8,0.0,0.000195,0.09776,0.0019946808510638,0
1.0,16384.0,1.0,16.0,262144.0,196608.0,1.3333333333333333,1.0,0.5,0.5,0.0,0.0,1.0,15.75,6.8,0.0,0.0074898285714285,0.09724,0.0770241523182699,0
1.0,16384.0,1.0,16.0,262144.0,196608.0,1.3333333333333333,1.0,0.5,0.5,1.0,0.0,1.0,15.75,6.8,0.0,0.0074898285714285,0.09732,0.0769608361223651,0
1.0,16384.0,1.0,16.0,262144.0,196608.0,1.3333333333333333,1.0,0.25,0.25,0.0,0.0,1.0,15.75,6.8,0.0,0.0074898285714285,0.09844,0.0760852150693678,0
1.0,16384.0,1.0,16.0,262144.0,196608.0,1.3333333333333333,1.0,0.25,0.25,1.0,0.0,1.0,15.75,6.8,0.0,0.0074898285714285,0.1143199999999999,0.065516345096471,0
1.0,16384.0,1.0,32.0,524288.0,196608.0,2.6666666666666665,1.0,1.0,1.0,0.0,0.0,1.0,15.75,6.8,0.0,0.000195,0.09316,0.0020931730356376,0
1.0,16384.0,1.0,32.0,524288.0,196608.0,2.6666666666666665,1.0,1.0,1.0,1.0,0.0,1.0,15.75,6.8,0.0,0.000195,0.0935599999999999,0.0020842240273621,0
1.0,16384.0,1.0,32.0,524288.0,196608.0,2.6666666666666665,1.0,0.5,0.5,0.0,0.0,1.0,15.75,6.8,0.0,0.0149796571428571,0.09648,0.1552617863065624,0
1.0,16384.0,1.0,32.0,524288.0,196608.0,2.6666666666666665,1.0,0.5,0.5,1.0,0.0,1.0,15.75,6.8,0.0,0.0149796571428571,0.0967199999999999,0.1548765213281342,0
1.0,16384.0,1.0,32.0,524288.0,196608.0,2.6666666666666665,1.0,0.25,0.25,0.0,0.0,1.0,15.75,6.8,0.0,0.0149796571428571,0.099,0.1513096681096681,0
1.0,16384.0,1.0,32.0,524288.0,196608.0,2.6666666666666665,1.0,0.25,0.25,1.0,0.0,1.0,15.75,6.8,0.0,0.0149796571428571,0.11528,0.1299415088728066,0
1.0,65536.0,1.0,1.0,65536.0,786432.0,0.0833333333333333,1.0,1.0,1.0,0.0,0.0,1.0,15.75,6.8,0.0,0.0018724571428571,0.21672,0.0086399831250329,0
1.0,65536.0,1.0,1.0,65536.0,786432.0,0.0833333333333333,1.0,1.0,1.0,1.0,0.0,1.0,15.75,6.8,0.0,0.0018724571428571,0.21896,0.0085515945508638,0
1.0,65536.0,1.0,1.0,65536.0,786432.0,0.0833333333333333,1.0,0.5,0.5,0.0,0.0,1.0,15.75,6.8,0.0,0.0018724571428571,0.2370799999999999,0.0078979970594615,0
1.0,65536.0,1.0,1.0,65536.0,786432.0,0.0833333333333333,1.0,0.5,0.5,1.0,0.0,1.0,15.75,6.8,0.0,0.0018724571428571,0.22628,0.0082749564382938,0
1.0,65536.0,1.0,1.0,65536.0,786432.0,0.0833333333333333,1.0,0.25,0.25,0.0,0.0,1.0,15.75,6.8,0.0,0.0018724571428571,0.23164,0.0080834792905247,0
1.0,65536.0,1.0,1.0,65536.0,786432.0,0.0833333333333333,1.0,0.25,0.25,1.0,0.0,1.0,15.75,6.8,0.0,0.0018724571428571,0.25392,0.0073742010982086,0
1.0,65536.0,1.0,2.0,131072.0,786432.0,0.1666666666666666,1.0,1.0,1.0,0.0,0.0,1.0,15.75,6.8,0.0,0.0037449142857142,0.21552,0.0173761798706119,0
1.0,65536.0,1.0,2.0,131072.0,786432.0,0.1666666666666666,1.0,1.0,1.0,1.0,0.0,1.0,15.75,6.8,0.0,0.0037449142857142,0.21708,0.017251309589618,0
1.0,65536.0,1.0,2.0,131072.0,786432.0,0.1666666666666666,1.0,0.5,0.5,0.0,0.0,1.0,15.75,6.8,0.0,0.0037449142857142,0.23824,0.015719082797659,0
1.0,65536.0,1.0,2.0,131072.0,786432.0,0.1666666666666666,1.0,0.5,0.5,1.0,0.0,1.0,15.75,6.8,0.0,0.0037449142857142,0.2228399999999999,0.0168053952868169,0
1.0,65536.0,1.0,2.0,131072.0,786432.0,0.1666666666666666,1.0,0.25,0.25,0.0,0.0,1.0,15.75,6.8,0.0,0.000195,0.2286399999999999,0.0008528691392582,0
1.0,65536.0,1.0,2.0,131072.0,786432.0,0.1666666666666666,1.0,0.25,0.25,1.0,0.0,1.0,15.75,6.8,0.0,0.0037449142857142,0.25916,0.014450201750711,0
1.0,65536.0,1.0,4.0,262144.0,786432.0,0.3333333333333333,1.0,1.0,1.0,0.0,0.0,1.0,15.75,6.8,0.0,0.0074898285714285,0.21852,0.0342752543082032,0
1.0,65536.0,1.0,4.0,262144.0,786432.0,0.3333333333333333,1.0,1.0,1.0,1.0,0.0,1.0,15.75,6.8,0.0,0.0074898285714285,0.21216,0.035302736479207,0
1.0,65536.0,1.0,4.0,262144.0,786432.0,0.3333333333333333,1.0,0.5,0.5,0.0,0.0,1.0,15.75,6.8,0.0,0.0074898285714285,0.2374399999999999,0.0315440893338467,0
1.0,65536.0,1.0,4.0,262144.0,786432.0,0.3333333333333333,1.0,0.5,0.5,1.0,0.0,1.0,15.75,6.8,0.0,0.0074898285714285,0.22364,0.0334905588062447,0
1.0,65536.0,1.0,4.0,262144.0,786432.0,0.3333333333333333,1.0,0.25,0.25,0.0,0.0,1.0,15.75,6.8,0.0,0.000195,0.2274399999999999,0.0008573689764333,0
1.0,65536.0,1.0,4.0,262144.0,786432.0,0.3333333333333333,1.0,0.25,0.25,1.0,0.0,1.0,15.75,6.8,0.0,0.0074898285714285,0.25124,0.029811449496213,0
1.0,65536.0,1.0,8.0,524288.0,786432.0,0.6666666666666666,1.0,1.0,1.0,0.0,0.0,1.0,15.75,6.8,0.0,0.0149796571428571,0.2202799999999999,0.0680028016290954,0
1.0,65536.0,1.0,8.0,524288.0,786432.0,0.6666666666666666,1.0,1.0,1.0,1.0,0.0,1.0,15.75,6.8,0.0,0.0149796571428571,0.21464,0.0697896810606464,0
1.0,65536.0,1.0,8.0,524288.0,786432.0,0.6666666666666666,1.0,0.5,0.5,0.0,0.0,1.0,15.75,6.8,0.0,0.0149796571428571,0.2360399999999999,0.063462367153267,0
1.0,65536.0,1.0,8.0,524288.0,786432.0,0.6666666666666666,1.0,0.5,0.5,1.0,0.0,1.0,15.75,6.8,0.0,0.0149796571428571,0.22388,0.0669093136629316,0
1.0,65536.0,1.0,8.0,524288.0,786432.0,0.6666666666666666,1.0,0.25,0.25,0.0,0.0,1.0,15.75,6.8,0.0,0.0149796571428571,0.23204,0.0645563572783017,0
1.0,65536.0,1.0,8.0,524288.0,786432.0,0.6666666666666666,1.0,0.25,0.25,1.0,0.0,1.0,15.75,6.8,0.0,0.0149796571428571,0.252,0.0594430839002267,0
1.0,65536.0,1.0,16.0,1048576.0,786432.0,1.3333333333333333,1.0,1.0,1.0,0.0,0.0,1.0,15.75,6.8,0.0,0.0299593142857142,0.21772,0.1376047872759245,0
1.0,65536.0,1.0,16.0,1048576.0,786432.0,1.3333333333333333,1.0,1.0,1.0,1.0,0.0,1.0,15.75,6.8,0.0,0.0299593142857142,0.22992,0.1303032110547768,0
1.0,65536.0,1.0,16.0,1048576.0,786432.0,1.3333333333333333,1.0,0.5,0.5,0.0,0.0,1.0,15.75,6.8,0.0,0.0299593142857142,0.2364399999999999,0.1267100079754453,0
1.0,65536.0,1.0,16.0,1048576.0,786432.0,1.3333333333333333,1.0,0.5,0.5,1.0,0.0,1.0,15.75,6.8,0.0,0.0299593142857142,0.2226,0.1345881144910794,0
1.0,65536.0,1.0,16.0,1048576.0,786432.0,1.3333333333333333,1.0,0.25,0.25,0.0,0.0,1.0,15.75,6.8,0.0,0.0299593142857142,0.22848,0.1311244497799119,0
1.0,65536.0,1.0,16.0,1048576.0,786432.0,1.3333333333333333,1.0,0.25,0.25,1.0,0.0,1.0,15.75,6.8,0.0,0.0299593142857142,0.25212,0.1188295822850796,0
1.0,65536.0,1.0,32.0,2097152.0,786432.0,2.6666666666666665,1.0,1.0,1.0,0.0,0.0,1.0,15.75,6.8,0.0,0.0599186285714285,0.2178399999999999,0.2750579717748282,0
1.0,65536.0,1.0,32.0,2097152.0,786432.0,2.6666666666666665,1.0,1.0,1.0,1.0,0.0,1.0,15.75,6.8,0.0,0.0599186285714285,0.2163999999999999,0.276888302086084,0
1.0,65536.0,1.0,32.0,2097152.0,786432.0,2.6666666666666665,1.0,0.5,0.5,0.0,0.0,1.0,15.75,6.8,0.0,0.0599186285714285,0.23836,0.2513787068779517,0
1.0,65536.0,1.0,32.0,2097152.0,786432.0,2.6666666666666665,1.0,0.5,0.5,1.0,0.0,1.0,15.75,6.8,0.0,0.0599186285714285,0.2201599999999999,0.2721594684385383,0
1.0,65536.0,1.0,32.0,2097152.0,786432.0,2.6666666666666665,1.0,0.25,0.25,0.0,0.0,1.0,15.75,6.8,0.0,0.0599186285714285,0.23492,0.2550597163776118,0
1.0,65536.0,1.0,32.0,2097152.0,786432.0,2.6666666666666665,1.0,0.25,0.25,1.0,0.0,1.0,15.75,6.8,0.0,0.0599186285714285,0.27888,0.2148545201213015,0
1.0,131072.0,1.0,1.0,131072.0,1572864.0,0.0833333333333333,1.0,1.0,1.0,0.0,0.0,1.0,15.75,6.8,0.0,0.0037449142857142,0.36808,0.0101741857360201,0
1.0,131072.0,1.0,1.0,131072.0,1572864.0,0.0833333333333333,1.0,1.0,1.0,1.0,0.0,1.0,15.75,6.8,0.0,0.0037449142857142,0.3885999999999999,0.0096369384604073,0
1.0,131072.0,1.0,1.0,131072.0,1572864.0,0.0833333333333333,1.0,0.5,0.5,0.0,0.0,1.0,15.75,6.8,0.0,0.0037449142857142,0.43228,0.0086631680524527,0
1.0,131072.0,1.0,1.0,131072.0,1572864.0,0.0833333333333333,1.0,0.5,0.5,1.0,0.0,1.0,15.75,6.8,0.0,0.0037449142857142,0.42452,0.0088215261606385,0
1.0,131072.0,1.0,1.0,131072.0,1572864.0,0.0833333333333333,1.0,0.25,0.25,0.0,0.0,1.0,15.75,6.8,0.0,0.0037449142857142,0.485,0.00772147275405,0
1.0,131072.0,1.0,1.0,131072.0,1572864.0,0.0833333333333333,1.0,0.25,0.25,1.0,0.0,1.0,15.75,6.8,0.0,0.0037449142857142,0.47412,0.0078986633884128,0
1.0,131072.0,1.0,2.0,262144.0,1572864.0,0.1666666666666666,1.0,1.0,1.0,0.0,0.0,1.0,15.75,6.8,0.0,0.0074898285714285,0.41104,0.0182216537841294,0
1.0,131072.0,1.0,2.0,262144.0,1572864.0,0.1666666666666666,1.0,1.0,1.0,1.0,0.0,1.0,15.75,6.8,0.0,0.0074898285714285,0.3818,0.0196171518371623,0
1.0,131072.0,1.0,2.0,262144.0,1572864.0,0.1666666666666666,1.0,0.5,0.5,0.0,0.0,1.0,15.75,6.8,0.0,0.0074898285714285,0.43528,0.0172069209966655,0
1.0,131072.0,1.0,2.0,262144.0,1572864.0,0.1666666666666666,1.0,0.5,0.5,1.0,0.0,1.0,15.75,6.8,0.0,0.0074898285714285,0.42724,0.0175307287974641,0
1.0,131072.0,1.0,2.0,262144.0,1572864.0,0.1666666666666666,1.0,0.25,0.25,0.0,0.0,1.0,15.75,6.8,0.0,0.0074898285714285,0.4833199999999999,0.0154966245374256,0
1.0,131072.0,1.0,2.0,262144.0,1572864.0,0.1666666666666666,1.0,0.25,0.25,1.0,0.0,1.0,15.75,6.8,0.0,0.0074898285714285,0.47604,0.0157336118213355,0
1.0,131072.0,1.0,4.0,524288.0,1572864.0,0.3333333333333333,1.0,1.0,1.0,0.0,0.0,1.0,15.75,6.8,0.0,0.000195,0.38076,0.0005121336274818,0
1.0,131072.0,1.0,4.0,524288.0,1572864.0,0.3333333333333333,1.0,1.0,1.0,1.0,0.0,1.0,15.75,6.8,0.0,0.0149796571428571,0.3778,0.039649701278076,0
1.0,131072.0,1.0,4.0,524288.0,1572864.0,0.3333333333333333,1.0,0.5,0.5,0.0,0.0,1.0,15.75,6.8,0.0,0.0149796571428571,0.42408,0.0353227153906271,0
1.0,131072.0,1.0,4.0,524288.0,1572864.0,0.3333333333333333,1.0,0.5,0.5,1.0,0.0,1.0,15.75,6.8,0.0,0.0149796571428571,0.43808,0.0341938850046958,0
1.0,131072.0,1.0,4.0,524288.0,1572864.0,0.3333333333333333,1.0,0.25,0.25,0.0,0.0,1.0,15.75,6.8,0.0,0.0149796571428571,0.48292,0.0310189206138845,0
1.0,131072.0,1.0,4.0,524288.0,1572864.0,0.3333333333333333,1.0,0.25,0.25,1.0,0.0,1.0,15.75,6.8,0.0,0.0149796571428571,0.47576,0.031485743111773,0
1.0,131072.0,1.0,8.0,1048576.0,1572864.0,0.6666666666666666,1.0,1.0,1.0,0.0,0.0,1.0,15.75,6.8,0.0,0.0299593142857142,0.37972,0.0788984364418895,0
1.0,131072.0,1.0,8.0,1048576.0,1572864.0,0.6666666666666666,1.0,1.0,1.0,1.0,0.0,1.0,15.75,6.8,0.0,0.0299593142857142,0.37776,0.0793077993586252,0
1.0,131072.0,1.0,8.0,1048576.0,1572864.0,0.6666666666666666,1.0,0.5,0.5,0.0,0.0,1.0,15.75,6.8,0.0,0.000195,0.43208,0.0004513053138307,0
1.0,131072.0,1.0,8.0,1048576.0,1572864.0,0.6666666666666666,1.0,0.5,0.5,1.0,0.0,1.0,15.75,6.8,0.0,0.0299593142857142,0.42712,0.0701426163272951,0
1.0,131072.0,1.0,8.0,1048576.0,1572864.0,0.6666666666666666,1.0,0.25,0.25,0.0,0.0,1.0,15.75,6.8,0.0,0.0299593142857142,0.47992,0.0624256423689662,0
1.0,131072.0,1.0,8.0,1048576.0,1572864.0,0.6666666666666666,1.0,0.25,0.25,1.0,0.0,1.0,15.75,6.8,0.0,0.0299593142857142,0.4874,0.0614676124040096,0
1.0,131072.0,1.0,16.0,2097152.0,1572864.0,1.3333333333333333,1.0,1.0,1.0,0.0,0.0,1.0,15.75,6.8,0.0,0.0599186285714285,0.37628,0.1592394721256207,0
1.0,131072.0,1.0,16.0,2097152.0,1572864.0,1.3333333333333333,1.0,1.0,1.0,1.0,0.0,1.0,15.75,6.8,0.0,0.0599186285714285,0.37924,0.1579965946931457,0
1.0,131072.0,1.0,16.0,2097152.0,1572864.0,1.3333333333333333,1.0,0.5,0.5,0.0,0.0,1.0,15.75,6.8,0.0,0.0599186285714285,0.42568,0.1407597927349853,0
1.0,131072.0,1.0,16.0,2097152.0,1572864.0,1.3333333333333333,1.0,0.5,0.5,1.0,0.0,1.0,15.75,6.8,0.0,0.0599186285714285,0.4571999999999999,0.131055618047744,0
1.0,131072.0,1.0,16.0,2097152.0,1572864.0,1.3333333333333333,1.0,0.25,0.25,0.0,0.0,1.0,15.75,6.8,0.0,0.0599186285714285,0.4879599999999999,0.1227941400348974,0
1.0,131072.0,1.0,16.0,2097152.0,1572864.0,1.3333333333333333,1.0,0.25,0.25,1.0,0.0,1.0,15.75,6.8,0.0,0.0599186285714285,0.4813599999999999,0.1244777891212991,0
1.0,131072.0,1.0,32.0,4194304.0,1572864.0,2.6666666666666665,1.0,1.0,1.0,0.0,0.0,1.0,15.75,6.8,0.0,0.1198372571428571,0.3772,0.3177021663384335,0
1.0,131072.0,1.0,32.0,4194304.0,1572864.0,2.6666666666666665,1.0,1.0,1.0,1.0,0.0,1.0,15.75,6.8,0.0,0.1198372571428571,0.42472,0.282155907757716,0
1.0,131072.0,1.0,32.0,4194304.0,1572864.0,2.6666666666666665,1.0,0.5,0.5,0.0,0.0,1.0,15.75,6.8,0.0,0.1198372571428571,0.4708,0.2545396285957034,0
1.0,131072.0,1.0,32.0,4194304.0,1572864.0,2.6666666666666665,1.0,0.5,0.5,1.0,0.0,1.0,15.75,6.8,0.0,0.1198372571428571,0.42632,0.2810969627107739,0
1.0,131072.0,1.0,32.0,4194304.0,1572864.0,2.6666666666666665,1.0,0.25,0.25,0.0,0.0,1.0,15.75,6.8,0.0,0.1198372571428571,0.49404,0.2425658998114669,0
1.0,131072.0,1.0,32.0,4194304.0,1572864.0,2.6666666666666665,1.0,0.25,0.25,1.0,0.0,1.0,15.75,6.8,0.0,0.000195,0.4909199999999999,0.0003972133952578,0
1.0,262144.0,1.0,1.0,262144.0,3145728.0,0.0833333333333333,1.0,1.0,1.0,0.0,0.0,1.0,15.75,6.8,0.0,0.0074898285714285,0.6988399999999999,0.0107175155563914,0
1.0,262144.0,1.0,1.0,262144.0,3145728.0,0.0833333333333333,1.0,1.0,1.0,1.0,0.0,1.0,15.75,6.8,0.0,0.0074898285714285,0.6858000000000001,0.0109213015039786,0
1.0,262144.0,1.0,1.0,262144.0,3145728.0,0.0833333333333333,1.0,0.5,0.5,0.0,0.0,1.0,15.75,6.8,0.0,0.0074898285714285,0.78668,0.0095208071533896,0
1.0,262144.0,1.0,1.0,262144.0,3145728.0,0.0833333333333333,1.0,0.5,0.5,1.0,0.0,1.0,15.75,6.8,0.0,0.0074898285714285,0.69744,0.0107390292662144,0
1.0,262144.0,1.0,1.0,262144.0,3145728.0,0.0833333333333333,1.0,0.25,0.25,0.0,0.0,1.0,15.75,6.8,0.0,0.0074898285714285,0.97812,0.0076573718678981,0
1.0,262144.0,1.0,1.0,262144.0,3145728.0,0.0833333333333333,1.0,0.25,0.25,1.0,0.0,1.0,15.75,6.8,0.0,0.0074898285714285,0.8406000000000001,0.008910098229156,0
1.0,262144.0,1.0,2.0,524288.0,3145728.0,0.1666666666666666,1.0,1.0,1.0,0.0,0.0,1.0,15.75,6.8,0.0,0.0149796571428571,0.6888799999999999,0.0217449441743948,0
1.0,262144.0,1.0,2.0,524288.0,3145728.0,0.1666666666666666,1.0,1.0,1.0,1.0,0.0,1.0,15.75,6.8,0.0,0.0149796571428571,0.6930799999999999,0.0216131718457568,0
1.0,262144.0,1.0,2.0,524288.0,3145728.0,0.1666666666666666,1.0,0.5,0.5,0.0,0.0,1.0,15.75,6.8,0.0,0.0149796571428571,0.79024,0.0189558325861221,0
1.0,262144.0,1.0,2.0,524288.0,3145728.0,0.1666666666666666,1.0,0.5,0.5,1.0,0.0,1.0,15.75,6.8,0.0,0.0149796571428571,0.7016,0.02135070858446,0
1.0,262144.0,1.0,2.0,524288.0,3145728.0,0.1666666666666666,1.0,0.25,0.25,0.0,0.0,1.0,15.75,6.8,0.0,0.0149796571428571,0.9832,0.015235615482971,0
1.0,262144.0,1.0,2.0,524288.0,3145728.0,0.1666666666666666,1.0,0.25,0.25,1.0,0.0,1.0,15.75,6.8,0.0,0.0149796571428571,0.8301599999999999,0.0180443012706672,0
1.0,262144.0,1.0,4.0,1048576.0,3145728.0,0.3333333333333333,1.0,1.0,1.0,0.0,0.0,1.0,15.75,6.8,0.0,0.0299593142857142,0.69152,0.0433238580022476,0
1.0,262144.0,1.0,4.0,1048576.0,3145728.0,0.3333333333333333,1.0,1.0,1.0,1.0,0.0,1.0,15.75,6.8,0.0,0.000195,0.6896800000000001,0.0002827398213664,0
1.0,262144.0,1.0,4.0,1048576.0,3145728.0,0.3333333333333333,1.0,0.5,0.5,0.0,0.0,1.0,15.75,6.8,0.0,0.0299593142857142,0.7865200000000001,0.0380909757993621,0
1.0,262144.0,1.0,4.0,1048576.0,3145728.0,0.3333333333333333,1.0,0.5,0.5,1.0,0.0,1.0,15.75,6.8,0.0,0.0299593142857142,0.69772,0.0429388784694638,0
1.0,262144.0,1.0,4.0,1048576.0,3145728.0,0.3333333333333333,1.0,0.25,0.25,0.0,0.0,1.0,15.75,6.8,0.0,0.0299593142857142,0.9708,0.0308604391076578,0
1.0,262144.0,1.0,4.0,1048576.0,3145728.0,0.3333333333333333,1.0,0.25,0.25,1.0,0.0,1.0,15.75,6.8,0.0,0.0299593142857142,0.82628,0.0362580654084744,0
1.0,262144.0,1.0,8.0,2097152.0,3145728.0,0.6666666666666666,1.0,1.0,1.0,0.0,0.0,1.0,15.75,6.8,0.0,0.0599186285714285,0.68804,0.0870859667627297,0
1.0,262144.0,1.0,8.0,2097152.0,3145728.0,0.6666666666666666,1.0,1.0,1.0,1.0,0.0,1.0,15.75,6.8,0.0,0.0599186285714285,0.6966399999999999,0.086010893103222,0
1.0,262144.0,1.0,8.0,2097152.0,3145728.0,0.6666666666666666,1.0,0.5,0.5,0.0,0.0,1.0,15.75,6.8,0.0,0.0599186285714285,0.8333599999999999,0.0719000534840028,0
1.0,262144.0,1.0,8.0,2097152.0,3145728.0,0.6666666666666666,1.0,0.5,0.5,1.0,0.0,1.0,15.75,6.8,0.0,0.0599186285714285,0.6941999999999999,0.086313207391859,0
1.0,262144.0,1.0,8.0,2097152.0,3145728.0,0.6666666666666666,1.0,0.25,0.25,0.0,0.0,1.0,15.75,6.8,0.0,0.0599186285714285,0.97672,0.0613467816481986,0
1.0,262144.0,1.0,8.0,2097152.0,3145728.0,0.6666666666666666,1.0,0.25,0.25,1.0,0.0,1.0,15.75,6.8,0.0,0.0599186285714285,0.82944,0.0722398589065255,0
1.0,262144.0,1.0,16.0,4194304.0,3145728.0,1.3333333333333333,1.0,1.0,1.0,0.0,0.0,1.0,15.75,6.8,0.0,0.1198372571428571,0.68668,0.1745168887150596,0
1.0,262144.0,1.0,16.0,4194304.0,3145728.0,1.3333333333333333,1.0,1.0,1.0,1.0,0.0,1.0,15.75,6.8,0.0,0.1198372571428571,0.68928,0.1738586019365963,0
1.0,262144.0,1.0,16.0,4194304.0,3145728.0,1.3333333333333333,1.0,0.5,0.5,0.0,0.0,1.0,15.75,6.8,0.0,0.1198372571428571,0.7909999999999999,0.1515009571970381,0
1.0,262144.0,1.0,16.0,4194304.0,3145728.0,1.3333333333333333,1.0,0.5,0.5,1.0,0.0,1.0,15.75,6.8,0.0,0.1198372571428571,0.69216,0.1731351958259031,0
1.0,262144.0,1.0,16.0,4194304.0,3145728.0,1.3333333333333333,1.0,0.25,0.25,0.0,0.0,1.0,15.75,6.8,0.0,0.1198372571428571,0.97292,0.1231727759146252,0
1.0,262144.0,1.0,16.0,4194304.0,3145728.0,1.3333333333333333,1.0,0.25,0.25,1.0,0.0,1.0,15.75,6.8,0.0,0.1198372571428571,0.82992,0.1443961552232229,0
1.0,262144.0,1.0,32.0,8388608.0,3145728.0,2.6666666666666665,1.0,1.0,1.0,0.0,0.0,1.0,15.75,6.8,0.0,0.2396745142857143,0.6904,0.3471531203443138,0
1.0,262144.0,1.0,32.0,8388608.0,3145728.0,2.6666666666666665,1.0,1.0,1.0,1.0,0.0,1.0,15.75,6.8,0.0,0.2396745142857143,0.6902000000000001,0.347253715279215,0
1.0,262144.0,1.0,32.0,8388608.0,3145728.0,2.6666666666666665,1.0,0.5,0.5,0.0,0.0,1.0,15.75,6.8,0.0,0.2396745142857143,0.80608,0.2973334089491294,0
1.0,262144.0,1.0,32.0,8388608.0,3145728.0,2.6666666666666665,1.0,0.5,0.5,1.0,0.0,1.0,15.75,6.8,0.0,0.2396745142857143,0.69536,0.3446768785747157,0
1.0,262144.0,1.0,32.0,8388608.0,3145728.0,2.6666666666666665,1.0,0.25,0.25,0.0,0.0,1.0,15.75,6.8,0.0,0.2396745142857143,0.9624,0.249038356489728,0
1.0,262144.0,1.0,32.0,8388608.0,3145728.0,2.6666666666666665,1.0,0.25,0.25,1.0,0.0,1.0,15.75,6.8,0.0,0.000195,0.8312,0.0002346005774783,0
1.0,524288.0,1.0,1.0,524288.0,6291456.0,0.0833333333333333,1.0,1.0,1.0,0.0,0.0,1.0,15.75,6.8,0.0,0.0149796571428571,1.32316,0.0113211230258299,0
1.0,524288.0,1.0,1.0,524288.0,6291456.0,0.0833333333333333,1.0,1.0,1.0,1.0,0.0,1.0,15.75,6.8,0.0,0.0149796571428571,1.32604,0.0112965349030626,0
1.0,524288.0,1.0,1.0,524288.0,6291456.0,0.0833333333333333,1.0,0.5,0.5,0.0,0.0,1.0,15.75,6.8,0.0,0.0149796571428571,1.42868,0.0104849631428011,0
1.0,524288.0,1.0,1.0,524288.0,6291456.0,0.0833333333333333,1.0,0.5,0.5,1.0,0.0,1.0,15.75,6.8,0.0,0.0149796571428571,1.52104,0.0098482992839485,0
1.0,524288.0,1.0,1.0,524288.0,6291456.0,0.0833333333333333,1.0,0.25,0.25,0.0,0.0,1.0,15.75,6.8,0.0,0.0149796571428571,1.7457200000000002,0.0085807902429124,0
1.0,524288.0,1.0,1.0,524288.0,6291456.0,0.0833333333333333,1.0,0.25,0.25,1.0,0.0,1.0,15.75,6.8,0.0,0.0149796571428571,1.65444,0.0090542160143958,0
1.0,524288.0,1.0,2.0,1048576.0,6291456.0,0.1666666666666666,1.0,1.0,1.0,0.0,0.0,1.0,15.75,6.8,0.0,0.0299593142857142,1.37136,0.021846425654616,0
1.0,524288.0,1.0,2.0,1048576.0,6291456.0,0.1666666666666666,1.0,1.0,1.0,1.0,0.0,1.0,15.75,6.8,0.0,0.0299593142857142,1.33004,0.0225251227675214,0
1.0,524288.0,1.0,2.0,1048576.0,6291456.0,0.1666666666666666,1.0,0.5,0.5,0.0,0.0,1.0,15.75,6.8,0.0,0.0299593142857142,1.3974000000000002,0.0214393260954016,0
1.0,524288.0,1.0,2.0,1048576.0,6291456.0,0.1666666666666666,1.0,0.5,0.5,1.0,0.0,1.0,15.75,6.8,0.0,0.0299593142857142,1.50784,0.0198690274072277,0
1.0,524288.0,1.0,2.0,1048576.0,6291456.0,0.1666666666666666,1.0,0.25,0.25,0.0,0.0,1.0,15.75,6.8,0.0,0.0299593142857142,1.7246,0.01737174665761,0
1.0,524288.0,1.0,2.0,1048576.0,6291456.0,0.1666666666666666,1.0,0.25,0.25,1.0,0.0,1.0,15.75,6.8,0.0,0.0299593142857142,1.611,0.0185967189855458,0
1.0,524288.0,1.0,4.0,2097152.0,6291456.0,0.3333333333333333,1.0,1.0,1.0,0.0,0.0,1.0,15.75,6.8,0.0,0.0599186285714285,1.32712,0.045149367481033,0
1.0,524288.0,1.0,4.0,2097152.0,6291456.0,0.3333333333333333,1.0,1.0,1.0,1.0,0.0,1.0,15.75,6.8,0.0,0.0599186285714285,1.32868,0.0450963577170037,0
1.0,524288.0,1.0,4.0,2097152.0,6291456.0,0.3333333333333333,1.0,0.5,0.5,0.0,0.0,1.0,15.75,6.8,0.0,0.0599186285714285,1.42072,0.0421748328815168,0
1.0,524288.0,1.0,4.0,2097152.0,6291456.0,0.3333333333333333,1.0,0.5,0.5,1.0,0.0,1.0,15.75,6.8,0.0,0.0599186285714285,1.51016,0.0396770067883062,0
1.0,524288.0,1.0,4.0,2097152.0,6291456.0,0.3333333333333333,1.0,0.25,0.25,0.0,0.0,1.0,15.75,6.8,0.0,0.0599186285714285,1.7191999999999998,0.0348526224822176,0
1.0,524288.0,1.0,4.0,2097152.0,6291456.0,0.3333333333333333,1.0,0.25,0.25,1.0,0.0,1.0,15.75,6.8,0.0,0.0599186285714285,1.57052,0.0381520952114131,0
1.0,524288.0,1.0,8.0,4194304.0,6291456.0,0.6666666666666666,1.0,1.0,1.0,0.0,0.0,1.0,15.75,6.8,0.0,0.1198372571428571,1.3232,0.0905662463292451,0
1.0,524288.0,1.0,8.0,4194304.0,6291456.0,0.6666666666666666,1.0,1.0,1.0,1.0,0.0,1.0,15.75,6.8,0.0,0.1198372571428571,1.33756,0.0895939300987299,0
1.0,524288.0,1.0,8.0,4194304.0,6291456.0,0.6666666666666666,1.0,0.5,0.5,0.0,0.0,1.0,15.75,6.8,0.0,0.1198372571428571,1.37804,0.0869621035259188,0
1.0,524288.0,1.0,8.0,4194304.0,6291456.0,0.6666666666666666,1.0,0.5,0.5,1.0,0.0,1.0,15.75,6.8,0.0,0.1198372571428571,1.51896,0.0788942810494398,0
1.0,524288.0,1.0,8.0,4194304.0,6291456.0,0.6666666666666666,1.0,0.25,0.25,0.0,0.0,1.0,15.75,6.8,0.0,0.1198372571428571,1.70384,0.0703336329366942,0
1.0,524288.0,1.0,8.0,4194304.0,6291456.0,0.6666666666666666,1.0,0.25,0.25,1.0,0.0,1.0,15.75,6.8,0.0,0.1198372571428571,1.58116,0.0757907214594709,0
1.0,524288.0,1.0,16.0,8388608.0,6291456.0,1.3333333333333333,1.0,1.0,1.0,0.0,0.0,1.0,15.75,6.8,0.0,0.2396745142857143,1.34248,0.1785311619433543,0
1.0,524288.0,1.0,16.0,8388608.0,6291456.0,1.3333333333333333,1.0,1.0,1.0,1.0,0.0,1.0,15.75,6.8,0.0,0.2396745142857143,1.32952,0.1802714620958799,0
1.0,524288.0,1.0,16.0,8388608.0,6291456.0,1.3333333333333333,1.0,0.5,0.5,0.0,0.0,1.0,15.75,6.8,0.0,0.2396745142857143,1.40444,0.1706548619276824,0
1.0,524288.0,1.0,16.0,8388608.0,6291456.0,1.3333333333333333,1.0,0.5,0.5,1.0,0.0,1.0,15.75,6.8,0.0,0.2396745142857143,1.59264,0.150488820000574,0
1.0,524288.0,1.0,16.0,8388608.0,6291456.0,1.3333333333333333,1.0,0.25,0.25,0.0,0.0,1.0,15.75,6.8,0.0,0.2396745142857143,1.71452,0.1397910285594302,0
1.0,524288.0,1.0,16.0,8388608.0,6291456.0,1.3333333333333333,1.0,0.25,0.25,1.0,0.0,1.0,15.75,6.8,0.0,0.2396745142857143,1.55892,0.1537439472748532,0
1.0,524288.0,1.0,32.0,16777216.0,6291456.0,2.6666666666666665,1.0,1.0,1.0,0.0,0.0,1.0,15.75,6.8,0.0,0.4793490285714286,1.32936,0.3605863186581727,0
1.0,524288.0,1.0,32.0,16777216.0,6291456.0,2.6666666666666665,1.0,1.0,1.0,1.0,0.0,1.0,15.75,6.8,0.0,0.4793490285714286,1.34408,0.3566372749921348,0
1.0,524288.0,1.0,32.0,16777216.0,6291456.0,2.6666666666666665,1.0,0.5,0.5,0.0,0.0,1.0,15.75,6.8,0.0,0.4793490285714286,1.39488,0.3436489365188608,0
1.0,524288.0,1.0,32.0,16777216.0,6291456.0,2.6666666666666665,1.0,0.5,0.5,1.0,0.0,1.0,15.75,6.8,0.0,0.4793490285714286,1.50876,0.3177105892066522,0
1.0,524288.0,1.0,32.0,16777216.0,6291456.0,2.6666666666666665,1.0,0.25,0.25,0.0,0.0,1.0,15.75,6.8,0.0,0.4793490285714286,1.73356,0.2765113573060226,0
1.0,524288.0,1.0,32.0,16777216.0,6291456.0,2.6666666666666665,1.0,0.25,0.25,1.0,0.0,1.0,15.75,6.8,0.0,0.4793490285714286,1.5798,0.3034238692058669,0
1.0,1048576.0,1.0,1.0,1048576.0,12582912.0,0.0833333333333333,1.0,1.0,1.0,0.0,0.0,1.0,15.75,6.8,0.0,0.0299593142857142,2.94708,0.0101657621393767,0
1.0,1048576.0,1.0,1.0,1048576.0,12582912.0,0.0833333333333333,1.0,1.0,1.0,1.0,0.0,1.0,15.75,6.8,0.0,0.0299593142857142,2.62648,0.0114066409360491,0
1.0,1048576.0,1.0,1.0,1048576.0,12582912.0,0.0833333333333333,1.0,0.5,0.5,0.0,0.0,1.0,15.75,6.8,0.0,0.0299593142857142,2.78072,0.010773941384143,0
1.0,1048576.0,1.0,1.0,1048576.0,12582912.0,0.0833333333333333,1.0,0.5,0.5,1.0,0.0,1.0,15.75,6.8,0.0,0.0299593142857142,3.30996,0.0090512617329859,0
1.0,1048576.0,1.0,1.0,1048576.0,12582912.0,0.0833333333333333,1.0,0.25,0.25,0.0,0.0,1.0,15.75,6.8,0.0,0.0299593142857142,3.67624,0.0081494446188807,0
1.0,1048576.0,1.0,1.0,1048576.0,12582912.0,0.0833333333333333,1.0,0.25,0.25,1.0,0.0,1.0,15.75,6.8,0.0,0.0299593142857142,4.26512,0.0070242605801746,0
1.0,1048576.0,1.0,2.0,2097152.0,12582912.0,0.1666666666666666,1.0,1.0,1.0,0.0,0.0,1.0,15.75,6.8,0.0,0.0599186285714285,2.63856,0.0227088368547346,0
1.0,1048576.0,1.0,2.0,2097152.0,12582912.0,0.1666666666666666,1.0,1.0,1.0,1.0,0.0,1.0,15.75,6.8,0.0,0.000195,2.6321600000000003,7.408364233177314e-05,0
1.0,1048576.0,1.0,2.0,2097152.0,12582912.0,0.1666666666666666,1.0,0.5,0.5,0.0,0.0,1.0,15.75,6.8,0.0,0.000195,3.12272,6.244556028078085e-05,0
1.0,1048576.0,1.0,2.0,2097152.0,12582912.0,0.1666666666666666,1.0,0.5,0.5,1.0,0.0,1.0,15.75,6.8,0.0,0.0599186285714285,3.30188,0.0181468219836664,0
1.0,1048576.0,1.0,2.0,2097152.0,12582912.0,0.1666666666666666,1.0,0.25,0.25,0.0,0.0,1.0,15.75,6.8,0.0,0.0599186285714285,3.66016,0.0163704943421677,0
1.0,1048576.0,1.0,2.0,2097152.0,12582912.0,0.1666666666666666,1.0,0.25,0.25,1.0,0.0,1.0,15.75,6.8,0.0,0.0599186285714285,4.184559999999999,0.0143189794318706,0
1.0,1048576.0,1.0,4.0,4194304.0,12582912.0,0.3333333333333333,1.0,1.0,1.0,0.0,0.0,1.0,15.75,6.8,0.0,0.1198372571428571,2.9504,0.0406172916021072,0
1.0,1048576.0,1.0,4.0,4194304.0,12582912.0,0.3333333333333333,1.0,1.0,1.0,1.0,0.0,1.0,15.75,6.8,0.0,0.1198372571428571,2.6479600000000003,0.0452564453930033,0
1.0,1048576.0,1.0,4.0,4194304.0,12582912.0,0.3333333333333333,1.0,0.5,0.5,0.0,0.0,1.0,15.75,6.8,0.0,0.1198372571428571,2.7944400000000003,0.0428841761293343,0
1.0,1048576.0,1.0,4.0,4194304.0,12582912.0,0.3333333333333333,1.0,0.5,0.5,1.0,0.0,1.0,15.75,6.8,0.0,0.1198372571428571,3.31876,0.0361090458914947,0
1.0,1048576.0,1.0,4.0,4194304.0,12582912.0,0.3333333333333333,1.0,0.25,0.25,0.0,0.0,1.0,15.75,6.8,0.0,0.1198372571428571,3.3137600000000003,0.03616352938742,0
1.0,1048576.0,1.0,4.0,4194304.0,12582912.0,0.3333333333333333,1.0,0.25,0.25,1.0,0.0,1.0,15.75,6.8,0.0,0.1198372571428571,4.20052,0.0285291480918689,0
1.0,1048576.0,1.0,8.0,8388608.0,12582912.0,0.6666666666666666,1.0,1.0,1.0,0.0,0.0,1.0,15.75,6.8,0.0,0.2396745142857143,2.60392,0.0920437318679968,0
1.0,1048576.0,1.0,8.0,8388608.0,12582912.0,0.6666666666666666,1.0,1.0,1.0,1.0,0.0,1.0,15.75,6.8,0.0,0.2396745142857143,2.61228,0.0917491671205668,0
1.0,1048576.0,1.0,8.0,8388608.0,12582912.0,0.6666666666666666,1.0,0.5,0.5,0.0,0.0,1.0,15.75,6.8,0.0,0.2396745142857143,2.80948,0.0853092082113822,0
1.0,1048576.0,1.0,8.0,8388608.0,12582912.0,0.6666666666666666,1.0,0.5,0.5,1.0,0.0,1.0,15.75,6.8,0.0,0.2396745142857143,3.09968,0.0773223411080222,0
1.0,1048576.0,1.0,8.0,8388608.0,12582912.0,0.6666666666666666,1.0,0.25,0.25,0.0,0.0,1.0,15.75,6.8,0.0,0.2396745142857143,3.7196,0.064435561427496,0
1.0,1048576.0,1.0,8.0,8388608.0,12582912.0,0.6666666666666666,1.0,0.25,0.25,1.0,0.0,1.0,15.75,6.8,0.0,0.2396745142857143,4.1706,0.0574676339820923,0
1.0,1048576.0,1.0,16.0,16777216.0,12582912.0,1.3333333333333333,1.0,1.0,1.0,0.0,0.0,1.0,15.75,6.8,0.0,0.4793490285714286,3.02532,0.1584457275830089,0
1.0,1048576.0,1.0,16.0,16777216.0,12582912.0,1.3333333333333333,1.0,1.0,1.0,1.0,0.0,1.0,15.75,6.8,0.0,0.4793490285714286,2.62692,0.1824756858113032,0
1.0,1048576.0,1.0,16.0,16777216.0,12582912.0,1.3333333333333333,1.0,0.5,0.5,0.0,0.0,1.0,15.75,6.8,0.0,0.4793490285714286,3.1546000000000003,0.1519523960474952,0
1.0,1048576.0,1.0,16.0,16777216.0,12582912.0,1.3333333333333333,1.0,0.5,0.5,1.0,0.0,1.0,15.75,6.8,0.0,0.000195,3.3107200000000003,5.889957471486564e-05,0
1.0,1048576.0,1.0,16.0,16777216.0,12582912.0,1.3333333333333333,1.0,0.25,0.25,0.0,0.0,1.0,15.75,6.8,0.0,0.4793490285714286,3.6762,0.1303925326618324,0
1.0,1048576.0,1.0,16.0,16777216.0,12582912.0,1.3333333333333333,1.0,0.25,0.25,1.0,0.0,1.0,15.75,6.8,0.0,0.4793490285714286,4.20616,0.1139635745124837,0
1.0,1048576.0,1.0,32.0,33554432.0,12582912.0,2.6666666666666665,1.0,1.0,1.0,0.0,0.0,1.0,15.75,6.8,0.0,0.000195,2.63272,7.406788416542587e-05,0
1.0,1048576.0,1.0,32.0,33554432.0,12582912.0,2.6666666666666665,1.0,1.0,1.0,1.0,0.0,1.0,15.75,6.8,0.0,0.9586980571428572,2.63224,0.3642137712149565,0
1.0,1048576.0,1.0,32.0,33554432.0,12582912.0,2.6666666666666665,1.0,0.5,0.5,0.0,0.0,1.0,15.75,6.8,0.0,0.000195,3.16884,6.153671375014201e-05,0
1.0,1048576.0,1.0,32.0,33554432.0,12582912.0,2.6666666666666665,1.0,0.5,0.5,1.0,0.0,1.0,15.75,6.8,0.0,0.9586980571428572,2.9791199999999995,0.3218057873274179,0
1.0,1048576.0,1.0,32.0,33554432.0,12582912.0,2.6666666666666665,1.0,0.25,0.25,0.0,0.0,1.0,15.75,6.8,0.0,0.9586980571428572,3.64176,0.2632513007839224,0
1.0,1048576.0,1.0,32.0,33554432.0,12582912.0,2.6666666666666665,1.0,0.25,0.25,1.0,0.0,1.0,15.75,6.8,0.0,0.9586980571428572,4.30176,0.2228618186841797,0
1.0,2097152.0,1.0,1.0,2097152.0,25165824.0,0.0833333333333333,1.0,1.0,1.0,0.0,0.0,1.0,15.75,6.8,0.0,0.0599186285714285,4.62052,0.0129679405286479,0
1.0,2097152.0,1.0,1.0,2097152.0,25165824.0,0.0833333333333333,1.0,1.0,1.0,1.0,0.0,1.0,15.75,6.8,0.0,0.0599186285714285,5.18764,0.0115502672836643,0
1.0,2097152.0,1.0,1.0,2097152.0,25165824.0,0.0833333333333333,1.0,0.5,0.5,0.0,0.0,1.0,15.75,6.8,0.0,0.0599186285714285,5.83568,0.0102676343753304,0
1.0,2097152.0,1.0,1.0,2097152.0,25165824.0,0.0833333333333333,1.0,0.5,0.5,1.0,0.0,1.0,15.75,6.8,0.0,0.0599186285714285,5.21088,0.0114987542548338,0
1.0,2097152.0,1.0,1.0,2097152.0,25165824.0,0.0833333333333333,1.0,0.25,0.25,0.0,0.0,1.0,15.75,6.8,0.0,0.0599186285714285,6.11444,0.0097995284231145,0
1.0,2097152.0,1.0,1.0,2097152.0,25165824.0,0.0833333333333333,1.0,0.25,0.25,1.0,0.0,1.0,15.75,6.8,0.0,0.0599186285714285,6.5948,0.0090857385472536,0
1.0,2097152.0,1.0,2.0,4194304.0,25165824.0,0.1666666666666666,1.0,1.0,1.0,0.0,0.0,1.0,15.75,6.8,0.0,0.000195,4.916440000000001,3.966284547355403e-05,0
1.0,2097152.0,1.0,2.0,4194304.0,25165824.0,0.1666666666666666,1.0,1.0,1.0,1.0,0.0,1.0,15.75,6.8,0.0,0.1198372571428571,4.81988,0.0248631204807707,0
1.0,2097152.0,1.0,2.0,4194304.0,25165824.0,0.1666666666666666,1.0,0.5,0.5,0.0,0.0,1.0,15.75,6.8,0.0,0.1198372571428571,6.2112,0.0192937366600426,0
1.0,2097152.0,1.0,2.0,4194304.0,25165824.0,0.1666666666666666,1.0,0.5,0.5,1.0,0.0,1.0,15.75,6.8,0.0,0.1198372571428571,5.00908,0.023924005434702,0
1.0,2097152.0,1.0,2.0,4194304.0,25165824.0,0.1666666666666666,1.0,0.25,0.25,0.0,0.0,1.0,15.75,6.8,0.0,0.1198372571428571,6.3104,0.018990437554332,0
1.0,2097152.0,1.0,2.0,4194304.0,25165824.0,0.1666666666666666,1.0,0.25,0.25,1.0,0.0,1.0,15.75,6.8,0.0,0.1198372571428571,5.8180000000000005,0.0205976722486863,0
1.0,2097152.0,1.0,4.0,8388608.0,25165824.0,0.3333333333333333,1.0,1.0,1.0,0.0,0.0,1.0,15.75,6.8,0.0,0.2396745142857143,4.99888,0.0479456426811034,0
1.0,2097152.0,1.0,4.0,8388608.0,25165824.0,0.3333333333333333,1.0,1.0,1.0,1.0,0.0,1.0,15.75,6.8,0.0,0.2396745142857143,3.98972,0.0600730162231219,0
1.0,2097152.0,1.0,4.0,8388608.0,25165824.0,0.3333333333333333,1.0,0.5,0.5,0.0,0.0,1.0,15.75,6.8,0.0,0.2396745142857143,5.419560000000001,0.0442239802282314,0
1.0,2097152.0,1.0,4.0,8388608.0,25165824.0,0.3333333333333333,1.0,0.5,0.5,1.0,0.0,1.0,15.75,6.8,0.0,0.000195,4.35812,4.474406395418208e-05,0
1.0,2097152.0,1.0,4.0,8388608.0,25165824.0,0.3333333333333333,1.0,0.25,0.25,0.0,0.0,1.0,15.75,6.8,0.0,0.2396745142857143,5.72608,0.0418566478787782,0
1.0,2097152.0,1.0,4.0,8388608.0,25165824.0,0.3333333333333333,1.0,0.25,0.25,1.0,0.0,1.0,15.75,6.8,0.0,0.2396745142857143,5.555720000000001,0.0431401356234141,0
1.0,2097152.0,1.0,8.0,16777216.0,25165824.0,0.6666666666666666,1.0,1.0,1.0,0.0,0.0,1.0,15.75,6.8,0.0,0.4793490285714286,4.26256,0.1124556671510614,0
1.0,2097152.0,1.0,8.0,16777216.0,25165824.0,0.6666666666666666,1.0,1.0,1.0,1.0,0.0,1.0,15.75,6.8,0.0,0.4793490285714286,4.48696,0.1068315805292288,0
1.0,2097152.0,1.0,8.0,16777216.0,25165824.0,0.6666666666666666,1.0,0.5,0.5,0.0,0.0,1.0,15.75,6.8,0.0,0.4793490285714286,5.38824,0.0889620782614413,0
1.0,2097152.0,1.0,8.0,16777216.0,25165824.0,0.6666666666666666,1.0,0.5,0.5,1.0,0.0,1.0,15.75,6.8,0.0,0.000195,4.31396,4.520208810466486e-05,0
1.0,2097152.0,1.0,8.0,16777216.0,25165824.0,0.6666666666666666,1.0,0.25,0.25,0.0,0.0,1.0,15.75,6.8,0.0,0.4793490285714286,5.560079999999999,0.0862126135903491,0
1.0,2097152.0,1.0,8.0,16777216.0,25165824.0,0.6666666666666666,1.0,0.25,0.25,1.0,0.0,1.0,15.75,6.8,0.0,0.4793490285714286,5.644839999999999,0.0849180895422064,0
1.0,2097152.0,1.0,16.0,33554432.0,25165824.0,1.3333333333333333,1.0,1.0,1.0,0.0,0.0,1.0,15.75,6.8,0.0,0.9586980571428572,4.30396,0.2227479012683336,0
1.0,2097152.0,1.0,16.0,33554432.0,25165824.0,1.3333333333333333,1.0,1.0,1.0,1.0,0.0,1.0,15.75,6.8,0.0,0.9586980571428572,3.98644,0.2404897746216818,0
1.0,2097152.0,1.0,16.0,33554432.0,25165824.0,1.3333333333333333,1.0,0.5,0.5,0.0,0.0,1.0,15.75,6.8,0.0,0.9586980571428572,5.6142,0.1707630752632355,0
1.0,2097152.0,1.0,16.0,33554432.0,25165824.0,1.3333333333333333,1.0,0.5,0.5,1.0,0.0,1.0,15.75,6.8,0.0,0.9586980571428572,4.361680000000001,0.2198001818434312,0
1.0,2097152.0,1.0,16.0,33554432.0,25165824.0,1.3333333333333333,1.0,0.25,0.25,0.0,0.0,1.0,15.75,6.8,0.0,0.9586980571428572,5.55696,0.1725220367148327,0
1.0,2097152.0,1.0,16.0,33554432.0,25165824.0,1.3333333333333333,1.0,0.25,0.25,1.0,0.0,1.0,15.75,6.8,0.0,0.9586980571428572,5.561160000000001,0.1723917414968921,0
1.0,2097152.0,1.0,32.0,67108864.0,25165824.0,2.6666666666666665,1.0,1.0,1.0,0.0,0.0,1.0,15.75,6.8,0.0,0.000195,4.46356,4.368710177526458e-05,0
1.0,2097152.0,1.0,32.0,67108864.0,25165824.0,2.6666666666666665,1.0,1.0,1.0,1.0,0.0,1.0,15.75,6.8,0.0,1.9173961142857143,4.32932,0.4428862071377755,0
1.0,2097152.0,1.0,32.0,67108864.0,25165824.0,2.6666666666666665,1.0,0.5,0.5,0.0,0.0,1.0,15.75,6.8,0.0,1.9173961142857143,5.72632,0.3348391487527267,0
1.0,2097152.0,1.0,32.0,67108864.0,25165824.0,2.6666666666666665,1.0,0.5,0.5,1.0,0.0,1.0,15.75,6.8,0.0,1.9173961142857143,4.3824000000000005,0.4375219318833776,0
1.0,2097152.0,1.0,32.0,67108864.0,25165824.0,2.6666666666666665,1.0,0.25,0.25,0.0,0.0,1.0,15.75,6.8,0.0,1.9173961142857143,5.60232,0.3422503738247216,0
1.0,2097152.0,1.0,32.0,67108864.0,25165824.0,2.6666666666666665,1.0,0.25,0.25,1.0,0.0,1.0,15.75,6.8,0.0,1.9173961142857143,5.70192,0.3362720126353428,0
